feature_000,feature_001,feature_002,feature_003,feature_004,feature_005,feature_006,feature_007,feature_008,feature_009,feature_010,feature_011,feature_012,feature_013,feature_014,feature_015,feature_016,feature_017,feature_018,feature_019,feature_020,feature_021,feature_022,feature_023,feature_024,feature_025,feature_026,feature_027,feature_028,feature_029,feature_030,feature_031,feature_032,feature_033,feature_034,feature_035,feature_036,feature_037,feature_038,feature_039,feature_040,feature_041,feature_042,feature_043,feature_044,feature_045,feature_046,feature_047,feature_048,feature_049,feature_050,feature_051,feature_052,feature_053,feature_054,feature_055,feature_056,feature_057,feature_058,feature_059,feature_060,feature_061,feature_062,feature_063,feature_064,feature_065,feature_066,feature_067,feature_068,feature_069,feature_070,feature_071,feature_072,feature_073,feature_074,feature_075,feature_076,feature_077,feature_078,feature_079,feature_080,feature_081,feature_082,feature_083,feature_084,feature_085,feature_086,feature_087,feature_088,feature_089,feature_090,feature_091,feature_092,feature_093,feature_094,feature_095,feature_096,feature_097,feature_098,feature_099,feature_100,feature_101,feature_102,feature_103,feature_104,feature_105,feature_106,feature_107,feature_108,feature_109,feature_110,feature_111,feature_112,feature_113,feature_114,feature_115,feature_116,feature_117,feature_118,feature_119,feature_120,feature_121,feature_122,feature_123,feature_124,feature_125,feature_126,feature_127,feature_128,feature_129,feature_130,feature_131,feature_132,feature_133,feature_134,feature_135,feature_136,feature_137,label
0.32850727,0.19267893,0.30156904,0.1388977,0.8550537,0.818739,139.29507,142.69408,145.45557,136.97821,1.505089,0.47490835,0.9995164,1.2741083,1.0555108,0.022674045,0.017742975,0.026065428,0.024658587,0.07398388,0.051090483,10.039465,5.4598894,12.595077,7.5685077,0.1405027,0.0113323685,0.0520125,0.092194535,0.029227728,0.29171684,0.16447175,0.26313007,0.08544517,0.7461262,0.7422336,120.16124,129.37175,120.0267,120.805145,1.2672318,0.46046627,0.9389226,1.1125214,1.0228848,0.35190305,0.22115876,0.33296674,0.16921,0.9663604,0.90561575,153.29727,152.63306,169.26517,151.40402,1.7005938,0.5023248,1.0875223,1.3853546,1.1199663,0.060186207,0.056687012,0.069836676,0.08376483,0.22023422,0.16338217,33.136032,23.261307,49.238464,30.598877,0.433362,0.041858554,0.14859968,0.27283323,0.09708142,0.002336494,0.0023340676,0.0027513287,0.014224407,0.010835576,0.011633544,2.8206782,2.6713188,7.686335,4.377107,0.029394034,0.002135247,0.0060893213,0.027220583,0.0076817395,0.0026916217,0.0023889756,0.0028591992,0.020532427,0.014719143,0.015147961,4.1428223,4.0217705,9.727025,5.5789194,0.037395407,0.0026364648,0.00790201,0.0354732,0.012305677,0.008287162,0.007793069,0.008841664,0.062424622,0.05008197,0.044443488,12.397491,11.960098,22.581177,11.19133,0.08706927,0.008073986,0.027340889,0.09201944,0.046001792,0.06775832,0.06768796,0.079788536,0.4125078,0.3142317,0.33737278,81.79967,77.46825,222.90372,126.93611,0.852427,0.061922163,0.17659032,0.7893969,0.22277045,1.1781385,3.067575,22.581177,SITTING
0.28198725,0.16215973,0.26243028,0.13947956,0.75562036,0.73056024,154.58287,144.66054,117.901245,138.46149,1.2476093,0.51521295,0.9475486,1.1258863,1.0336732,0.002492317,0.0011707227,0.003776885,0.007947357,0.014304964,0.006565346,0.83149076,1.6837735,9.523097,4.345947,0.0342884,0.0039337613,0.0057906914,0.025929505,0.008590104,0.27732354,0.16075435,0.2560246,0.13191792,0.7351991,0.719555,153.09225,142.62889,101.73845,128.28328,1.178126,0.5055002,0.9404885,1.0838041,1.0200274,0.28742224,0.16415182,0.26717758,0.16075796,0.7814701,0.7430541,155.71832,148.58759,134.64009,145.97641,1.2976912,0.5190348,0.9555787,1.1817894,1.0466275,0.010098696,0.0033974648,0.011152983,0.028840035,0.046271026,0.023499072,2.626068,5.9586945,32.90164,17.69313,0.11956525,0.0135346055,0.0150901675,0.09798527,0.026600122,0.0006144458,0.00031353688,0.0010427863,0.002090343,0.0025308852,0.0019147807,0.36749846,0.38492662,4.2246647,1.9790797,0.011455388,0.00054254616,0.0005889946,0.011007091,0.0012676757,0.0007688154,0.00044507522,0.0013593275,0.0032926954,0.0029371812,0.002887239,0.48779207,0.55272824,5.313731,2.5809643,0.01502189,0.0006124805,0.00081669027,0.013572389,0.0016121622,0.0016849339,0.0011305213,0.0036803186,0.013960794,0.006743908,0.010415852,1.1800842,1.7308655,11.980324,5.838135,0.04444623,0.0018161535,0.00398463,0.029318571,0.0047718287,0.017818928,0.009092569,0.030240804,0.06061995,0.07339567,0.05552864,10.657455,11.162872,122.515274,57.39331,0.33220625,0.015733838,0.017080843,0.31920564,0.036762595,0.46596918,1.4666578,11.980324,SITTING
0.2873275,0.16375546,0.26847297,0.14708835,0.76479876,0.7441388,154.95412,143.72331,145.9544,149.13823,1.3183953,0.5136171,0.9515846,1.1854359,1.0374969,0.0017497118,0.00045259314,0.0016491866,0.004295881,0.010230414,0.0026483233,0.6250372,0.34555843,7.7633076,4.7476435,0.020798562,0.0012586028,0.0011779541,0.022401894,0.0059532514,0.28343576,0.1629002,0.26438883,0.13612497,0.75256217,0.7378768,153.54065,143.02573,128.96124,135.09833,1.2720332,0.51215386,0.95011485,1.149627,1.0304865,0.28922972,0.16484909,0.27064028,0.15319917,0.7908463,0.7487773,155.99426,144.50209,158.24924,155.06834,1.350363,0.5165509,0.95444167,1.22065,1.054675,0.005793959,0.0019488931,0.0062514544,0.017074198,0.038284123,0.010900497,2.4536133,1.4763641,29.287994,19.970016,0.0783298,0.0043970346,0.0043268204,0.07102299,0.024188519,0.00026520778,0.00023267906,0.0006383103,0.0028069909,0.0035982912,0.0016906036,0.42756706,0.23318797,4.20097,2.7510035,0.010675755,0.00018851717,0.00037545993,0.012554596,0.0023410155,0.0002910221,0.00028746456,0.0009673433,0.003725869,0.0057725157,0.0023624862,0.59894127,0.3246198,5.576447,3.8453128,0.014376215,0.00022750278,0.00053250813,0.01736748,0.0033135798,0.0008200705,0.0006840527,0.0034229457,0.009897485,0.022727728,0.0055614114,1.8844299,0.95718384,14.589157,9.834915,0.032800555,0.00073575974,0.0012893677,0.041739106,0.010687947,0.0076910257,0.006747693,0.018510997,0.081402734,0.10435045,0.049027503,12.399445,6.762451,121.82814,79.7791,0.3095969,0.0054669976,0.010888338,0.3640833,0.06788945,0.5098731,1.6843977,14.589157,SITTING
0.28911057,0.16430393,0.2669786,0.14717016,0.76804996,0.7426328,154.7086,143.96164,145.09373,146.59735,1.3090763,0.5119193,0.9532212,1.1842712,1.0391225,0.00030064068,0.0006075284,0.0015203673,0.003927148,0.008156187,0.0025907857,0.76696634,0.37330517,9.336014,5.6930814,0.023962146,0.0004546601,0.0012076767,0.027793923,0.0049609616,0.2883394,0.1633703,0.26423424,0.14051086,0.75353396,0.7371931,152.02516,143.38705,125.000374,137.02223,1.2694024,0.5109165,0.95118105,1.1292188,1.0312161,0.28974718,0.16565396,0.26894775,0.15529211,0.7860644,0.7467052,155.95668,144.87692,159.49411,156.30008,1.3528202,0.5126953,0.9553558,1.2277375,1.0517855,0.0014077723,0.0022836626,0.0047135055,0.014781252,0.032530427,0.009512067,3.9315186,1.4898682,34.493736,19.277847,0.08341777,0.001778841,0.004174769,0.09851873,0.020569324,0.00015644472,0.00031071284,0.0004434113,0.0029175214,0.004423524,0.001131216,0.56404006,0.20172697,5.7011857,2.6070313,0.014791542,0.00014106158,0.00043942805,0.019689938,0.00259882,0.00021779657,0.00044841584,0.00056115794,0.0036525195,0.006082087,0.0016963719,0.6725493,0.2668627,7.8169827,3.6092448,0.021792088,0.00019549343,0.0006074343,0.026963023,0.0038429047,0.0005736351,0.0014262795,0.0017800629,0.0075894445,0.022402823,0.006178975,1.593216,0.8444061,21.156586,10.270309,0.06751394,0.00050503016,0.0015785694,0.072826624,0.014921784,0.004536897,0.009010673,0.012858927,0.08460812,0.12828219,0.032805264,16.357162,5.8500824,165.33438,75.60391,0.42895472,0.004090786,0.012743413,0.5710082,0.07536578,0.6080685,2.1489265,21.156586,SITTING
0.2887139,0.16406114,0.26844397,0.14487845,0.7740156,0.743568,154.92146,143.62115,146.1663,149.18294,1.3263607,0.51322734,0.95466816,1.1967971,1.0422226,0.00055006024,0.00084578356,0.0015330093,0.0032562565,0.0116766775,0.0038226368,1.1006886,0.30813003,7.8542724,4.2670674,0.020313662,0.0005407045,0.0028698146,0.026748532,0.0063704895,0.28781474,0.16208006,0.2659313,0.13782217,0.7592869,0.73645455,152.38774,143.02702,125.85625,140.33063,1.2750722,0.51215696,0.9483621,1.1376228,1.032831,0.29015735,0.16527736,0.27079475,0.15022406,0.7937695,0.75113064,157.12425,144.11931,162.4869,155.88672,1.3840363,0.5141134,0.9609095,1.2698495,1.0533577,0.0023426116,0.0031972975,0.004863441,0.012401894,0.0344826,0.014676094,4.736511,1.0922852,36.630646,15.556091,0.108964086,0.0019564629,0.012547374,0.1322267,0.020526767,0.00018281362,0.00041108349,0.0006381304,0.0022512998,0.003731187,0.0013805936,0.5207814,0.17512092,5.8243036,2.483341,0.01206763,0.0002711148,0.0012613165,0.018419273,0.0021636158,0.00023023081,0.0005501597,0.0008593482,0.0027121971,0.0057859896,0.0018141377,0.61050457,0.25166523,7.961409,3.3432913,0.01823637,0.00038610437,0.001944637,0.0256731,0.0031425918,0.00083729625,0.0015672296,0.0024221241,0.0059074312,0.022612214,0.004439652,1.2393646,0.6719818,20.255722,9.789413,0.050578356,0.0011324286,0.0065203905,0.062365532,0.01164186,0.0053015947,0.011921421,0.018505782,0.065287694,0.108204424,0.040037215,15.102661,5.0785065,168.9048,72.01689,0.34996128,0.0078623295,0.03657818,0.53415895,0.062744856,0.6030883,2.1537397,20.255722,SITTING
0.28812662,0.1633247,0.26563492,0.14744192,0.7654284,0.7385569,154.99449,143.46886,150.1043,147.07126,1.3225824,0.5132945,0.95102537,1.2001437,1.038444,0.00046630687,0.0005287554,0.0008342913,0.0040029176,0.0041372185,0.0022550907,0.79019505,0.35479784,6.424272,4.9707236,0.021435428,0.00042067506,0.0023933556,0.022454087,0.0023063193,0.28738362,0.16221543,0.26438355,0.14211522,0.75716656,0.7353792,153.68933,142.35553,138.36758,136.94049,1.2774847,0.5125998,0.9481027,1.1631092,1.0332484,0.28906292,0.16417363,0.2684779,0.16064669,0.7720785,0.7419831,157.15831,144.1546,163.24625,157.67316,1.3563197,0.5140263,0.9547041,1.2447157,1.0429053,0.0016793013,0.0019582063,0.0040943325,0.018531471,0.01491195,0.0066038966,3.468979,1.7990723,24.878662,20.732666,0.07883501,0.0014264584,0.006601393,0.08160651,0.009656906,0.00018024548,0.0002524303,0.00037975865,0.0033067763,0.0035597128,0.00091341446,0.6358501,0.25584623,4.9807944,3.114103,0.010639503,0.0001184447,0.00043201036,0.015753072,0.0020488296,0.00025060648,0.00031729965,0.0005558964,0.0042682937,0.0042653796,0.001238992,0.78606063,0.3390982,6.491753,4.387329,0.01701382,0.00017356126,0.0006726544,0.022701541,0.002561503,0.0006774962,0.00077956915,0.0016703606,0.0118604,0.010076225,0.0031547546,1.8005219,0.93592834,13.988846,11.775436,0.064002514,0.0004965067,0.00239861,0.06794298,0.0068967342,0.0052271187,0.0073204786,0.011013001,0.09589651,0.10323167,0.02648902,18.439651,7.4195404,144.44304,90.30899,0.3085456,0.0034348965,0.0125283,0.45683908,0.059416056,0.6016119,1.950739,13.988846,SITTING
0.287663,0.16343269,0.2659389,0.149587,0.76374954,0.7398037,155.10423,143.79196,153.03596,148.26968,1.3209575,0.51353014,0.95219725,1.2062205,1.037767,0.00064849795,0.0005475327,0.001155743,0.0036410745,0.0060408213,0.0024691785,0.83216625,0.3363848,5.702936,4.4107666,0.025509706,0.00041795467,0.0015184943,0.021249486,0.0032963122,0.2866283,0.16227639,0.26423496,0.14347012,0.75234365,0.73551714,153.21014,142.99756,143.0524,137.5716,1.2706058,0.51292837,0.94812155,1.1657386,1.0307426,0.28925493,0.1641514,0.26873103,0.15802832,0.77644277,0.7467544,156.58836,144.3579,159.7372,154.58923,1.3629626,0.51419586,0.9541963,1.2348095,1.0449187,0.0026266277,0.0018750131,0.0044960678,0.014558196,0.024099112,0.011237264,3.3782196,1.3603363,16.6848,17.01764,0.0923568,0.0012674928,0.0060747266,0.069070935,0.014176011,0.00020337105,0.00017451418,0.00050890754,0.003335925,0.0040105213,0.0013788198,0.665621,0.20732537,2.187466,1.7949892,0.008609488,0.00011736771,0.0006223568,0.008942546,0.0022667358,0.00028614982,0.00024207319,0.00074132,0.0038487588,0.005587369,0.0017079851,0.787767,0.24636208,3.09542,2.1493974,0.012184701,0.00015263917,0.0008794602,0.013193132,0.003177914,0.00083327293,0.00073483586,0.0022827983,0.006986961,0.013800025,0.003875196,1.832428,0.57310486,7.598068,4.9960785,0.031465173,0.00039207935,0.0027341843,0.037042618,0.008004069,0.0058977604,0.005060911,0.014758319,0.096741825,0.11630511,0.039985776,19.303009,6.012436,63.43651,52.054688,0.24967515,0.0034036636,0.018048346,0.25933385,0.06573534,0.32570478,0.95385695,7.598068,SITTING
0.28744945,0.1641809,0.26649392,0.14945123,0.76876134,0.7404448,155.24298,143.89267,153.81276,148.22731,1.3319601,0.51330817,0.9516986,1.2151482,1.0397041,0.0003873456,0.00046676092,0.0010097389,0.005426079,0.0083357245,0.0029414035,1.0577227,0.43916824,5.826409,6.0740304,0.017655889,0.0002935614,0.0019477322,0.020361783,0.0053476775,0.28691676,0.16325389,0.2653371,0.14063983,0.7577482,0.7356891,153.51337,143.18945,140.33263,135.74303,1.2927641,0.51255184,0.94867826,1.1744597,1.0322777,0.2883733,0.16498002,0.26847816,0.1570062,0.78928727,0.7469031,156.79523,144.64085,161.43004,161.75662,1.3592418,0.51370883,0.95573986,1.2387235,1.053474,0.0014565289,0.0017261356,0.0031410456,0.016366377,0.031539083,0.011214018,3.2818604,1.4514008,21.097412,26.013596,0.066477776,0.0011569858,0.0070616007,0.06426382,0.021196246,0.00010567801,0.00024423414,0.00024321779,0.0021596586,0.0044165356,0.0014322709,0.4602677,0.14324531,3.03098,3.6606872,0.00871808,0.000118259726,0.00056903117,0.009322109,0.0026905455,0.00013947138,0.0002961898,0.00030900445,0.002925576,0.006156456,0.0019532482,0.59731895,0.18835919,4.5626874,4.627526,0.013523926,0.00017790188,0.00094323716,0.015516211,0.0036194467,0.00043800473,0.00069426,0.0007959604,0.008254394,0.017573774,0.0049319267,1.6148071,0.5108185,17.317627,14.108383,0.04818964,0.0005143881,0.0036911368,0.0527246,0.01042223,0.0030646622,0.00708279,0.0070533156,0.0626301,0.12807953,0.041535854,13.347763,4.154114,87.89842,106.15993,0.2528243,0.003429532,0.016501904,0.27034116,0.07802582,0.48834664,1.6136898,17.317627,SITTING
0.28800696,0.16311103,0.2670689,0.14913057,0.7687006,0.74103755,155.63428,144.2795,154.92654,150.54462,1.3300099,0.51431066,0.9537222,1.2179111,1.0404948,0.00027762857,0.00066678494,0.0007402177,0.0062525347,0.0065207216,0.0031959256,1.0114746,0.8837361,3.4498718,4.3361964,0.013105303,0.0005425086,0.0011144818,0.01616412,0.0043149735,0.2874525,0.16225918,0.2652855,0.13880245,0.7581686,0.73309374,153.72397,143.22455,147.12088,142.05367,1.3008224,0.5131703,0.9516125,1.1801513,1.0312431,0.28843087,0.16458717,0.26825956,0.16598326,0.7809482,0.7500745,158.26009,145.56879,160.843,158.70248,1.3529184,0.51494616,0.9562521,1.247931,1.0495757,0.0009783804,0.0023279935,0.0029740632,0.027180806,0.022779644,0.016980767,4.5361176,2.3442383,13.722122,16.648819,0.05209601,0.0017758608,0.0046396255,0.06777966,0.0183326,0.00012908825,0.00018180444,0.00033577456,0.0027967445,0.003017586,0.0015104249,0.5501567,0.19344883,1.9633573,2.306729,0.007977666,0.00018494294,0.00049076614,0.009129899,0.0021793307,0.00017381184,0.0002487303,0.0004651419,0.003983087,0.004866258,0.0023874883,0.79790205,0.2787683,3.3256314,3.1351986,0.010899513,0.00030787263,0.00068076176,0.0153322,0.0031631843,0.000497967,0.000761196,0.0012423396,0.012589738,0.018405437,0.007549703,2.4113617,0.95721436,10.58934,9.098907,0.029686928,0.0009485483,0.001770556,0.043712974,0.009795904,0.0037435591,0.005272329,0.009737462,0.08110559,0.08750999,0.04380232,15.954544,5.610016,56.937363,66.89514,0.23135233,0.005363345,0.014232218,0.26476705,0.06320059,0.3361084,1.1629075,10.58934,SITTING
0.28751054,0.16326647,0.26536205,0.1493605,0.76387656,0.73739904,155.78825,143.5088,151.62404,146.11075,1.3226868,0.5138223,0.95389044,1.2086122,1.0375392,0.00049662543,0.0006900713,0.0010661435,0.004983453,0.006186587,0.0013208294,1.3391944,0.5387193,5.371418,5.519906,0.01763686,0.0008798217,0.0019044372,0.01920666,0.0032101294,0.2865988,0.1620165,0.26326463,0.14135508,0.7539928,0.73439676,153.43246,142.4255,130.7587,134.921,1.27667,0.5123981,0.9516879,1.1471161,1.0312092,0.28820255,0.16439085,0.267048,0.1573683,0.7759147,0.7403225,158.09682,144.4992,158.64766,158.43854,1.346411,0.5153018,0.9588325,1.2369444,1.0438083,0.0016037524,0.002374351,0.003783375,0.01601322,0.021921933,0.005925715,4.6643524,2.0737,27.888962,23.517532,0.06974101,0.0029036999,0.00714463,0.08982837,0.012599111,0.00017675039,0.00019686283,0.00037605804,0.0029345555,0.0034833304,0.0008690912,0.5643389,0.29669452,3.361806,2.9575195,0.009592838,0.00024103091,0.0005949098,0.011526079,0.002075257,0.00023326806,0.00023513136,0.00048092552,0.0035987138,0.004888807,0.0011385864,0.7654513,0.41306463,5.21822,4.1798635,0.014833498,0.00037619413,0.00089068763,0.018582959,0.00282978,0.000620842,0.0005219877,0.0011658072,0.0073958486,0.014014423,0.0024306774,2.4071655,1.0807495,18.033905,11.629974,0.05680704,0.0011657476,0.0033720732,0.06636441,0.007884622,0.005125761,0.0057090223,0.010905683,0.08510211,0.10101658,0.025203645,16.36583,8.604141,97.49237,85.76807,0.27819228,0.0069898963,0.017252386,0.3342563,0.060182452,0.48082837,1.6734601,18.033905,SITTING
0.2876819,0.16327375,0.2660373,0.14991136,0.7667593,0.7393606,155.27606,143.71822,151.9865,147.76877,1.3275877,0.51402724,0.9544201,1.2152276,1.0394857,0.0003584858,0.0006239387,0.00092620414,0.0021731711,0.008127777,0.0017750107,0.62430197,0.515693,7.330753,4.712163,0.016068246,0.00042503476,0.0010674731,0.020959772,0.0049265884,0.28642002,0.16123194,0.2646641,0.14562975,0.7543786,0.7344376,154.18251,142.43105,136.29456,137.15361,1.2884517,0.5134413,0.9520757,1.1634998,1.0334029,0.28805956,0.1644464,0.26941457,0.1545127,0.7897974,0.74249107,156.37238,144.51407,160.85182,156.95168,1.3531777,0.514856,0.9563433,1.2446432,1.0529379,0.001639545,0.0032144636,0.0047504604,0.008882955,0.03541881,0.008053482,2.189865,2.083023,24.557266,19.798065,0.064725995,0.0014146566,0.0042675734,0.08114338,0.019534945,0.0001077282,0.0003047488,0.00031327995,0.0015544604,0.004516129,0.00084708683,0.41742364,0.18240988,4.6388035,2.4005969,0.010273666,0.00010867571,0.00041967837,0.012837953,0.0024133755,0.00016965187,0.00042210706,0.000489656,0.0019808654,0.006343863,0.0013738385,0.5165564,0.24696195,6.928588,3.0276384,0.013094329,0.00016361549,0.0005661065,0.019093076,0.0033470988,0.0007150471,0.0015036166,0.0018215477,0.0048268735,0.017216146,0.0058648586,1.1724548,0.85554504,22.352066,8.360794,0.027149677,0.00048321486,0.0014119148,0.059025288,0.008855224,0.0031241179,0.008837715,0.009085119,0.04507935,0.13096774,0.024565518,12.105286,5.2898865,134.5253,69.61731,0.29793632,0.0031515956,0.012170672,0.37230062,0.06998789,0.5115287,1.8911852,22.352066,SITTING
0.2874874,0.16293669,0.266833,0.15187298,0.7664635,0.7378567,155.36534,143.58208,153.16142,147.70084,1.3262912,0.51413506,0.95493543,1.2116177,1.0375465,0.0004385321,0.0007021149,0.0012931708,0.004084575,0.006167947,0.0020638406,1.0181603,0.29697424,8.007288,4.6266947,0.022859655,0.000524181,0.0025412417,0.029215204,0.003649719,0.28633508,0.16120306,0.26520443,0.14090659,0.7568799,0.73454833,152.38135,142.91658,136.58679,141.38179,1.2807096,0.5133529,0.9504767,1.1590028,1.031167,0.28818387,0.16423391,0.26946017,0.1567176,0.7810912,0.7423966,157.2041,144.14696,165.49947,157.10606,1.377611,0.5149527,0.9593736,1.2704483,1.044745,0.0018487871,0.0030308515,0.004255742,0.015811011,0.024211287,0.007848263,4.822754,1.2303772,28.912674,15.724274,0.09690142,0.0015998483,0.008896887,0.111445546,0.013577938,0.0001611391,0.00027220312,0.00042775067,0.0024175274,0.0039290274,0.0008229449,0.61344963,0.1670527,5.0031366,2.3003545,0.016400201,0.00012694145,0.0008684397,0.020270858,0.0020601503,0.00023346029,0.00032468946,0.00054526114,0.003164565,0.005681281,0.001334454,0.8201177,0.21350141,7.899499,3.318301,0.021314815,0.00016818066,0.001345704,0.028604185,0.0030185322,0.00094372034,0.0007661581,0.0015672147,0.0073007345,0.019869804,0.0050207376,2.0399628,0.53201294,21.900818,11.901077,0.05083418,0.00045245886,0.0049951673,0.08120012,0.009949684,0.004673034,0.00789389,0.01240477,0.070108294,0.11394179,0.023865402,17.79004,4.844528,145.09096,66.71028,0.47560585,0.003681302,0.02518475,0.58785486,0.059744358,0.5421167,2.1592724,21.900818,SITTING
0.28811294,0.16428438,0.26588225,0.14841965,0.7696631,0.7404714,155.819,143.69907,151.55397,146.41669,1.3327937,0.5141648,0.9573124,1.2148055,1.0419971,0.0006329353,0.00043870157,0.00055310136,0.007304953,0.0059061963,0.0036623194,1.6983434,0.43477723,5.9919686,6.833752,0.021170288,0.0003216038,0.0036400743,0.021878906,0.004071621,0.28712147,0.1635008,0.264464,0.1323805,0.7598881,0.7353425,153.56306,142.7759,141.35,133.02617,1.292116,0.51334286,0.95376664,1.1722937,1.0350369,0.28894505,0.16568361,0.2665077,0.1599224,0.78356636,0.7482225,159.12589,144.33772,163.09259,162.27328,1.3702972,0.514806,0.96662134,1.2546674,1.0518975,0.0018235743,0.0021828115,0.0020436943,0.027541906,0.023678243,0.012879968,5.5628204,1.5618286,21.742584,29.247116,0.07818115,0.0014631152,0.012854695,0.08237374,0.016860604,0.00012092241,0.00029175138,0.00023273559,0.0031698588,0.0037312303,0.0013551548,0.50435615,0.24204911,3.5463789,3.8580012,0.010888503,0.00016129017,0.00094781455,0.011802229,0.0024880252,0.00016100697,0.0004384885,0.00029700669,0.004353686,0.0049134893,0.0019223689,0.69475746,0.31616014,5.062363,6.1282873,0.015104899,0.00022166604,0.0014853058,0.016515655,0.0031538175,0.00046631694,0.0011821836,0.0006338954,0.01091139,0.01159066,0.004636407,1.8263855,0.6979523,14.347015,24.498337,0.041926265,0.0005533099,0.0049057603,0.04394543,0.0062601566,0.0035067499,0.00846079,0.006749332,0.091925904,0.108205676,0.039299488,14.6263275,7.0194244,102.844986,111.882034,0.31576657,0.004677415,0.027486622,0.34226465,0.072152734,0.5457316,1.9895624,24.498337,SITTING
0.2887434,0.1639047,0.26644748,0.14836855,0.7710589,0.73977023,155.08746,143.59315,147.50266,144.92554,1.3229915,0.51432973,0.9554654,1.2009605,1.0421252,0.00028354014,0.0005244745,0.00095208664,0.003824394,0.01034819,0.0029080904,0.8383829,0.23926975,8.777582,4.7458434,0.023908459,0.00047215231,0.0017106553,0.028931564,0.005418287,0.28816515,0.1622134,0.264622,0.14044522,0.7540453,0.73456824,152.88141,143.09062,123.66498,136.00917,1.2531677,0.5133819,0.953423,1.1215553,1.0335112,0.28935364,0.16510694,0.26855433,0.15543655,0.7922192,0.7472352,156.79538,144.09093,158.47255,159.05986,1.3550675,0.5150156,0.9600905,1.2418898,1.0526601,0.0011884868,0.0028935373,0.003932327,0.014991328,0.038173914,0.012666941,3.913971,1.0003052,34.80757,23.05069,0.10189974,0.0016337037,0.006667495,0.120334506,0.019148946,0.00013213014,0.0002899206,0.00042141305,0.0025577638,0.0046992055,0.0015131173,0.4786214,0.17083582,6.942755,3.0827732,0.014048806,0.0002110621,0.00089992734,0.021553373,0.0029049001,0.00021373808,0.00042075035,0.0006504688,0.0033937597,0.006698122,0.0024429655,0.71287876,0.2046206,10.14947,4.22305,0.021810597,0.00032772063,0.0013261782,0.031397853,0.003822901,0.00067943335,0.0010712147,0.002425462,0.008803651,0.016908884,0.009856105,2.458313,0.42008972,26.245346,10.757141,0.0744822,0.0009602308,0.0036842823,0.08232367,0.007993102,0.003831774,0.008407697,0.012220979,0.07417515,0.13627696,0.043880403,13.88002,4.954239,201.3399,89.40042,0.4074154,0.006120801,0.026097894,0.6250478,0.084242105,0.7149479,2.7594194,26.245346,SITTING
0.28820008,0.16347735,0.26623592,0.15285751,0.7740724,0.7384884,156.6334,143.6022,150.84386,147.91837,1.3325162,0.5137036,0.9580007,1.2141628,1.0422472,0.00043205923,0.0010152126,0.0003616075,0.005049181,0.010210946,0.0013690346,1.2416561,0.5154878,5.6591597,4.741678,0.01977338,0.00033069024,0.002536697,0.021328602,0.0052871862,0.28778338,0.16185808,0.26554355,0.14487769,0.75840044,0.73622483,155.27452,142.3518,136.54149,141.47032,1.2863042,0.5131384,0.954262,1.1639324,1.0343292,0.2891042,0.165145,0.26700485,0.16683814,0.798026,0.74160147,160.27237,144.37378,160.84836,159.23895,1.3638787,0.51429504,0.9631034,1.2541583,1.0522039,0.0013208091,0.003286913,0.0014612973,0.021960452,0.039625585,0.005376637,4.9978485,2.0219727,24.30687,17.768631,0.07757449,0.0011566281,0.008841395,0.090225816,0.017874718,9.227621e-05,0.00030451498,0.00020640575,0.0027164323,0.0046907435,0.00085241836,0.62583184,0.2093811,4.2390385,3.4822052,0.010467402,0.00010789674,0.00070944533,0.014057689,0.0024258515,0.000121923506,0.0005197988,0.0002770966,0.003564461,0.0064298664,0.0014300174,0.8176786,0.30998552,5.504445,4.5858355,0.014496569,0.00013490459,0.0011128704,0.01898769,0.0031616199,0.00036236644,0.0021467507,0.0008174479,0.011307061,0.015271544,0.005209148,2.337616,0.9517212,17.039062,12.493179,0.046740532,0.00032949448,0.003523469,0.057147384,0.0073063374,0.0026760101,0.008830935,0.0059857666,0.07877654,0.13603157,0.024720132,18.149124,6.072052,122.93211,100.98395,0.30355465,0.0031290054,0.020573914,0.407673,0.07034969,0.5728725,1.7783782,17.039062,SITTING
0.28771752,0.16360226,0.26564562,0.14979757,0.7685282,0.73682785,155.47252,143.04433,149.2127,144.71962,1.3149108,0.51352996,0.95450205,1.1987607,1.0390991,0.0004725654,0.0005251546,0.00045554808,0.0048452993,0.010329197,0.0033586272,0.82887125,0.6903105,6.870803,3.576293,0.020086342,0.00046270477,0.0009297404,0.026701683,0.0072122277,0.2864598,0.16270293,0.26484385,0.14220095,0.75543547,0.73149025,154.28069,142.02747,128.34137,138.19115,1.2638061,0.51234615,0.9522259,1.1353848,1.0284348,0.28836754,0.16435759,0.26658982,0.15810695,0.78540134,0.7422537,157.83255,144.17757,157.45674,151.36084,1.3358339,0.51413536,0.9563308,1.2263509,1.0509658,0.0019077361,0.0016546547,0.001745969,0.015906006,0.029965878,0.010763466,3.5518646,2.1501007,29.115372,13.169693,0.0720278,0.0017892122,0.0041048527,0.090966105,0.022531033,0.0001500773,0.00019574988,0.00016828446,0.0023722844,0.0033824588,0.0009457798,0.5324528,0.2229893,2.6975524,2.0792677,0.0074555012,0.00018438388,0.00036450502,0.008910052,0.0021855955,0.00025094952,0.00025741037,0.00020463025,0.0028355096,0.0053867796,0.0017783663,0.65193063,0.27543005,5.4139404,2.9256878,0.012509314,0.00024277125,0.0005818219,0.017001605,0.003393879,0.0010238588,0.0006047785,0.00041094422,0.0066370666,0.015187144,0.00716722,1.3450775,0.6851349,21.052292,8.504791,0.042269707,0.00060635805,0.0022354722,0.061920166,0.011285663,0.0043522418,0.0056767464,0.0048802495,0.06879625,0.098091304,0.027427614,15.441132,6.46669,78.22902,60.298767,0.21620953,0.0053471327,0.010570645,0.2583915,0.06338227,0.3705718,1.5561135,21.052292,SITTING
0.2884904,0.1633954,0.26518723,0.15087542,0.76846987,0.7383563,155.3435,143.99805,154.23256,150.41385,1.330082,0.5130181,0.9542151,1.2178158,1.0400752,0.0004772171,0.00027510177,0.0005564471,0.004412226,0.012983383,0.002916619,0.9310581,0.4857075,4.2833443,3.473792,0.014461496,0.00036152278,0.0017033475,0.014604122,0.0077579557,0.28778136,0.16284573,0.2636958,0.14231946,0.75461817,0.7296239,154.14182,142.87433,138.66447,144.83237,1.2895613,0.5124066,0.95096797,1.1797802,1.0288112,0.28935584,0.16405952,0.2662461,0.16055715,0.7978384,0.7435247,157.2525,144.6834,163.12885,157.42975,1.3535326,0.5137112,0.9569146,1.2427733,1.0556585,0.0015744865,0.001213789,0.002550304,0.018237695,0.043220222,0.013900757,3.1106873,1.8090668,24.46437,12.597382,0.06397128,0.0013046265,0.005946636,0.06299305,0.026847243,0.00014550316,0.00018272009,0.0002814665,0.0027217546,0.006343338,0.0016818272,0.54695284,0.21907833,2.952392,2.2960248,0.008769405,0.00012117213,0.00058099115,0.009566101,0.0038713873,0.0002330293,0.0002466202,0.00038409902,0.0036970251,0.009909556,0.0022937506,0.7439568,0.28708428,4.9547834,3.186675,0.012788021,0.00016513477,0.00082249584,0.015142931,0.005555251,0.0008036792,0.0006572753,0.00091829896,0.014352053,0.029038548,0.005690992,2.4691467,0.78027344,16.990982,10.145187,0.04798615,0.00056809187,0.0028188229,0.050245404,0.014833093,0.0042195916,0.0052988827,0.008162528,0.078930885,0.1839568,0.04877299,15.861633,6.3532715,85.61937,66.58472,0.25431275,0.0035139918,0.016848743,0.27741694,0.112270236,0.40324757,1.483514,16.990982,SITTING
0.2891244,0.16394717,0.26429698,0.14927362,0.7639265,0.73974407,154.24185,144.24289,148.57353,146.76082,1.3254863,0.5130215,0.95157886,1.2015463,1.0397973,0.00031077946,0.00032457235,0.0018289905,0.006764468,0.009711967,0.006172448,1.1213061,0.39279136,8.596803,6.6160245,0.023656072,0.00086375454,0.0017072764,0.026659312,0.0067716995,0.2885724,0.16300726,0.26016292,0.13607304,0.75172436,0.72784996,151.46774,143.23378,127.74915,134.552,1.2738657,0.51168776,0.9485854,1.1441197,1.0297576,0.2897224,0.16456601,0.26710477,0.16297317,0.78260326,0.7467204,156.88142,144.75095,167.02916,159.60489,1.3777736,0.5146177,0.9546119,1.2641892,1.050992,0.001150012,0.0015587509,0.006941855,0.026900128,0.030878901,0.018870413,5.413681,1.5171661,39.280006,25.052887,0.10390794,0.002929926,0.0060265064,0.120069504,0.021234393,0.00013503329,0.00017935295,0.00049968937,0.0030053582,0.003409139,0.0013389711,0.6464423,0.18982302,5.367156,2.6005633,0.009975795,0.0002078969,0.0005458388,0.016119866,0.0020279349,0.0001942748,0.00030530448,0.00072229735,0.003708637,0.004682372,0.0021149544,0.89788175,0.25210035,7.2702107,3.6222882,0.013482581,0.00026779066,0.00086672656,0.022155682,0.002646167,0.0005633533,0.001041323,0.0024066567,0.008460179,0.012279749,0.006295383,2.3221893,0.6604767,17.751495,11.446793,0.032418013,0.00055891275,0.002848208,0.0508945,0.006162882,0.0039159656,0.0052012354,0.014490992,0.08715539,0.09886503,0.03883016,18.746826,5.5048676,155.64752,75.416336,0.28929806,0.00602901,0.015829325,0.46747613,0.058810115,0.58942866,2.0311558,17.751495,SITTING
0.28852835,0.16369191,0.26756173,0.14599705,0.7761096,0.7418159,155.8118,143.4754,147.87476,144.63878,1.3266923,0.51414543,0.95884365,1.2095789,1.0442327,0.00038291942,0.00043072508,0.0015540847,0.0043083257,0.006953399,0.0023562668,0.88514894,0.7211296,5.5909104,5.151759,0.023383172,0.00074185414,0.003063081,0.020042952,0.004961506,0.28801405,0.16286424,0.2643919,0.13560021,0.7623407,0.73383725,154.29865,141.69453,135.41037,133.13832,1.2506734,0.5125781,0.9533189,1.1532187,1.0350345,0.2892073,0.16459537,0.27025637,0.15111235,0.79300004,0.7464862,157.88673,144.3456,155.44778,153.31921,1.359013,0.51518035,0.96294665,1.2356175,1.0540719,0.0011932552,0.0017311275,0.005864471,0.015512139,0.030659318,0.01264894,3.588089,2.651062,20.037415,20.180893,0.10833955,0.0026022196,0.009627759,0.08239877,0.019037366,0.00014909999,0.00019096918,0.0004681318,0.00320359,0.0030818211,0.0011096001,0.62369245,0.3385178,3.8236864,3.4096143,0.0175965,0.00024913508,0.0010972208,0.01503373,0.0019349353,0.00021950857,0.00024743058,0.00070864917,0.003893411,0.004775771,0.0017494772,0.79100734,0.48466304,5.734911,4.5505886,0.023888862,0.00035467048,0.0016111039,0.022109,0.0028670558,0.00055617094,0.00075021386,0.002674073,0.00979057,0.016894996,0.0058131814,1.5383453,1.7259216,17.829239,10.043945,0.062434673,0.0011966825,0.003637135,0.053127885,0.010324597,0.0043238997,0.005538106,0.013575822,0.092904106,0.08937281,0.032178402,18.087082,9.817017,110.8869,98.878815,0.5102985,0.0072249174,0.031819403,0.43597817,0.056113124,0.54930836,1.8256586,17.829239,SITTING
0.28877753,0.16306633,0.26756337,0.15220737,0.77153075,0.7423096,155.50487,144.4442,149.92287,146.89708,1.324854,0.5140595,0.9549185,1.2095217,1.0418347,0.00067932485,0.00058856106,0.00085085543,0.0029756757,0.007714485,0.0020615046,0.88478404,0.4957761,11.186357,4.6171484,0.025888903,0.00038087877,0.0012596583,0.0307944,0.004869948,0.28773007,0.1622764,0.26628038,0.14669116,0.75724876,0.73818886,154.00467,143.34363,121.163864,138.81717,1.2620963,0.5133969,0.9524516,1.1313939,1.0334191,0.28970605,0.16510077,0.2691191,0.15730473,0.7839476,0.7472903,157.26741,145.19753,161.94618,156.63974,1.3555967,0.51490515,0.95693564,1.2453148,1.0494916,0.0019759834,0.002824366,0.0028387308,0.010613576,0.026698828,0.00910145,3.262741,1.8538971,40.78232,17.82257,0.093500376,0.0015082359,0.0044840574,0.11392093,0.016072512,0.00012049695,0.00029258378,0.0003085455,0.0026577716,0.003516565,0.0009896591,0.5889924,0.26427013,6.3076134,3.244009,0.015619821,0.00016699372,0.00047695226,0.017377134,0.0020709531,0.00019075371,0.00047613328,0.00040610283,0.003094656,0.0050934698,0.0013580056,0.7002139,0.35463777,10.948123,4.3393006,0.02261429,0.00022335778,0.0006723875,0.027227994,0.0028937382,0.00065883994,0.0016736835,0.0013484955,0.0060233176,0.013297319,0.0041878223,1.5002289,0.8751831,33.665085,10.660828,0.06659281,0.00064593554,0.001820147,0.0697124,0.008369207,0.0034944117,0.00848493,0.0089478195,0.07707538,0.10198039,0.028700113,17.08078,7.6638336,182.92079,94.07626,0.4529748,0.004842818,0.013831615,0.5039369,0.06005764,0.69656545,2.9671798,33.665085,SITTING
0.28953263,0.1637559,0.2660097,0.15002027,0.77807164,0.74048984,155.74048,144.27333,151.8287,145.28189,1.328652,0.5138838,0.9561573,1.2175611,1.0463737,0.00021477851,0.00043297748,0.00083874696,0.006682038,0.009509933,0.0018201522,1.3029097,0.30513912,3.43937,3.6383743,0.01290689,0.00048717545,0.0013823898,0.013903192,0.005903486,0.28923592,0.16313088,0.26413095,0.14024514,0.7588242,0.73733026,153.7323,143.53336,140.83095,137.94026,1.29866,0.5129409,0.9536524,1.1786668,1.0350991,0.2901595,0.16528346,0.26726383,0.16097064,0.79352903,0.744095,158.46797,144.78598,156.48851,152.7935,1.352907,0.5145154,0.959018,1.2452319,1.0567627,0.00092357397,0.002152577,0.0031328797,0.020725504,0.034704804,0.0067647696,4.735672,1.2526245,15.657562,14.853241,0.054246902,0.0015745163,0.00536561,0.06656504,0.021663547,8.487804e-05,0.00019431372,0.00037452579,0.0023282417,0.005668326,0.0008268048,0.56141084,0.1774113,2.616938,2.5705636,0.009947123,0.00015715483,0.0005071574,0.0106073,0.0031551616,0.00011644854,0.00025560884,0.00057671184,0.0032165945,0.0077789873,0.0011042894,0.7992916,0.2298238,3.483998,3.6186748,0.013828794,0.00018723388,0.0007239396,0.014100372,0.004301799,0.0003591478,0.0006764978,0.0015286803,0.008300424,0.019729555,0.0028932095,2.1623077,0.7086792,9.466949,8.6474,0.03599596,0.00039625168,0.0021224022,0.031305075,0.010258555,0.0024614632,0.0056350976,0.010861248,0.06751901,0.16438144,0.02397734,16.280914,5.144928,75.891205,74.54634,0.28846657,0.0045574903,0.014707565,0.3076117,0.091499686,0.39734498,1.2570117,9.466949,SITTING
0.28906927,0.16484061,0.26588732,0.15133937,0.77392215,0.73886836,155.58272,144.3072,149.29369,147.68077,1.3276154,0.5132722,0.95642585,1.2122463,1.0427547,0.00036109434,0.0004861246,0.00080760435,0.0042573274,0.010584598,0.003601549,0.90455616,0.4016125,8.492599,5.8201475,0.019165244,0.00039826744,0.0016097766,0.025765078,0.006200621,0.28838822,0.16340673,0.2644259,0.13902994,0.7577662,0.73309183,154.04114,143.7702,130.67903,132.712,1.2950178,0.5125088,0.9521349,1.1601901,1.0333796,0.28956774,0.16559659,0.267093,0.15822637,0.7934357,0.74511427,157.47478,145.26358,165.64417,159.61238,1.3741,0.5141309,0.9589355,1.271987,1.0564319,0.0011795163,0.0021898597,0.0026670992,0.019196436,0.035669506,0.012022436,3.4336395,1.4933777,34.965134,26.900375,0.07908213,0.0016220808,0.006800592,0.111796856,0.023052335,0.00012324186,0.00022643754,0.0002986131,0.003053394,0.005436899,0.0014452913,0.66029936,0.2460264,3.8921072,3.1865644,0.0098951645,0.00014790584,0.00064137473,0.013099975,0.0032398207,0.00016036232,0.000383416,0.00041004576,0.0038641826,0.007800135,0.0021466864,0.87810606,0.2932898,6.1254992,4.304631,0.0150978025,0.00020163658,0.0011698967,0.020888869,0.0045234826,0.0004480183,0.0012954175,0.0013304949,0.010562494,0.019485116,0.005113244,3.0478058,0.5771942,25.291534,10.611069,0.060125113,0.00061023235,0.005061686,0.08904195,0.010174751,0.0035740137,0.0065666884,0.00865978,0.08854842,0.15767008,0.04191345,19.148682,7.1347656,112.87111,92.41037,0.28695977,0.0042892694,0.018599868,0.37989926,0.0939548,0.53484035,1.8746194,25.291534,SITTING
0.2889535,0.16442332,0.26513162,0.1482129,0.76605105,0.739707,154.82718,143.6626,147.69308,144.96042,1.3175837,0.5129241,0.9548261,1.202395,1.0397686,0.0003114722,0.0008194988,0.0007178103,0.0037490434,0.0071304883,0.002209999,0.8407127,0.375292,8.666804,6.1527324,0.02222196,0.0005509899,0.0008645104,0.026330834,0.0035473094,0.28822637,0.16307113,0.2640203,0.13873765,0.7523279,0.7362956,152.86179,142.73355,122.63962,134.06995,1.2884265,0.5122709,0.9534159,1.1599977,1.0317816,0.28946903,0.16597275,0.26657903,0.15329629,0.78172976,0.74392956,156.0869,144.18286,160.82521,157.96812,1.3628707,0.51419896,0.9569843,1.2510834,1.0467336,0.0012426674,0.0029016286,0.002558738,0.014558643,0.029401839,0.007633984,3.225113,1.4493103,38.185593,23.898178,0.074444175,0.0019280314,0.0035684109,0.09108567,0.014952064,9.4743635e-05,0.0003486471,0.00026631664,0.002384781,0.0034562,0.0012729866,0.4647801,0.21221082,4.267624,2.3259404,0.009116876,0.00017788903,0.00036633425,0.012208162,0.0021661972,0.00011408423,0.0004717314,0.00034388097,0.002929525,0.0046408586,0.0017754819,0.60300446,0.27962366,8.195421,3.1562312,0.015054932,0.0002701251,0.00056064967,0.0209843,0.0028267018,0.0002079308,0.0011512786,0.00068476796,0.008547485,0.013936102,0.004227042,1.2221375,0.8612671,38.185593,8.551041,0.064385414,0.0007854104,0.0018062592,0.09108567,0.0070102215,0.0027475655,0.010110766,0.0077231824,0.06915864,0.1002298,0.036916614,13.478622,6.154114,123.76109,67.45227,0.2643894,0.005158782,0.0106236935,0.3540367,0.06281972,0.48682764,2.221723,38.185593,SITTING
0.2892681,0.16371463,0.2655605,0.15395364,0.7734651,0.7403451,156.24135,144.0419,150.73346,147.07826,1.3299505,0.51281893,0.956415,1.2139271,1.0430242,0.00022802563,0.00088713475,0.0009452414,0.007800248,0.009375933,0.0028601123,1.0499039,0.50496256,6.1670713,5.728429,0.021006895,0.00053498475,0.002016549,0.025959147,0.0042269845,0.28892633,0.16251259,0.26394027,0.13868906,0.76021993,0.7344429,153.68808,142.9845,136.88976,137.41957,1.2919277,0.51185167,0.9524844,1.1569827,1.0379432,0.28983682,0.16560787,0.26757535,0.16190806,0.7968501,0.7441088,157.95369,144.64627,161.76556,156.58499,1.3648663,0.5136971,0.95875937,1.2490032,1.0537963,0.00091049075,0.003095284,0.0036350787,0.023219004,0.036630154,0.009665906,4.2656097,1.6617737,24.875809,19.16542,0.07293856,0.0018454194,0.0062749386,0.09202051,0.015853047,7.348944e-05,0.00033814076,0.00033892127,0.0020609638,0.004823477,0.00081298477,0.5110974,0.21228763,3.2373104,2.7090154,0.010446215,0.00014535311,0.0007374225,0.0121725835,0.002767197,0.00012352102,0.00043618047,0.00048728244,0.0031195804,0.0064250724,0.0010547282,0.652137,0.3044071,5.1518755,3.7259443,0.015087216,0.00020346948,0.0011428145,0.017513629,0.003631546,0.0004401505,0.001197353,0.0016797483,0.010002777,0.015796483,0.0035983324,1.7471924,0.8659668,19.400803,9.454819,0.03912759,0.00064086914,0.0030982494,0.05555582,0.008199215,0.0021311939,0.009806082,0.0098287165,0.059767947,0.13988084,0.023576558,14.821823,6.1563416,93.882,78.56145,0.30294025,0.0042152405,0.021385252,0.35300493,0.08024871,0.44696185,1.5993633,19.400803,SITTING
0.28944686,0.16468503,0.26560324,0.15397027,0.76837975,0.737671,155.46283,143.6778,149.06718,145.10393,1.3253429,0.51271915,0.95735145,1.2123884,1.0390478,0.00036351834,0.0007111773,0.0007210952,0.0049609547,0.0054962016,0.0030933286,0.8255316,0.60139024,8.291235,6.553399,0.025716977,0.0004427682,0.002026313,0.02805613,0.0035237784,0.28884265,0.16375458,0.26361084,0.14220391,0.76019865,0.731237,153.17203,142.66098,125.42961,131.23257,1.2558788,0.51194274,0.9536659,1.1311767,1.0334532,0.29016528,0.16616036,0.26672038,0.16201615,0.77965736,0.7424648,156.66063,144.71095,163.17004,154.003,1.3684762,0.51338124,0.96104664,1.2596613,1.0473082,0.0013226271,0.0024057776,0.0031095445,0.019812241,0.019458711,0.011227787,3.4886017,2.0499725,37.740433,22.770432,0.11259735,0.0014384985,0.007380724,0.1284846,0.0138549805,0.00012288628,0.0003078169,0.00032275094,0.0021604407,0.003554488,0.0013920356,0.49177024,0.20673028,4.1181736,2.6894383,0.011671609,0.0001729069,0.0007391469,0.015023424,0.0022437407,0.00016541679,0.0004370678,0.0004124853,0.003024219,0.005138866,0.0020526927,0.6412028,0.29488876,5.746143,3.807422,0.016236247,0.00023080205,0.00093169964,0.020325374,0.0031929081,0.00041803718,0.0013874024,0.0011854172,0.008608848,0.016663074,0.0057945848,1.3915405,1.0721436,14.165527,11.203339,0.04512918,0.00058341026,0.0023018122,0.050526142,0.010498047,0.003563702,0.00892669,0.009359777,0.06265278,0.10308015,0.040369034,14.261337,5.995178,119.42703,77.99371,0.33847666,0.0050143003,0.02143526,0.43567932,0.06506848,0.5029215,1.7272891,14.165527,SITTING
0.28779894,0.1626842,0.2673524,0.14904985,0.7730644,0.74147946,156.01784,143.7202,155.45625,148.87846,1.3383067,0.51423836,0.95468694,1.2267643,1.0424755,0.0015792052,0.0011932434,0.002242834,0.005262736,0.0062667634,0.004714257,1.019248,0.41907227,5.798459,5.3591638,0.01821553,0.0019752893,0.0019775503,0.020955812,0.0031101522,0.28474766,0.16093938,0.26326585,0.13790785,0.7602956,0.72906196,153.91595,142.58475,142.15732,139.06075,1.2979019,0.51239634,0.9501238,1.1717892,1.0334809,0.28958696,0.16513993,0.2734032,0.15938775,0.783428,0.75027776,157.52484,144.41908,162.1508,157.53609,1.3672768,0.519501,0.9574754,1.2571292,1.0480537,0.004839301,0.004200548,0.010137349,0.021479905,0.023132384,0.021215796,3.6088867,1.8343353,19.993484,18.475342,0.06937492,0.0071046352,0.007351637,0.08534002,0.014572859,0.00022389354,0.00046020438,0.0007701629,0.0030682078,0.0048903287,0.0014689873,0.71369827,0.20468403,3.2639465,3.3841906,0.011098019,0.00032014682,0.0005433189,0.011967799,0.0027801949,0.00029751044,0.0006380525,0.0013257734,0.0038760516,0.0062104296,0.0019918305,0.8988992,0.27228004,4.900608,4.9250593,0.01777865,0.00043778485,0.00072329043,0.020112935,0.003576213,0.0009987056,0.0019545406,0.0047650635,0.009971902,0.01225549,0.0046774745,2.1945648,0.677536,16.679794,12.882202,0.044528246,0.0013982058,0.0016762018,0.06610024,0.007850647,0.006492913,0.013345927,0.022334725,0.08897802,0.14181954,0.04260063,20.69725,5.935837,94.65445,98.141525,0.32184255,0.009284258,0.01575625,0.34706616,0.08062565,0.50694066,1.742184,16.679794,SITTING
0.28369504,0.1621812,0.26425746,0.14858262,0.76976097,0.7267778,155.61732,143.47798,152.87256,146.26848,1.3178648,0.5226757,0.95789367,1.2158039,1.0444707,0.0011639374,0.001129821,0.0012710955,0.005588964,0.006031243,0.0024361878,1.6717209,0.6256077,3.8832874,4.3538423,0.009505985,0.0012370413,0.0014205086,0.0094128745,0.0034228307,0.2824369,0.16105744,0.26161793,0.13865285,0.75831014,0.72222954,151.49948,142.09058,146.70232,138.53745,1.2932636,0.5195981,0.955032,1.1915507,1.0369494,0.28670797,0.16534229,0.26625443,0.15928067,0.78172624,0.7302899,159.0329,144.62488,162.37215,153.00592,1.336855,0.52416384,0.9602152,1.243691,1.0512397,0.00427106,0.004284844,0.0046364963,0.020627826,0.023416102,0.008060336,7.5334167,2.5343018,15.66983,14.468475,0.0435915,0.004565716,0.00518322,0.052140236,0.014290333,0.00024294545,0.0002934496,0.00038422798,0.002182329,0.0026182656,0.00091698254,0.64178205,0.26813796,2.6912394,2.6370814,0.0069591547,0.00018636523,0.00042420215,0.0076573924,0.0015678406,0.00035794897,0.00040521054,0.00064123905,0.002856707,0.003784919,0.0012452349,0.8045158,0.35766226,4.356829,3.7537696,0.010330502,0.00022350257,0.00066028506,0.011678621,0.002144958,0.0012651682,0.0012483299,0.0026087165,0.006292522,0.009337008,0.0038026571,2.1172028,0.8803711,11.1067505,8.928345,0.029420137,0.0006967783,0.0023599267,0.03514111,0.0056171417,0.007045418,0.008510038,0.0111426115,0.06328754,0.0759297,0.026592493,18.61168,7.776001,78.045944,76.47536,0.20181549,0.0054045916,0.012301862,0.22206438,0.045467377,0.41744494,1.4434974,11.1067505,SITTING
0.2850489,0.16360565,0.26344156,0.15126142,0.76811725,0.72647345,156.27156,143.37877,154.00122,148.1567,1.3272493,0.5241788,0.9601649,1.2290893,1.0462424,0.0007022939,0.0008913037,0.0004404931,0.0042782156,0.008202623,0.0015647949,1.468152,0.31072217,5.935166,5.917833,0.022000017,0.00029287298,0.0013203048,0.021096133,0.005124494,0.28415987,0.16251434,0.26250926,0.13962111,0.7577377,0.7227501,151.51218,142.68504,140.2961,137.62874,1.2541972,0.52369094,0.9561175,1.1754229,1.0388465,0.2866465,0.16548009,0.26421535,0.15759093,0.7831261,0.7293773,157.92194,144.00578,163.09554,158.66466,1.3605477,0.52477014,0.9621481,1.263998,1.0553665,0.0024866164,0.0029657483,0.0017060935,0.017969817,0.02538842,0.006627202,6.4097595,1.3207397,22.799438,21.03592,0.10635042,0.0010792017,0.0060305595,0.088575125,0.016520023,0.0001670492,0.000352042,0.00018871858,0.002014643,0.00331758,0.0007679175,0.62478375,0.1748473,4.187171,2.9862204,0.012948353,9.999604e-05,0.00050600234,0.014191603,0.0020650337,0.00020374575,0.0004547567,0.00026524323,0.0024715671,0.0048094057,0.001130951,0.7642469,0.2087283,5.754389,3.8905265,0.01757885,0.00012704622,0.00074626744,0.018587515,0.0027557602,0.0005143285,0.0012424886,0.00082314014,0.005755335,0.0140506625,0.0038521886,1.9013672,0.5696564,18.27713,9.474518,0.044063926,0.0003271103,0.0025128126,0.046661735,0.00733459,0.004844427,0.010209218,0.005472839,0.05842465,0.096209824,0.022269607,18.118729,5.070572,121.42796,86.60039,0.37550223,0.0028998852,0.0146740675,0.41155648,0.05988598,0.5339761,1.7383804,18.27713,SITTING
0.28432697,0.16256693,0.26597956,0.15328471,0.77053046,0.72449166,155.87407,143.0623,155.52597,147.0888,1.3232439,0.5246844,0.96133053,1.2248826,1.0437411,0.00030878303,0.00033060773,0.0027630534,0.0029685632,0.0057161343,0.005262193,0.90109795,0.28039584,4.750453,4.8970666,0.021505987,0.0005078548,0.0024283582,0.019659175,0.003281037,0.28372955,0.16187347,0.26274326,0.14820094,0.75777906,0.7144499,154.55879,142.4165,148.27748,138.64485,1.2951176,0.5241632,0.95835865,1.196457,1.0356064,0.2849949,0.16307487,0.27214873,0.15923381,0.77944964,0.7348987,158.17754,143.60712,164.37636,155.59077,1.36493,0.52590007,0.9686322,1.2626309,1.0498471,0.001265347,0.0012013912,0.009405464,0.011032864,0.02167058,0.020448804,3.618744,1.1906128,16.098877,16.945923,0.06981242,0.0017368793,0.010273576,0.06617391,0.014240742,0.0001404861,0.00026706632,0.0007442339,0.0018481766,0.00332158,0.001634234,0.5086428,0.18943103,2.3564937,2.824523,0.008992692,0.0001542342,0.0008408078,0.008899171,0.0018614859,0.00018146509,0.00033543093,0.0012353684,0.0022910244,0.004509685,0.0027520275,0.6403401,0.27575013,3.4228187,3.9842668,0.013084829,0.00024670665,0.0010926755,0.013513065,0.0025106259,0.00035443902,0.0006252229,0.0039231777,0.0048923492,0.011452317,0.010684967,1.2205048,0.94877625,8.157394,9.552795,0.036993146,0.0009254217,0.0029429197,0.03921032,0.0067961216,0.0040740967,0.0077449232,0.021582782,0.053597122,0.096325815,0.047392786,14.750641,5.4934998,68.33832,81.91116,0.26078808,0.004472792,0.024383426,0.25807595,0.053983092,0.39385298,1.3151487,9.552795,SITTING
0.28483608,0.16276552,0.26105574,0.15000626,0.76234156,0.72192156,155.92558,143.01334,152.1243,147.56123,1.3159485,0.52460426,0.9597683,1.2165066,1.0443352,0.0006404701,0.00040031484,0.004889724,0.007907345,0.007812877,0.004877306,2.1611998,0.3494654,7.150298,4.2289724,0.018515859,0.00054839515,0.004032371,0.022401301,0.002694651,0.28358847,0.16165322,0.25520197,0.14005803,0.746855,0.7167133,153.0991,142.18942,132.0868,140.45882,1.2833711,0.52368045,0.9546101,1.1569525,1.0393963,0.28574508,0.16347611,0.26983494,0.17183228,0.7782162,0.7323566,161.55997,143.55153,162.44983,155.77783,1.3521338,0.525795,0.96672624,1.2622678,1.0497919,0.0021566153,0.0018228889,0.01463297,0.031774253,0.031361163,0.015643299,8.460861,1.3621063,30.363022,15.3190155,0.06876266,0.0021145344,0.012116134,0.10531533,0.010395646,0.00014013462,0.00020478974,0.00058842526,0.0035559551,0.003641186,0.0014822689,0.8530826,0.21490689,2.7637234,2.277268,0.008248925,0.00015454252,0.0007966428,0.00880058,0.002110843,0.00020993188,0.00026081654,0.00061226374,0.005164092,0.0047673625,0.002002826,1.2324691,0.2735465,5.182182,3.6911993,0.012135847,0.00020249064,0.0012034305,0.015288522,0.002949299,0.0007151067,0.0007225424,0.0018560588,0.017662197,0.011063993,0.0070276856,4.246002,0.7093811,22.389114,12.304581,0.037399888,0.00054234266,0.004126191,0.058431268,0.009066224,0.0040639043,0.0059389025,0.017064333,0.1031227,0.1055944,0.042985797,24.739395,6.2323,80.14798,66.04077,0.23921883,0.004481733,0.023102641,0.25521684,0.061214447,0.40924704,1.6345055,22.389114,SITTING
0.28501984,0.16299547,0.25666842,0.14783339,0.75427747,0.7179132,154.30446,143.2267,155.48193,148.02812,1.307244,0.5245925,0.95788,1.2224743,1.0436587,0.00015508526,0.00035409426,0.0007672718,0.0054454566,0.0081853615,0.0020771872,1.2284714,0.5616987,3.3234277,2.868295,0.008736305,0.0005330931,0.0015340495,0.010472836,0.004176872,0.28457516,0.1622681,0.2551344,0.13959964,0.7396926,0.7148536,152.19704,142.30962,147.49596,143.19904,1.2977931,0.5237429,0.9553665,1.2072623,1.03682,0.28536257,0.16372053,0.25800142,0.16042247,0.77413476,0.72208387,156.57327,144.17491,160.93945,155.18596,1.3279648,0.5255607,0.9601065,1.2435827,1.0540285,0.00078740716,0.0014524311,0.0028670132,0.020822838,0.034442127,0.007230282,4.376236,1.8652954,13.443497,11.986923,0.030171633,0.0018177629,0.00474,0.036320448,0.017208457,0.00010660188,0.0002359717,0.0002820204,0.002223926,0.0036651203,0.00080026017,0.6339006,0.19993855,2.3629394,2.1809976,0.006523765,0.00014314159,0.00047742703,0.0075417426,0.0021227517,0.00014518095,0.00029264943,0.00040467046,0.0028217551,0.005828242,0.001201504,0.8262093,0.24812178,3.2878795,3.3528707,0.009984075,0.00019670522,0.00073040556,0.011196563,0.0032178324,0.0005158484,0.00055651367,0.0012997091,0.0050953776,0.018455744,0.003284812,2.2431946,0.581131,8.701813,11.986923,0.028140783,0.00054723024,0.0022405386,0.03327799,0.010907412,0.0030914545,0.0068431795,0.008178592,0.06449385,0.10628849,0.023207545,18.383118,5.798218,68.52524,63.24893,0.1891892,0.004151106,0.013845384,0.21871054,0.061559796,0.36012658,1.1822984,11.986923,SITTING
0.28572065,0.16260423,0.25837955,0.15117963,0.755206,0.7169541,154.98822,142.84824,155.49506,147.87802,1.3084702,0.5253134,0.9573114,1.2220676,1.042353,0.00024916817,0.00047919236,0.0011665093,0.006090193,0.008598132,0.0016826565,1.7888187,0.38991576,6.193968,5.7844067,0.017900845,0.00035377545,0.0021176399,0.021168625,0.0047272225,0.28526366,0.16187671,0.25646082,0.13982797,0.7393278,0.7142837,152.23523,141.86575,142.1278,140.04257,1.273164,0.52428675,0.95466447,1.1799676,1.0339695,0.28617334,0.16351856,0.2604948,0.16598465,0.7724472,0.72004336,158.8991,143.61546,166.66388,161.81331,1.3318365,0.52581954,0.9604783,1.2553799,1.052432,0.0009096861,0.0016418546,0.0040339828,0.026156679,0.03311944,0.0057596564,6.663864,1.7497101,24.536072,21.770737,0.058672428,0.001532793,0.005813837,0.07541227,0.01846242,0.0001268798,0.00019237604,0.0003530075,0.003257031,0.0040695933,0.00050015695,0.8416406,0.19120578,3.0253932,2.6190634,0.009818578,0.00014144799,0.00056771573,0.011488405,0.0022199112,0.0001764195,0.00024769004,0.00048808174,0.0048523466,0.0055929115,0.0006821955,1.2118605,0.3026661,4.2571635,4.010334,0.014922409,0.00018497967,0.0009795844,0.01675746,0.003049246,0.00043714046,0.00073058903,0.001496911,0.018533245,0.014366865,0.0017566085,4.621155,0.99723816,12.140381,11.817215,0.05151856,0.00047385693,0.0031811,0.052161336,0.00719285,0.003679514,0.0055789053,0.010237217,0.0944539,0.11801821,0.014504552,24.407578,5.5449677,87.736404,75.952835,0.28473878,0.0041019917,0.016463757,0.33316374,0.06437743,0.44733584,1.478127,12.140381,SITTING
0.2861845,0.16285102,0.25715646,0.14631887,0.76083636,0.7181797,154.75075,142.89195,151.15215,146.32016,1.2996885,0.52420455,0.9577823,1.2100356,1.0466264,0.00025716543,0.000289504,0.00067407644,0.0071092383,0.007954686,0.0033478907,1.240494,0.46976972,3.7565427,3.6759288,0.015811658,0.00040314847,0.0012582843,0.0135837,0.004218773,0.2855324,0.16224125,0.25587374,0.12972914,0.7495492,0.71333975,151.65254,141.80971,145.0779,138.80171,1.2700956,0.5233253,0.95558584,1.1874604,1.0393841,0.28657785,0.16351226,0.25825238,0.1585094,0.7755543,0.72640103,156.60336,143.81342,162.43565,151.5481,1.3400248,0.52490675,0.9606652,1.253651,1.0551106,0.0010454655,0.0012710094,0.0023786426,0.028780267,0.02600509,0.013061285,4.950821,2.003708,17.357758,12.746384,0.06992924,0.0015814304,0.0050793886,0.0661906,0.015726447,0.00015727918,0.00021272435,0.00026792905,0.0030646278,0.0034377966,0.000859871,0.6692773,0.28396448,2.1653817,1.8179694,0.00843111,0.0001663504,0.00045712036,0.0089865755,0.0018473617,0.00020132872,0.0002762635,0.00037628357,0.003961188,0.005199971,0.0012269247,0.81552655,0.3598094,3.1342251,2.385777,0.011926508,0.00023359734,0.000755124,0.012193606,0.0026444823,0.0004580617,0.00066423416,0.0012867749,0.008845881,0.017457604,0.0037019253,2.1730652,0.9291687,9.4422455,6.0406494,0.037313223,0.00077426434,0.0019100904,0.03289163,0.008080721,0.0045610964,0.006169006,0.0077699423,0.088874206,0.0996961,0.024936259,19.409042,8.23497,62.796066,52.721115,0.24450219,0.0048241615,0.01325649,0.2606107,0.05357349,0.33096546,0.99433106,9.4422455,SITTING
0.28623566,0.16224998,0.25759146,0.1494696,0.7648304,0.71830934,155.1597,143.17845,156.32405,149.22725,1.3144108,0.52512044,0.9589263,1.2265402,1.0490061,0.00043453704,0.00067664706,0.0004909501,0.0084004225,0.006141267,0.0014988049,1.9572916,0.48349246,7.5573173,6.270716,0.026691666,0.00051875674,0.0028507335,0.027748551,0.0033497359,0.28551576,0.1610241,0.2567584,0.1344602,0.7538197,0.7150285,152.49303,142.02338,130.37213,136.91142,1.252025,0.5242572,0.9538513,1.1497772,1.042073,0.28709632,0.16368619,0.25859916,0.16604443,0.774591,0.72228885,159.29443,143.79857,165.81175,158.83551,1.3573043,0.5259496,0.96461844,1.2674205,1.0563523,0.0015805662,0.0026620924,0.0018407702,0.031584233,0.020771325,0.0072603226,6.801407,1.7751923,35.43962,21.924088,0.10527933,0.0016924143,0.010767162,0.11764336,0.014279246,0.00011724645,0.00025647416,0.00025674803,0.0028557891,0.0025203743,0.00097609387,0.65930545,0.18360217,3.0529928,2.3617253,0.010253644,0.00017968129,0.0007249466,0.011071912,0.0017120756,0.0001544081,0.00041551312,0.0003123004,0.004364417,0.0036592663,0.0018116278,0.94195557,0.3030931,4.205443,3.3976011,0.014755802,0.00023141077,0.0011389969,0.014464093,0.0023007747,0.00034305453,0.00140737,0.00065901875,0.012053698,0.008918643,0.007203698,3.1291351,1.3551941,12.506134,10.861542,0.050173163,0.0006790757,0.003235042,0.040195942,0.0053858757,0.003400147,0.0074377507,0.007445693,0.08281788,0.07309085,0.028306723,19.119858,5.324463,88.53679,68.490036,0.29735565,0.0052107573,0.021023452,0.32108545,0.049650192,0.41923675,1.3628471,12.506134,SITTING
0.2860265,0.16233517,0.25749204,0.14442258,0.7618703,0.72058135,154.66501,142.76884,153.40155,146.5566,1.2997862,0.5238609,0.9567611,1.2127131,1.0476367,0.0003704109,0.0004277627,0.0010926317,0.0053945505,0.0037576451,0.0017364136,1.0916193,0.6175618,5.810014,5.1772738,0.01634979,0.00026283044,0.0022736005,0.02124374,0.0022627222,0.28529596,0.16147412,0.2562588,0.13290316,0.75493085,0.7162758,151.84633,141.44655,140.63841,139.05853,1.2680023,0.5235661,0.9536451,1.1701996,1.0443442,0.286406,0.16318609,0.25961727,0.1557979,0.7683275,0.72360396,156.45262,144.09792,164.57405,158.4052,1.3291525,0.5247134,0.9599974,1.2461219,1.0517633,0.0011100471,0.0017119646,0.0033584833,0.02289474,0.013396621,0.0073281527,4.6062927,2.6513672,23.935638,19.346664,0.061150193,0.0011472702,0.0063523054,0.07592225,0.0074191093,9.146641e-05,0.00021081598,0.00023469329,0.0025866525,0.0017867109,0.0007477773,0.62735933,0.28962496,2.9232488,1.7374473,0.0063287267,0.000101893114,0.00041960436,0.010144464,0.0013000637,0.0001384772,0.00032539587,0.0003377755,0.0044337832,0.0027834682,0.0015108015,0.94571716,0.37162638,3.794587,2.2742162,0.008489197,0.0001496789,0.00073816295,0.013529695,0.0018247083,0.0003760159,0.0010788441,0.0010064542,0.016038954,0.008566797,0.007180512,3.3540497,1.0354462,8.674683,6.4151154,0.018573165,0.0004748702,0.003125608,0.03151679,0.0051846504,0.002652526,0.0061136633,0.0068061054,0.07501292,0.051814616,0.02168554,18.19342,8.399124,84.774216,50.38597,0.18353307,0.0029549003,0.012168527,0.29418945,0.037701845,0.3734422,1.1377397,8.674683,SITTING
0.28629017,0.16202924,0.25862628,0.14381099,0.76531655,0.7202425,153.79713,142.91962,156.09222,146.46568,1.3076196,0.5247247,0.95731854,1.2208226,1.0488994,0.00015675866,0.00043643353,0.0011878802,0.0055060494,0.010732988,0.0021489097,1.7356505,0.5681253,5.1072636,5.046569,0.022492569,0.000972096,0.0033280675,0.021492453,0.006216867,0.28594947,0.16127908,0.25633854,0.13383757,0.7470018,0.7155682,150.94643,141.88536,137.29312,138.60074,1.2556359,0.52354753,0.95289165,1.1427703,1.0382805,0.2866447,0.16322033,0.26064658,0.15414116,0.7809698,0.72448313,156.67377,144.11687,165.80159,158.59334,1.3460647,0.52636194,0.9628787,1.2581038,1.0581043,0.0006952286,0.0019412488,0.004308045,0.020303592,0.03396797,0.0089149475,5.7273407,2.2315063,28.508469,19.9926,0.09042883,0.0028144121,0.009987056,0.11533356,0.01982379,8.9764595e-05,0.00028700562,0.00040255126,0.0025715278,0.0033539452,0.0012018989,0.7353484,0.25656444,3.6963205,3.1099074,0.015617342,0.00022701148,0.0009979627,0.016283972,0.0018007015,0.00013160531,0.00035921752,0.00051508704,0.003920059,0.0053361747,0.0018515607,0.99115634,0.34550685,6.2720485,4.595276,0.022941865,0.00035716602,0.0016522306,0.025901465,0.002742352,0.00047937036,0.0007651746,0.0015461743,0.009930357,0.013044357,0.006296158,2.4757538,0.8631439,23.797195,15.339462,0.057803154,0.0011188388,0.00559628,0.08487749,0.0066851377,0.0026031733,0.008323163,0.011673987,0.07457431,0.09726441,0.034855068,21.325104,7.4403687,107.1933,90.18732,0.4529029,0.006583333,0.028940916,0.4722352,0.052220345,0.5227316,1.9641408,23.797195,SITTING
0.28578913,0.16274486,0.25887528,0.14884405,0.7672612,0.7188801,154.7254,143.32251,152.4212,145.3195,1.295315,0.5241659,0.95934695,1.2116663,1.0479586,0.0003923487,0.000512633,0.00095042825,0.0055255503,0.006722764,0.002596253,1.5851098,0.4595458,6.963275,7.0959244,0.030469142,0.00043173018,0.0022411318,0.024677847,0.0036184306,0.28521293,0.16156122,0.2573549,0.13798912,0.7522395,0.71514356,151.79773,142.14542,138.59473,131.8413,1.2406859,0.52331007,0.9557768,1.1705792,1.0393012,0.28659323,0.1634632,0.26044205,0.15994342,0.7811561,0.7232874,157.71799,143.85709,162.43515,154.86899,1.331772,0.52471113,0.9624895,1.247021,1.0550692,0.0013802946,0.0019019842,0.003087163,0.021954298,0.028916597,0.008143842,5.9202576,1.7116699,23.840424,23.027695,0.09108603,0.0014010668,0.006712675,0.076441765,0.015768051,0.00012251221,0.0002579946,0.0003108413,0.0026041926,0.004032102,0.0007056018,0.74639577,0.15311775,3.603121,4.09853,0.013805735,0.00013542997,0.00068593846,0.012181742,0.0021972614,0.00017420767,0.0003605965,0.00054796785,0.0035455339,0.0053394786,0.0013856906,0.97796345,0.2196157,5.274367,5.673186,0.021388978,0.00023382473,0.0010058925,0.01938117,0.002817484,0.00058302283,0.0011419803,0.0020582378,0.009507433,0.012026608,0.0060721636,2.5575714,0.7572174,16.49295,15.7222595,0.069699645,0.0009384155,0.0025631785,0.059231997,0.005988598,0.003552854,0.0074818432,0.009014398,0.07552159,0.11693096,0.020462453,21.645477,4.4404144,104.49051,118.85736,0.4003663,0.0039274693,0.019892216,0.35327053,0.063720584,0.5758802,1.9340262,16.49295,SITTING
0.28523105,0.16245452,0.25950953,0.15170391,0.7608938,0.7212557,156.06346,142.80177,154.75389,148.99696,1.3181592,0.52473664,0.96313053,1.2304616,1.0452448,0.0003263322,0.00068742567,0.0005941286,0.006797128,0.008553152,0.002437814,1.4481515,0.41677174,6.1649704,5.7462964,0.02396522,0.00034221893,0.0021414165,0.023679657,0.0054087937,0.28477427,0.16105042,0.25811875,0.13549258,0.7497382,0.71460474,153.50426,141.90521,143.33675,137.9988,1.2611548,0.5237265,0.9564975,1.1800045,1.0354687,0.28593177,0.16378084,0.26047117,0.15893891,0.7790822,0.7239878,158.18195,143.50427,169.58699,161.7539,1.3680121,0.52544355,0.96757925,1.2896785,1.0561966,0.0011574924,0.0027304143,0.0023524165,0.023446336,0.029343963,0.009383082,4.6776886,1.59906,26.250244,23.755112,0.1068573,0.001717031,0.011081755,0.10967398,0.020727873,9.33789e-05,0.0001973443,0.0002944644,0.0024389173,0.0040286924,0.0010169909,0.55847377,0.25112075,3.5361311,3.3848097,0.012906112,0.00017038501,0.00077604427,0.0134888105,0.0025583794,0.00014948052,0.0002830837,0.0004210746,0.0029742506,0.006659693,0.0017646994,0.7635329,0.32890198,4.9783177,4.5740213,0.019221485,0.00024145363,0.0010955982,0.019319199,0.0041359975,0.00064614415,0.0007519126,0.0014849603,0.006506115,0.021101892,0.006218612,1.7849884,0.82440186,16.68132,12.3749695,0.045045853,0.0008894205,0.0029451847,0.05872774,0.013369441,0.002707988,0.0057229847,0.008539468,0.0707286,0.11683208,0.029492736,16.19574,7.282501,102.547806,98.159485,0.37427723,0.0049411654,0.022505283,0.3911755,0.074193,0.51790035,1.6875464,16.68132,SITTING
0.2869519,0.16297156,0.2581995,0.14755939,0.7597071,0.72031575,155.21759,143.0209,151.06471,144.85379,1.3048742,0.5250987,0.95771915,1.2153927,1.0469133,0.00025440028,0.00031846983,0.0010105142,0.006140766,0.0055471645,0.0016592059,1.4185987,0.3734596,3.8741436,3.4047422,0.018739007,0.0005907526,0.0031930187,0.01629879,0.0033764523,0.2864429,0.16227171,0.25656578,0.13804214,0.74990565,0.71780276,153.1035,142.37793,143.68735,139.59921,1.2804976,0.5242052,0.9515964,1.184731,1.0410621,0.28743216,0.16346885,0.26013103,0.15926668,0.77168727,0.72387177,158.36104,143.80418,158.04182,155.77795,1.3406547,0.5261946,0.96217704,1.2474631,1.0541178,0.0009892583,0.0011971444,0.0035652518,0.021224543,0.021781623,0.0060690045,5.257538,1.4262543,14.354477,16.178741,0.06015718,0.0019893646,0.010580659,0.0627321,0.013055682,0.000115480914,0.00019292225,0.00031204883,0.0024988975,0.002855782,0.0011116903,0.6556391,0.22422317,2.5460448,2.0494533,0.011266404,0.0001925271,0.0010045622,0.011423937,0.0018066455,0.00016704388,0.0002563217,0.0004098207,0.003514928,0.0043606474,0.0016182709,0.86231005,0.2744138,3.3766258,2.9202611,0.016051726,0.00029200275,0.0014013464,0.015048578,0.0025521144,0.0006195903,0.0006581992,0.00094756484,0.011499718,0.012198687,0.004456222,2.191208,0.7484436,9.253708,8.442474,0.04909253,0.0010900497,0.0036791563,0.04001999,0.007133603,0.0033489466,0.0055947453,0.009049416,0.07246803,0.08281767,0.03223902,19.013535,6.502472,73.8353,59.434143,0.32672572,0.0055832863,0.029132307,0.33129418,0.05239272,0.36720937,1.1178223,9.253708,SITTING
0.2861954,0.1625022,0.25873196,0.1511535,0.7566644,0.71994007,155.38419,143.43199,154.80699,148.82072,1.3080856,0.5254427,0.9607232,1.224773,1.0444175,0.00019056731,0.00048197125,0.0006967012,0.006270256,0.006044614,0.0022901923,1.4315542,0.5139677,5.157038,4.5454903,0.024245676,0.00096203835,0.0031463783,0.024984257,0.0036731001,0.28581917,0.16135718,0.25772402,0.13927144,0.7475036,0.7139497,152.79103,142.41815,143.28722,142.09044,1.2654487,0.52425253,0.95611954,1.1895022,1.0364593,0.28661677,0.16337748,0.2605325,0.16080388,0.77057487,0.72400004,158.10739,144.71335,166.17558,159.30867,1.3501428,0.52721894,0.9697273,1.2793651,1.0523639,0.00079759955,0.0020202994,0.0028084815,0.021532446,0.023071289,0.010050356,5.3163605,2.2951965,22.888367,17.218231,0.08469415,0.002966404,0.01360774,0.08986282,0.015904546,0.0001015324,0.00032179366,0.00036383804,0.003156346,0.004225805,0.0011303322,0.72153497,0.27438828,2.705105,2.863529,0.010853442,0.0002478772,0.0010222854,0.011298764,0.0025796809,0.00012689191,0.0005507227,0.00051085977,0.004211807,0.0062434813,0.001903613,0.9226026,0.39459985,4.7462244,3.9031029,0.016421167,0.00032546016,0.0018217395,0.019068753,0.0035680274,0.00026348233,0.0020202994,0.0014927089,0.01221931,0.015749931,0.0058680773,1.8374481,1.4300995,20.518173,9.696121,0.054345846,0.0008312464,0.0070610046,0.07059121,0.008784771,0.0029444396,0.009332016,0.010551304,0.09153403,0.12254834,0.032779634,20.924515,7.95726,78.448044,83.04234,0.31474984,0.0071884394,0.029646277,0.32766414,0.07481074,0.4399906,1.5468744,20.518173,SITTING
0.28672463,0.16256303,0.2582509,0.14693011,0.7623539,0.7174339,153.80078,143.04683,151.20331,146.20479,1.2964379,0.5234755,0.9568364,1.2067205,1.0452012,0.00053988455,0.0005758701,0.0013418708,0.0055474453,0.009717079,0.0030194523,1.568132,0.3951425,6.6598544,6.3544407,0.017391087,0.00088475784,0.0030158153,0.01916448,0.0057787746,0.28578192,0.16181946,0.25581753,0.13984154,0.74788326,0.7111624,150.88332,142.29721,132.23718,133.82974,1.2717887,0.52214766,0.9502467,1.1658425,1.036604,0.287677,0.16418846,0.26086375,0.16127992,0.77994925,0.7245716,157.25067,143.93576,162.00334,154.98186,1.3442892,0.5251579,0.9598974,1.2550805,1.0527625,0.0018950701,0.0023690015,0.0050462186,0.021438375,0.032065988,0.013409197,6.3673553,1.6385498,29.76616,21.152115,0.07250047,0.003010273,0.009650707,0.08923793,0.016158462,0.00016502471,0.00024396335,0.00043471827,0.002458331,0.0031197893,0.0009967623,0.7529434,0.16865382,3.6970172,2.5969849,0.010702322,0.00020438228,0.0008433605,0.012393992,0.001821333,0.00024196235,0.00034821534,0.00048237602,0.0049673365,0.004738413,0.0018834196,1.2626069,0.22634985,5.1301904,3.7004402,0.01381742,0.00028813508,0.0015536633,0.017343784,0.0029940638,0.0008471906,0.0010384023,0.00095564127,0.021156281,0.014541388,0.0068501234,4.821045,0.6379547,14.841248,10.533356,0.034443736,0.0007724166,0.0062517524,0.0399971,0.008462667,0.0047857165,0.007074937,0.012606829,0.071291596,0.09047389,0.028906107,21.835358,4.8909607,107.2135,75.31256,0.31036735,0.005927086,0.024457455,0.35942578,0.052818656,0.48326555,1.59841,14.841248,SITTING
0.28667906,0.16231322,0.25723353,0.14589246,0.75668937,0.719167,154.1227,143.03477,156.34619,150.00253,1.3164552,0.5232368,0.9590172,1.2303289,1.0440936,0.0009102364,0.0002508877,0.0011994859,0.008018923,0.0072573405,0.0035164529,1.8084785,0.49129838,4.7220583,4.626822,0.014752276,0.0005918931,0.003109443,0.015513806,0.0045365747,0.28519702,0.16185522,0.25538194,0.12937224,0.74334955,0.7135514,150.86308,142.07895,144.43045,133.8558,1.2824191,0.5222121,0.95446503,1.2036369,1.0369302,0.28784084,0.16289791,0.26056987,0.15800616,0.77772176,0.72547555,156.98637,143.79683,164.5423,158.07292,1.3500843,0.5244627,0.96557724,1.2627373,1.0567219,0.0026438236,0.0010426939,0.0051879287,0.028633922,0.03437221,0.011924148,6.123291,1.7178802,20.111847,24.217117,0.06766522,0.0022506118,0.011112213,0.05910039,0.019791722,0.0001553924,0.00020502816,0.00038034853,0.0027555998,0.0042990777,0.00127326,0.7845206,0.23629813,2.2923832,2.4939692,0.0090917265,0.00023187851,0.0006956869,0.009389363,0.002315513,0.00023802194,0.0002583009,0.0006067262,0.0035385902,0.0065766196,0.0019237701,0.92463,0.31006503,3.0363379,3.495598,0.0119644655,0.00032683997,0.0009482425,0.012124717,0.0037870393,0.00087711215,0.00066663325,0.0022453666,0.007409677,0.022736073,0.004920125,1.9719543,0.85095215,8.444412,8.552826,0.023275614,0.0009100437,0.0029343963,0.025126219,0.013978004,0.0045063794,0.0059458166,0.011030108,0.079912394,0.12467325,0.03692454,22.751099,6.852646,66.47911,72.3251,0.26366007,0.006724477,0.02017492,0.27229154,0.06714988,0.38919762,1.1679634,8.552826,SITTING
0.28539923,0.16251318,0.2595623,0.1557167,0.7619503,0.7167029,155.56783,143.33429,150.35617,143.5161,1.299323,0.52447504,0.9620969,1.212758,1.043121,0.0004259662,0.00039330334,0.00047791732,0.005136134,0.0069584856,0.0033478816,1.2711072,0.5956362,6.9929376,4.596935,0.020360267,0.00045261925,0.0024471423,0.025948716,0.0048812577,0.28438753,0.16145618,0.2585514,0.14582865,0.7439025,0.7090509,153.2749,142.25237,128.4271,133.08235,1.2559918,0.52349126,0.9577799,1.1378639,1.031207,0.2859582,0.16302325,0.26025912,0.16490191,0.7706121,0.7205094,157.69882,144.60521,160.16676,152.76347,1.3317882,0.52558726,0.9663596,1.253167,1.0494049,0.0015706718,0.0015670657,0.0017077327,0.019073263,0.026709616,0.011458516,4.4239197,2.3528442,31.73967,19.681122,0.075796366,0.0020959973,0.008579731,0.11530316,0.018197894,0.00015086039,0.000248185,0.0002845094,0.0024184478,0.003509135,0.0012663192,0.52392685,0.26667312,4.435669,3.1759975,0.012100676,0.00021900596,0.0008470992,0.014700651,0.002225588,0.00018034337,0.00036343766,0.00038757763,0.0032516867,0.0046065645,0.0023205865,0.5872544,0.36263776,6.3860207,3.852243,0.016777167,0.00028851067,0.0013980772,0.021004615,0.0030485934,0.00039178133,0.0011267215,0.0012039244,0.009580344,0.009901106,0.007910132,1.1282501,1.1276703,20.069138,8.057144,0.043742776,0.00078612566,0.0050725937,0.06757641,0.008516312,0.004374951,0.007197365,0.008250773,0.07013498,0.10176492,0.036723256,15.193878,7.7335205,128.6344,92.10393,0.3509196,0.006351173,0.024565876,0.42631888,0.064542055,0.56268245,1.8514365,20.069138,SITTING
0.2863263,0.16268428,0.259488,0.1539776,0.7643334,0.71736926,154.70233,142.9383,153.46918,145.5319,1.3107828,0.5246773,0.9612578,1.2212503,1.045392,0.0004844443,0.000609939,0.00077226164,0.0059109144,0.010823138,0.0029782758,1.8299552,0.68257374,5.649211,4.276068,0.023231272,0.00047004723,0.0036034938,0.025762405,0.0061451085,0.28514114,0.16147767,0.25821558,0.13938394,0.740973,0.7121171,151.13913,141.9499,142.9861,135.17418,1.2763071,0.5240137,0.9550741,1.1672077,1.0323093,0.28682187,0.1636582,0.26079744,0.16404341,0.7777129,0.7242788,157.7161,143.8885,162.97731,151.969,1.3527815,0.5257075,0.9658662,1.2686186,1.0544326,0.0016807318,0.0021805316,0.0025818646,0.02465947,0.036739886,0.012161732,6.5769653,1.9385986,19.99121,16.794815,0.07647443,0.0016937852,0.010792136,0.101410866,0.022123337,0.0001393166,0.00023945756,0.00033512505,0.0026767156,0.0035611289,0.0010922161,0.6708847,0.31413797,2.7314775,2.4062052,0.011006651,0.00016455815,0.00071206794,0.0113895675,0.0021193973,0.0001815881,0.0003523846,0.00040017572,0.0036079183,0.006622869,0.0018045246,0.8550786,0.43051735,3.9229891,3.4067154,0.014126597,0.00024071688,0.001022999,0.015395431,0.00352028,0.0004118979,0.0011796355,0.00070267916,0.009374142,0.024708271,0.0075430274,2.403183,1.3329163,12.113647,8.050629,0.029487848,0.00064116716,0.0028941035,0.040932298,0.012839079,0.0040401816,0.006944269,0.009718627,0.07762475,0.103272736,0.031674266,19.455658,9.110001,79.212845,69.77995,0.3191929,0.0047721863,0.02064997,0.33029747,0.06146252,0.41040945,1.3131074,12.113647,SITTING
0.28622916,0.16324152,0.25745538,0.15055242,0.759829,0.718055,154.71358,143.44493,152.58781,147.19377,1.3072807,0.52317053,0.9578743,1.2183868,1.0444664,0.00031659135,0.00036201318,0.00065368775,0.0046558683,0.0061027,0.0016132932,1.3827506,0.41358635,6.1401634,5.146412,0.028754456,0.0003520174,0.002972687,0.02807298,0.0038973184,0.28558886,0.16238621,0.2563237,0.14279476,0.7477918,0.71524847,152.75716,142.7713,139.95163,140.97847,1.2567858,0.52241325,0.95393664,1.16678,1.036365,0.2866754,0.16397344,0.25853306,0.15722728,0.7744193,0.72331727,157.4824,144.14378,162.38144,158.4724,1.3476325,0.52389324,0.96427286,1.266907,1.0533473,0.0010865331,0.001587227,0.0022093654,0.01443252,0.026627481,0.0080688,4.7252502,1.3724823,22.42981,17.493927,0.09084678,0.0014799833,0.01033622,0.10012698,0.016982317,0.00015753713,0.00023841755,0.00023530578,0.002555745,0.0027305544,0.0011339003,0.5699305,0.3257678,3.4190207,2.740867,0.015202465,0.00015158694,0.0008857045,0.014775313,0.0018686797,0.00020617797,0.00033763092,0.00029617766,0.0033961586,0.0040099216,0.0017442764,0.75741404,0.451626,5.1858797,3.9984217,0.023398176,0.00020552806,0.0014489691,0.023022203,0.0026304217,0.0005736649,0.0010043532,0.00065615773,0.0075870305,0.011085451,0.005389452,2.2052612,1.0955048,14.388214,11.311386,0.07020116,0.0004994869,0.0053970814,0.06040597,0.007152319,0.004568577,0.006914109,0.0068238676,0.0741166,0.07918608,0.032883108,16.527985,9.447266,99.151596,79.48514,0.44087148,0.0043960214,0.02568543,0.42848408,0.05419171,0.47303474,1.6428305,14.388214,SITTING
0.28589782,0.16267297,0.25846812,0.15364793,0.7608301,0.7166875,155.41714,142.97919,156.52888,149.48712,1.312955,0.52387005,0.9596751,1.2260945,1.0435144,0.0006230081,0.0006493049,0.000998896,0.0053913584,0.007807768,0.0038640597,1.3738003,0.54971534,4.444823,5.968976,0.020845283,0.00036823834,0.001935935,0.019481,0.0050053135,0.28479218,0.16159312,0.25662363,0.14213139,0.7495682,0.71152747,153.25844,141.76738,145.2147,135.12633,1.266859,0.5227052,0.9559957,1.182302,1.0369973,0.28701183,0.16363893,0.26018542,0.16747619,0.776662,0.72531277,157.97528,143.86884,164.49216,156.91655,1.337779,0.524328,0.96328735,1.251231,1.0560338,0.0022196472,0.0020458102,0.0035617948,0.025344804,0.027093768,0.013785303,4.7168427,2.1014557,19.27745,21.790222,0.07091999,0.0016227961,0.0072916746,0.06892896,0.019036531,0.0001231915,0.00018186148,0.00041060714,0.003190523,0.005252505,0.001436811,0.7897828,0.24056007,2.6908817,1.9926584,0.011201373,0.00015221794,0.00087375066,0.012019527,0.0028009333,0.00015107401,0.00025011043,0.00051392976,0.004324418,0.007461764,0.0022215934,1.0225286,0.33226284,3.6399677,3.2464767,0.016230239,0.00022074429,0.0012969469,0.017388726,0.0043328204,0.00033771992,0.0007881075,0.001344353,0.014551759,0.0232234,0.0078498125,3.2857666,0.83665466,9.006744,12.465912,0.052769303,0.0006519556,0.0030180216,0.05064702,0.014264464,0.0035725534,0.005273983,0.011907607,0.09252517,0.15232265,0.04166752,22.903702,6.976242,78.03557,57.787094,0.32483983,0.00441432,0.025338769,0.3485663,0.081227064,0.38343507,1.2418367,12.465912,SITTING
0.28585762,0.16294684,0.25782666,0.16081443,0.7695058,0.7147131,157.33138,142.9123,155.58629,146.30923,1.3256081,0.52499837,0.9630343,1.2393602,1.0485193,0.0005452585,0.0002499555,0.00048797982,0.008571399,0.006131709,0.003684187,2.1117456,0.5764261,4.5049133,6.3771944,0.020639611,0.00020888908,0.0030443007,0.017585278,0.0030456958,0.28510368,0.162357,0.25698164,0.14724356,0.7574373,0.7077409,153.31898,141.75993,145.88203,133.6246,1.2790314,0.5246837,0.9590298,1.2066052,1.0417566,0.2866649,0.16336386,0.25885314,0.18165629,0.7803232,0.72205067,161.70529,143.88857,166.14542,156.71896,1.3662767,0.52552235,0.9677746,1.2726793,1.0542333,0.0015612245,0.0010068566,0.0018714964,0.034412727,0.022885919,0.014309764,8.386307,2.1286316,20.263382,23.09436,0.087245345,0.00083863735,0.008744836,0.06607413,0.012476683,0.00012231799,0.00015004698,0.00014817098,0.0038181657,0.002791409,0.0017066845,0.84904534,0.28675842,3.7283387,4.2196164,0.013999532,0.000108850414,0.0004770735,0.013731767,0.0019949223,0.00017290187,0.00021774336,0.00019060323,0.005579215,0.004088896,0.0027753443,1.2012225,0.3973544,5.500193,5.9581046,0.019094327,0.00014574548,0.00064216333,0.019420724,0.0025885354,0.0004939735,0.00067441165,0.0005453825,0.014875323,0.012009561,0.008776963,3.1016693,1.3430786,12.83432,14.642578,0.048666716,0.0004014969,0.0015231371,0.04676509,0.0065704584,0.0035472214,0.0043513626,0.0042969584,0.1107268,0.080950856,0.04949385,24.622314,8.315994,108.121826,122.36888,0.40598643,0.003156662,0.013835132,0.39822125,0.057852745,0.6081872,2.0306804,14.642578,SITTING
0.28576812,0.16318144,0.2580623,0.14989828,0.75412935,0.71839976,154.59535,143.09138,154.81006,150.74118,1.3097388,0.52396286,0.95826644,1.2181913,1.04163,0.00038814213,0.0004323501,0.0014610669,0.0046929764,0.007344448,0.0042478787,1.2951344,0.56759924,5.424328,4.753384,0.017540067,0.0005053542,0.0035003358,0.022704232,0.004370917,0.28527436,0.1624992,0.2557415,0.14429125,0.74108624,0.7099235,152.65132,141.91632,143.54956,140.77179,1.2459596,0.523172,0.9538168,1.16776,1.0339465,0.28652903,0.1640894,0.26081192,0.16248667,0.7720216,0.7286704,156.81711,144.16026,165.3264,163.20848,1.3369261,0.5249057,0.9650396,1.2613735,1.0544915,0.0012546778,0.0015901923,0.005070418,0.01819542,0.030935347,0.018746912,4.1657867,2.2439423,21.77684,22.436691,0.09096646,0.0017336607,0.011222839,0.093613505,0.020545006,0.00012589426,0.00023528266,0.00044486852,0.002767823,0.0042959224,0.0019478387,0.5576419,0.20756215,2.8640058,2.539976,0.01216463,0.00021085246,0.0012038659,0.013088645,0.002749632,0.00017052668,0.000315602,0.00066310464,0.003890418,0.005870833,0.0027589407,0.70099014,0.296134,4.1084585,3.5047598,0.02080024,0.00030955722,0.0016610582,0.020788489,0.003701675,0.00055003166,0.0009561479,0.002445221,0.013911232,0.014303863,0.0072053075,1.7676697,0.72465515,11.169983,10.349655,0.079028845,0.0010238886,0.0049693584,0.060977817,0.010727048,0.0036509335,0.006823197,0.012901187,0.08026686,0.124581754,0.05648732,16.171616,6.0193024,83.05617,73.6593,0.35277426,0.0061147213,0.03491211,0.37957072,0.07973933,0.4138947,1.3663571,11.169983,SITTING
0.28596774,0.1628962,0.25935775,0.15265723,0.7646255,0.7196863,155.23262,143.58672,156.86948,147.99579,1.320675,0.5246859,0.960723,1.2320609,1.046794,0.0002400236,0.00093521713,0.0011074306,0.0062137535,0.010385683,0.0029924293,1.4308826,0.558877,5.213847,5.621635,0.018054163,0.00053523626,0.0026187242,0.02272592,0.005191126,0.2854815,0.16131157,0.25735408,0.14058137,0.7436345,0.71002084,151.98155,142.69762,146.84338,138.91292,1.2765254,0.52379423,0.9566117,1.1870881,1.0355017,0.28628546,0.16414316,0.26141992,0.16424406,0.78093904,0.7251367,157.26562,145.06161,165.32643,161.52579,1.348656,0.52583325,0.9665723,1.2752428,1.0549848,0.00080394745,0.0028315932,0.0040658414,0.023662686,0.03730452,0.015115857,5.284073,2.3639984,18.483047,22.61287,0.07213068,0.0020390153,0.009960592,0.08815467,0.01948309,0.0001256918,0.00027606817,0.000502944,0.0029283515,0.003840506,0.0011451019,0.78001034,0.29605156,2.8156428,3.077941,0.009581619,0.00024139881,0.0011805851,0.009408523,0.0021207745,0.00018415118,0.0003856745,0.00071920175,0.0036326628,0.006203726,0.0018757903,0.97921443,0.38178486,3.7418246,4.7587957,0.013578536,0.00028094748,0.0019066111,0.013926439,0.0031436381,0.0006545782,0.00088861585,0.002393514,0.008125499,0.01874882,0.0081599355,2.0891724,0.76535034,9.488373,15.7812805,0.03734672,0.0005133152,0.007029414,0.042045355,0.009606838,0.0036450624,0.008005977,0.014585376,0.084922194,0.111374676,0.033207953,22.6203,8.585495,81.65364,89.260284,0.27786696,0.0070005655,0.034236968,0.27284718,0.061502457,0.46673313,1.5240037,15.7812805,SITTING
0.2858238,0.16348721,0.25895163,0.14504269,0.76487195,0.71758324,153.65169,142.5722,153.01357,145.97528,1.3046013,0.52482677,0.95895636,1.2142464,1.046859,0.00024293405,0.00045267315,0.0012206507,0.0067891916,0.007170204,0.0027926047,2.198052,0.44291842,5.25679,4.146308,0.018684736,0.00050371187,0.0035557563,0.021870416,0.0038023184,0.28533646,0.16285565,0.25720626,0.1302612,0.7498256,0.71258414,149.55673,141.80244,140.33353,138.78914,1.2644763,0.52389956,0.95474637,1.1625082,1.0375876,0.28616223,0.16441399,0.26118416,0.15846847,0.77792656,0.7234996,157.9829,143.31677,160.15587,154.01656,1.3447791,0.5259352,0.9678423,1.2666281,1.0537952,0.00082576275,0.0015583336,0.003977895,0.028207272,0.028100967,0.010915458,8.426163,1.514328,19.822342,15.227417,0.080302835,0.0020356178,0.013095915,0.1041199,0.016207576,0.00010162592,0.00019657509,0.00036137062,0.0025104515,0.0046346206,0.0009419651,0.71077704,0.18454295,2.9600947,2.5899854,0.009515064,0.00016714787,0.00075749075,0.010519944,0.0026193568,0.00014880112,0.0003051635,0.00049352366,0.0033303087,0.0068989885,0.0014116138,0.9187138,0.24532373,4.038324,3.3145812,0.014460844,0.0002481479,0.0010078765,0.015925989,0.0037041625,0.00041550398,0.0011341572,0.0012407005,0.009055838,0.018802583,0.0038972497,3.0415497,0.62431335,9.7382965,7.708359,0.041301966,0.0008044839,0.0026207566,0.055687785,0.010305524,0.0029471517,0.0057006776,0.010479748,0.072803095,0.134404,0.027316988,20.612534,5.3517456,85.84274,75.10957,0.27593684,0.004847288,0.021967232,0.3050784,0.07596135,0.43184838,1.3030845,9.7382965,SITTING
0.28677168,0.16276954,0.2572553,0.14844856,0.7629942,0.7201573,155.1794,143.30168,154.87056,148.04361,1.3123709,0.52439797,0.9589321,1.2224202,1.0488378,0.00034941343,0.00062375556,0.0014486796,0.0039743674,0.0054959157,0.0013882819,1.4070731,1.0106419,5.2572594,4.7524137,0.017744234,0.0005033987,0.002315297,0.020766374,0.0036353497,0.28603104,0.16109589,0.25553003,0.14114924,0.75027376,0.7172039,152.60114,141.60197,143.98534,141.32684,1.2672365,0.52351296,0.95436376,1.1855559,1.0421736,0.28733486,0.16350651,0.26087686,0.15810713,0.77213776,0.72233355,157.51048,144.73656,164.95268,157.75035,1.3359518,0.52534497,0.9634875,1.2553971,1.0540329,0.0013038218,0.0024106205,0.0053468347,0.016957894,0.021863997,0.0051296353,4.9093475,3.1345825,20.967346,16.423508,0.068715334,0.0018320084,0.009123743,0.06984115,0.011859298,9.6277945e-05,0.0003489621,0.00038593906,0.002511698,0.0029253713,0.0009582228,0.56924546,0.3443998,3.3270059,2.706982,0.009807537,0.00017604746,0.00079600565,0.01025405,0.0015957355,0.00014448453,0.00053087255,0.00042730145,0.0033655092,0.0041046124,0.0012535249,0.8541716,0.4804543,4.145502,3.7917666,0.0131615605,0.00025849455,0.0010688104,0.013748298,0.0022820565,0.00044709444,0.0018075407,0.0010050535,0.0077580214,0.012072623,0.0036114454,3.0168,1.5806885,12.018188,10.37265,0.037656546,0.00071913004,0.0025731921,0.03417766,0.006739378,0.0027920604,0.0101199,0.011192232,0.072839245,0.08483577,0.02778846,16.508118,9.987595,96.48317,78.50247,0.28441858,0.0051053762,0.023084164,0.29736745,0.04627633,0.4651659,1.399869,12.018188,SITTING
0.2869285,0.16196118,0.2566768,0.14779593,0.75425494,0.7148314,153.00266,143.77162,153.54416,146.25723,1.3000289,0.5245808,0.9570166,1.214621,1.0427521,0.00023257773,0.0005756017,0.0011500895,0.0064689205,0.0095532285,0.001776816,2.0945802,0.3482665,3.5802681,4.322028,0.022837522,0.00046221618,0.0008948648,0.021591753,0.0049425177,0.28651592,0.1609294,0.25484157,0.13862011,0.7340991,0.7122273,149.41864,143.15657,145.765,139.9997,1.2414395,0.5235858,0.9554335,1.162667,1.0299044,0.28746596,0.16287111,0.2590002,0.16164021,0.7812326,0.71902764,157.09216,144.36351,162.71063,158.50809,1.3353081,0.5253558,0.9590093,1.2523043,1.054527,0.00095003843,0.0019417107,0.004158646,0.023020104,0.047133505,0.0068003535,7.673523,1.2069397,16.945633,18.508392,0.09386861,0.0017700195,0.0035758018,0.08963728,0.024622679,0.00011696487,0.00020667397,0.00043136807,0.00248963,0.0054332614,0.0006166162,0.80739516,0.19925717,2.3442414,2.1049783,0.0094912015,0.00015038457,0.0003333955,0.00923121,0.003055819,0.00015933823,0.00029253203,0.0005281243,0.003407291,0.00735559,0.0007151514,0.9998888,0.28951794,2.7677968,3.161873,0.013443135,0.00019425381,0.00043525815,0.012285705,0.0040156893,0.00037795305,0.0007495135,0.0013979971,0.010069028,0.015411377,0.0016930699,2.3370361,0.9863739,5.381958,8.32515,0.037413597,0.00044620037,0.0011748075,0.030871391,0.008082867,0.0033919811,0.005993545,0.012509674,0.07219927,0.15756458,0.01788187,23.41446,5.7784576,67.983,61.044373,0.27524483,0.0043611526,0.009668469,0.26770508,0.088618755,0.3658286,1.0656167,8.32515,SITTING
0.2866954,0.1630777,0.2565807,0.15007931,0.75931495,0.71663666,154.73662,143.72964,154.38286,148.01727,1.3089701,0.5243956,0.9582331,1.2217461,1.0459738,0.0004156262,0.00079453085,0.0006156899,0.0050416496,0.00863147,0.0036413823,0.99741393,0.4521133,5.855318,4.481162,0.016175238,0.00031940176,0.0016139726,0.022712315,0.0052206786,0.28588784,0.16170642,0.25540265,0.14193065,0.74424905,0.7074199,153.05396,142.87569,141.29135,138.51346,1.276323,0.5239132,0.9555021,1.1629653,1.0380067,0.28723764,0.1641927,0.25749844,0.16382939,0.7723659,0.7211521,157.61945,144.5069,162.06194,153.2475,1.3361077,0.52508664,0.9617512,1.251104,1.0545652,0.0013498068,0.0024862885,0.0020957887,0.021898732,0.028116882,0.0137322545,4.5654907,1.6312103,20.770584,14.734039,0.05978477,0.0011734366,0.00624913,0.0881387,0.016558528,0.00010306465,0.00021400483,0.00020214812,0.0022625579,0.002666757,0.0010819352,0.57924676,0.22051634,3.3984776,2.7396078,0.00931295,0.00010959239,0.0005989239,0.0119655505,0.0017124785,0.00015215497,0.00033270824,0.00025199263,0.0031544128,0.0037538244,0.001971602,0.8051445,0.32556427,4.487759,3.935477,0.011988178,0.00014279582,0.00092068873,0.016240828,0.002373626,0.00050988793,0.0010069013,0.0005963445,0.0094397515,0.0119012,0.006630361,1.8087463,1.1528168,13.065277,8.950516,0.037067294,0.00036025047,0.0024893284,0.041391373,0.007679224,0.002988875,0.00620614,0.0058622956,0.06561418,0.07733595,0.031376123,16.798157,6.3949738,98.55585,79.44862,0.27007556,0.0031781793,0.017368793,0.34700096,0.049661875,0.46453857,1.4870021,13.065277,SITTING
0.28710794,0.16343722,0.25741813,0.15090936,0.76127887,0.7196518,155.01219,143.59306,150.74828,146.15396,1.3069866,0.5241922,0.9603089,1.2159436,1.0473195,0.00016659824,0.00066334923,0.00047336478,0.006368078,0.006754769,0.0023729613,1.6514426,0.31309316,9.35037,6.2484465,0.028606405,0.0003629359,0.0015541059,0.031875927,0.0040674456,0.28687844,0.16208611,0.25658047,0.14339101,0.74367833,0.7167913,151.90773,143.05865,127.628174,135.29576,1.2436246,0.5234202,0.9564634,1.1542941,1.0379353,0.2875702,0.16430694,0.25820312,0.16387522,0.77260107,0.72693086,157.90714,144.3856,163.12671,156.32211,1.3485671,0.5248765,0.96272314,1.2600694,1.0536289,0.0006917715,0.0022208244,0.001622647,0.020484209,0.028922737,0.010139585,5.999405,1.3269501,35.498535,21.026352,0.10494256,0.0014562607,0.0062597394,0.10577524,0.015693665,0.000108748674,0.0002714935,0.00021627135,0.001987465,0.0037225834,0.00091243203,0.5657912,0.22155868,3.9637556,2.5220585,0.013211032,0.00017453062,0.00078017137,0.014081281,0.002186948,0.00016574105,0.00043593888,0.00029003288,0.0027398374,0.005460483,0.0015742998,0.74847883,0.26837084,7.114349,3.2300222,0.0184844,0.00022476327,0.0012593316,0.022727445,0.0030201126,0.0006043315,0.0015062988,0.00077062845,0.007821485,0.01754433,0.0051142573,1.7588959,0.5393524,29.48433,8.7921295,0.04778886,0.00053441525,0.0042277575,0.07827437,0.0087924,0.0031537116,0.007873312,0.006271869,0.057636485,0.10795492,0.026460528,16.407944,6.4252014,114.94891,73.139694,0.38311994,0.005061388,0.02262497,0.40835714,0.06342149,0.48738775,1.9733455,29.48433,SITTING
0.28684977,0.16291192,0.25825268,0.14825617,0.7549874,0.7194599,154.56842,142.67447,151.82013,145.6589,1.3072091,0.5244408,0.9605578,1.2199415,1.0432471,0.00014286932,0.00045411903,0.0010656976,0.005033323,0.007256868,0.0020019196,1.1368989,0.5060563,5.095495,5.0014176,0.02111347,0.00047556259,0.0022695165,0.019451726,0.0039151376,0.28659835,0.16163707,0.25666744,0.13904227,0.74042964,0.71571743,152.55501,141.3386,140.81927,138.60675,1.2595432,0.52375984,0.9571172,1.1810117,1.0362056,0.2871544,0.16354267,0.2608518,0.15572953,0.76397294,0.7240851,156.49312,143.63857,161.76993,157.42317,1.3478217,0.5251914,0.9658501,1.2616105,1.0486455,0.00055605173,0.0019056052,0.0041843653,0.01668726,0.023543298,0.008367658,3.9381104,2.2999725,20.950653,18.816422,0.08827853,0.0014315844,0.008732915,0.08059883,0.012439847,0.00010481785,0.00021438918,0.00040800817,0.0022779852,0.0037555941,0.00084776717,0.6338233,0.27847606,3.4252667,2.477256,0.010630887,0.00014452277,0.00080271834,0.010471509,0.0020795444,0.00014554101,0.00034025247,0.00064503035,0.0032640158,0.004937257,0.0011545317,0.7902336,0.4168405,4.5879626,3.6718147,0.017037766,0.00021821707,0.001139457,0.015978746,0.0027154123,0.00041782856,0.0012008548,0.002345413,0.009036392,0.012438774,0.0030269623,1.901535,1.4258423,13.061508,11.236633,0.06598687,0.0008330345,0.003962755,0.059491634,0.0070569515,0.0030397177,0.006217286,0.011832237,0.06606157,0.10891223,0.024585247,18.380875,8.075806,99.33273,71.84042,0.30829573,0.00419116,0.023278832,0.30367374,0.060306787,0.45643732,1.468458,13.061508,SITTING
0.28656292,0.16337675,0.25867766,0.15123166,0.7668631,0.7177168,155.92311,142.22803,152.17445,144.85971,1.3045516,0.52559555,0.9634421,1.220998,1.0489202,0.0002393202,0.000568539,0.0009048438,0.0037261164,0.0038783795,0.0020617738,1.26289,0.4523612,4.3083286,3.538321,0.013326277,0.00086796796,0.0033401372,0.013698455,0.002722304,0.2860454,0.16260386,0.25660092,0.14403613,0.7602408,0.71043277,153.12633,141.2207,140.24867,137.28564,1.2785037,0.52379966,0.9579644,1.1934459,1.0426733,0.28710052,0.16446434,0.2600577,0.15795657,0.7732494,0.7203454,157.82315,143.3226,159.35707,153.66913,1.3312852,0.5272684,0.96942616,1.247429,1.0537343,0.0010551214,0.0018604845,0.0034567714,0.013920441,0.0130085945,0.00991261,4.696823,2.1018982,19.108398,16.383484,0.052781582,0.003468752,0.011461735,0.053983092,0.011060953,9.5978896e-05,0.0002106947,0.0003803619,0.0013928429,0.0024102638,0.0010969577,0.35700673,0.2732686,2.9712725,2.3888123,0.01018971,0.0002532848,0.0009656692,0.009745491,0.0016335208,0.00015195165,0.00027135518,0.00047737785,0.001981416,0.0039075525,0.0022087381,0.46670195,0.3081322,3.7408106,3.4775019,0.014015674,0.00039566573,0.0014182469,0.012971014,0.0027862226,0.0004968047,0.0006902516,0.0011018813,0.005779594,0.0117301345,0.00991261,1.5190735,0.60757446,9.303558,11.598694,0.03929472,0.0011144876,0.0038859248,0.03631413,0.011060953,0.002783388,0.0061101466,0.011030495,0.040392444,0.06989765,0.031811774,10.353195,7.9247894,86.1669,69.27556,0.2955016,0.007345259,0.028004408,0.28261924,0.047372103,0.40124896,1.2653425,11.598694,SITTING
0.2868739,0.16244714,0.25867903,0.14749889,0.76172274,0.7159618,153.60219,142.49005,153.6933,145.24754,1.2929877,0.5247288,0.95861435,1.2153825,1.044903,0.0005135856,0.00040023192,0.00077176,0.0048666717,0.005446998,0.0028979187,1.6250745,0.4125539,5.2880645,4.98021,0.022639561,0.0005346377,0.0026067083,0.022220649,0.0029559985,0.28608686,0.16163033,0.2567707,0.13489701,0.74709773,0.7110876,149.7167,141.5797,144.06287,137.80452,1.2565944,0.5237357,0.95454025,1.1803734,1.0361888,0.28756687,0.16319287,0.25965548,0.1533046,0.77000165,0.72290725,156.71219,143.2726,162.68134,157.41046,1.3320634,0.52561736,0.96421814,1.2544955,1.0492294,0.0014800131,0.0015625358,0.0028847754,0.018407598,0.02290392,0.011819661,6.9954834,1.6929016,18.61847,19.605942,0.07546902,0.001881659,0.009677887,0.07412207,0.013040543,0.00012477307,0.00021754616,0.00046363266,0.0017859746,0.002938326,0.0008110219,0.5586164,0.17978169,3.4689322,3.10679,0.011965743,0.00016988351,0.0008534625,0.0130756395,0.0015530586,0.00018141362,0.00029368242,0.0006487688,0.0024699818,0.0041193757,0.0011771049,0.71922094,0.22664824,4.672834,4.7476306,0.017303502,0.00021633238,0.0014191888,0.01756095,0.00229118,0.0006002784,0.0007313937,0.0015849173,0.0082924515,0.0130649805,0.003860414,2.223709,0.58703613,11.379028,17.401428,0.049408436,0.0004924536,0.005008042,0.04190874,0.0071099997,0.0036184192,0.0063088387,0.013445348,0.051793262,0.085211456,0.023519635,16.199875,5.213669,100.59903,90.09691,0.34700656,0.004926622,0.024750412,0.37919354,0.0450387,0.48987195,1.6663623,17.401428,SITTING
0.28680035,0.16294684,0.25755465,0.1528005,0.76211226,0.7149905,155.29942,142.82504,157.11166,147.28885,1.3164046,0.5258995,0.9614693,1.2377979,1.0468199,0.00040802578,0.0004330891,0.0012156608,0.0068365536,0.006407575,0.0035907996,1.6918223,0.5465426,5.204569,5.860559,0.022154506,0.00048404344,0.0037663034,0.022779636,0.004106002,0.2860708,0.16215831,0.25582835,0.14105633,0.7480757,0.705215,152.48671,141.75545,143.0077,134.50426,1.2667458,0.5251325,0.95607233,1.1854274,1.0395753,0.2876498,0.163761,0.2601913,0.16544518,0.77158964,0.7201365,157.78659,143.78783,164.90038,157.39557,1.356102,0.5269163,0.9663965,1.2786193,1.0532656,0.0015790164,0.0016026944,0.004362941,0.02438885,0.023513913,0.014921546,5.299881,2.0323792,21.89267,22.891312,0.089356184,0.0017838478,0.01032418,0.09319186,0.013690233,0.00013790253,0.00024528595,0.0003447954,0.002376895,0.003084012,0.0010248546,0.6352234,0.25155902,2.4893546,2.872559,0.0092805745,0.00022442588,0.0007388633,0.010692765,0.0019938946,0.00025258318,0.0003226988,0.0004361832,0.003318796,0.00511851,0.0020177735,0.8806255,0.35321715,3.3853352,3.988934,0.014634722,0.0003120139,0.001146599,0.015664976,0.0031246184,0.0011267662,0.0009741336,0.0010163784,0.008665666,0.0186553,0.007910132,2.3532562,1.1444244,7.896469,9.923813,0.038959503,0.0010082126,0.002646625,0.047195435,0.011787534,0.0039991736,0.007113293,0.009999067,0.068929955,0.08943635,0.029720783,18.421478,7.295212,72.191284,83.304214,0.26913667,0.0065083504,0.021427035,0.31009018,0.057822943,0.41858935,1.3118913,9.923813,SITTING
0.28701985,0.16290238,0.25590736,0.14751603,0.7549588,0.71381086,153.83076,143.34564,157.3443,147.77492,1.3016529,0.5247462,0.95845616,1.2248,1.043764,0.00020944995,0.0004399704,0.00069126143,0.0034922003,0.009863236,0.00318119,1.3582475,0.36180264,6.192983,6.6139026,0.015804427,0.00091683376,0.0041943593,0.017716045,0.006041658,0.28662562,0.16209973,0.25482923,0.14322235,0.736505,0.7075367,151.91754,142.80432,143.69112,136.32108,1.2750335,0.5237267,0.953142,1.1914558,1.0335878,0.2875297,0.16362055,0.257589,0.15532285,0.7689257,0.7181529,156.58655,144.11052,165.98409,156.70807,1.3272368,0.527003,0.96841335,1.2506618,1.0524837,0.00090408325,0.0015208125,0.0027597845,0.012100503,0.032420754,0.010616183,4.6690063,1.3061981,22.292969,20.386993,0.052203298,0.0032762885,0.015271366,0.05920601,0.018895864,8.3251245e-05,0.00013041856,0.00031571038,0.0013652757,0.0030131051,0.0009237014,0.3729969,0.20093931,2.800136,2.0601206,0.007618937,0.00024745587,0.000753115,0.009610152,0.001593746,0.00012401742,0.00019316401,0.00045868446,0.0021484261,0.004892927,0.0017109971,0.5986075,0.2791106,4.547412,3.1009324,0.011139571,0.0003292745,0.0011080113,0.015082672,0.0024891363,0.0003129542,0.00068442523,0.0017001629,0.0064343363,0.016054153,0.007419586,1.9067688,0.8143616,14.930267,7.963867,0.03651476,0.00097465515,0.0034015775,0.050923467,0.007816672,0.0024142861,0.0037821382,0.009155601,0.039592996,0.08738005,0.02678734,10.81691,5.82724,81.20395,59.7435,0.22094917,0.0071762204,0.021840334,0.2786944,0.046218634,0.36398986,1.386063,14.930267,SITTING
0.28684577,0.16283956,0.25699437,0.15286358,0.75915736,0.7168769,155.32738,143.30829,153.58775,147.28651,1.3075444,0.52403015,0.95815426,1.2232786,1.0450306,0.00022408801,0.0007805259,0.0009855086,0.0035115734,0.0082255835,0.002592396,1.3440018,0.41518208,7.180768,5.7268767,0.020934239,0.0004897005,0.003718372,0.02039055,0.004399021,0.28655607,0.1614421,0.25492087,0.14668125,0.7445631,0.7110973,152.68166,142.57603,142.88966,137.39236,1.2800075,0.5232501,0.9535296,1.1949252,1.0362813,0.2874981,0.16390733,0.25905776,0.15850548,0.77636415,0.7213292,158.26466,144.06735,165.27956,157.81348,1.3448862,0.5250615,0.96543294,1.262557,1.0557523,0.0009420216,0.0024652332,0.00413689,0.011824235,0.031801045,0.010231912,5.583008,1.4913177,22.389893,20.421112,0.0648787,0.0018113852,0.011903346,0.06763184,0.01947093,9.6072414e-05,0.0002467324,0.00035111042,0.002472986,0.0039001622,0.0011050784,0.71550196,0.16284864,3.1207013,2.968934,0.01047684,0.00017614405,0.00065296475,0.010550581,0.0022083644,0.00014769072,0.00039884192,0.00045649696,0.0031982956,0.004998724,0.0018325011,0.8711804,0.2212282,5.1520095,4.311405,0.016194446,0.0002291237,0.00090571394,0.017624889,0.002771654,0.00045910478,0.0016215444,0.0012444556,0.0076745152,0.012125015,0.007537842,2.1134796,0.65823364,17.743454,12.816757,0.05124128,0.0005913973,0.0023420453,0.056497335,0.0061861277,0.0027861,0.0071552396,0.010182202,0.07171659,0.1131047,0.03204727,20.749557,4.7226105,90.500336,86.09909,0.30382836,0.0051081777,0.018935978,0.30596685,0.06404257,0.46668154,1.6901013,17.743454,SITTING
0.28789517,0.15863396,0.25560096,0.3682896,0.88880557,0.7255675,166.58235,172.24843,175.19904,177.86127,1.67457,0.3422958,0.9399188,1.4247193,0.9224486,0.011396519,0.006264327,0.024012081,0.061068647,0.058523953,0.08447008,4.9728255,8.266462,4.005977,1.9915049,0.08843121,0.06441947,0.016941817,0.041635945,0.045566082,0.2633332,0.14704658,0.21764155,0.25169435,0.79576856,0.5071341,159.746,142.85974,165.98311,173.65158,1.5137227,0.2513122,0.89936006,1.3574638,0.80387306,0.30294916,0.16765234,0.2961323,0.47959498,0.95140177,0.8221413,176.58551,178.83275,179.50209,179.97508,1.7977725,0.43834955,0.9610825,1.4903731,0.9702103,0.03961596,0.020605758,0.07849075,0.22790062,0.15563321,0.3150072,16.839508,35.973007,13.518982,6.3235016,0.28404987,0.18703735,0.061722457,0.1329093,0.16633725,0.0029195475,0.0023627877,0.0051795053,0.022849713,0.00704844,0.024801755,1.2133837,3.2513328,0.97293246,0.41837338,0.015890192,0.0064643146,0.004675865,0.00862272,0.012789163,0.0036808148,0.003445357,0.0071201604,0.038005576,0.008753863,0.04045156,1.5427897,6.4347897,1.756273,0.6696337,0.0205548,0.005542253,0.008452898,0.013252279,0.021799464,0.012434661,0.008828789,0.0162009,0.12295684,0.031351566,0.14066827,4.506851,21.78334,6.873459,2.7638397,0.06541872,0.018140197,0.035301447,0.042173862,0.07734901,0.08466688,0.068520844,0.15020566,0.66264164,0.20440477,0.7192509,35.188126,94.28865,28.215042,12.132828,0.46081555,0.18746513,0.13560009,0.2500589,0.37088573,0.39797512,1.7379842,21.78334,STANDING
0.2518094,0.16009401,0.24664058,0.3959488,0.7557856,0.7553323,178.17133,176.84671,179.18544,179.6268,1.4537854,0.4489504,0.9402899,1.3381087,0.966078,0.0033698003,0.0023785953,0.003920063,0.01084676,0.016062003,0.019084444,1.3580732,0.7549855,0.43526414,0.18877375,0.020011226,0.0023805036,0.0029847596,0.014723936,0.011388401,0.24703316,0.1569915,0.24300869,0.38418546,0.7307807,0.7292571,175.20294,175.18416,178.07285,179.29663,1.4312674,0.44350824,0.93384683,1.3161578,0.9493824,0.26058227,0.16398653,0.25547293,0.42278022,0.786539,0.7923113,179.96935,178.10927,179.91734,179.97623,1.4934027,0.4518728,0.94370615,1.3583486,0.9849786,0.013549104,0.006995037,0.01246424,0.038594753,0.055758297,0.063054204,4.766403,2.9251099,1.8444977,0.67959595,0.06213534,0.008364558,0.0098593235,0.04219079,0.035596192,0.00087051146,0.0008216331,0.00068834575,0.0020290469,0.003196071,0.0038350923,0.46243602,0.41394097,0.21268436,0.20523123,0.0034988008,0.0004179344,0.0006039677,0.0026642783,0.0026950878,0.0010987936,0.0011514367,0.00087731646,0.002359812,0.003944356,0.0050036274,0.6214456,0.54767096,0.27613282,0.2515466,0.003852465,0.0005539269,0.00090776966,0.0038514333,0.003773954,0.0029859394,0.003308177,0.0031731576,0.0058644116,0.011860788,0.016556561,1.7065125,1.3967285,0.78034973,0.55763245,0.00805831,0.001473099,0.0030815601,0.013548732,0.012097836,0.025244832,0.02382736,0.019962028,0.05884236,0.09268606,0.11121768,13.410645,12.004288,6.1678467,5.951706,0.101465225,0.012120098,0.017515063,0.07726407,0.078157544,0.08770756,0.2187432,1.7065125,STANDING
0.24990813,0.16052416,0.24616578,0.39469403,0.7421993,0.74982,177.123,177.67691,179.28258,179.63033,1.4485768,0.45173505,0.9412603,1.3351632,0.9592432,0.00073172036,0.0013587895,0.0004658882,0.0028232287,0.008934683,0.0058052284,1.4330828,0.49053517,0.55308944,0.27831367,0.004002694,0.0019388482,0.0023889113,0.0088483635,0.0075062043,0.24873799,0.15748432,0.24517173,0.38812533,0.7249282,0.73907876,174.94833,176.62279,177.797,179.10051,1.438068,0.4485449,0.93660784,1.3206129,0.9452087,0.25175804,0.16259173,0.24701817,0.4013322,0.7577706,0.757702,179.16324,178.61633,179.9992,179.99834,1.4546742,0.45411104,0.94438004,1.3476291,0.96983594,0.0030200481,0.005107403,0.0018464476,0.013206869,0.032842398,0.018623233,4.214905,1.9935455,2.2022095,0.89782715,0.016606212,0.00556615,0.0077722073,0.027016163,0.024627209,0.00042581095,0.00054937653,0.00043845075,0.002405441,0.0032606022,0.0027423399,0.3557718,0.2919101,0.26633164,0.18777834,0.0022139507,0.0002809763,0.0005238488,0.0023429436,0.0025712703,0.00055346166,0.00066234486,0.0005957357,0.0030736746,0.004583658,0.0042208154,0.46073025,0.387985,0.36252484,0.24818614,0.0029817768,0.00039886593,0.0007986229,0.0033050408,0.003427885,0.001750499,0.0013017654,0.0016464442,0.007145852,0.015041113,0.015093327,1.2993164,1.0069275,0.93437195,0.62046814,0.006325841,0.0017392039,0.0025326014,0.010021329,0.00994575,0.012348518,0.01593192,0.012715071,0.06975779,0.094557464,0.079527855,10.317383,8.465393,7.7236176,5.445572,0.06420457,0.008148313,0.015191615,0.06794536,0.07456684,0.07463647,0.17820793,1.2993164,STANDING
0.25103182,0.15794593,0.24597047,0.3863034,0.74644536,0.75605613,175.86621,178.93452,179.5288,179.6082,1.4399107,0.45212305,0.9369478,1.3321614,0.9666594,0.0013658726,0.0006810433,0.00066362997,0.004376145,0.0031822328,0.008129143,0.23536623,0.3598806,0.41021767,0.26677826,0.0061707892,0.0009008916,0.0020210342,0.00585465,0.0044598025,0.24922606,0.15667118,0.24489415,0.3805978,0.74316347,0.7448289,175.17609,177.92175,178.65764,179.12482,1.4305253,0.45031598,0.9344802,1.3216033,0.9610493,0.2532458,0.15915094,0.247532,0.39543617,0.7555682,0.7781478,176.18372,179.5623,179.9986,179.96188,1.451409,0.45352995,0.9431047,1.3444679,0.9799905,0.0040197372,0.0024797618,0.0026378483,0.014838368,0.01240474,0.033318937,1.0076294,1.6405487,1.3409576,0.83706665,0.02088368,0.0032139719,0.008624494,0.02286458,0.018941164,0.00043835002,0.00042532384,0.0005077607,0.0017955652,0.001206174,0.0034465974,0.15473622,0.2485641,0.15063213,0.11098296,0.0021212718,0.00029988433,0.0005356053,0.0023631186,0.0019790921,0.0005663996,0.00055139756,0.0006342066,0.0023614329,0.0024115827,0.0057277577,0.18868113,0.30259895,0.1949033,0.14558782,0.003310153,0.00038273656,0.0010367447,0.003949226,0.0035756761,0.0013328344,0.0015591681,0.0013322234,0.0064239204,0.011437297,0.017932892,0.41004944,0.6035156,0.56407166,0.45111084,0.010574698,0.00097101927,0.005087137,0.015001297,0.01347965,0.012712151,0.0123343915,0.014725059,0.052071393,0.034979045,0.09995133,4.4873505,7.208359,4.368332,3.2185059,0.06151688,0.0086966455,0.015532553,0.06853044,0.05739367,0.045335606,0.10226076,0.6035156,STANDING
0.25306585,0.15892553,0.2468586,0.38647482,0.75083935,0.7609793,176.07373,178.90517,179.25032,179.8023,1.4453838,0.4497699,0.93464667,1.3348231,0.96872735,0.0004184216,0.00052750565,0.00036040926,0.0019166295,0.0042850277,0.0066505447,0.26332843,0.20604213,0.27711633,0.12717348,0.0070902626,0.00039586454,0.002088663,0.008059001,0.0043108757,0.2522078,0.15781982,0.24582104,0.38320568,0.7452431,0.7504439,175.60396,178.50597,178.60593,179.58197,1.4348243,0.44906917,0.93030334,1.3207562,0.96237564,0.25365108,0.15984,0.2474056,0.3896311,0.75831145,0.7709927,176.6631,179.31418,179.87157,179.99689,1.4574144,0.4504342,0.93845683,1.3497787,0.97702885,0.0014432967,0.0020201802,0.0015845597,0.0064254105,0.013068378,0.02054882,1.0591431,0.8082123,1.2656403,0.414917,0.022590041,0.0013650358,0.008153498,0.029022455,0.014653206,0.00019229589,0.00021172084,0.00022434161,0.000721767,0.002246719,0.0024665513,0.110964544,0.13064681,0.20960262,0.08755598,0.003525812,0.00016858146,0.0009696278,0.0038647817,0.002065301,0.0002584795,0.0002900001,0.00028567587,0.0009858238,0.0036686459,0.004162744,0.15444542,0.17003468,0.27347204,0.114041686,0.0047657196,0.0002251136,0.0012215337,0.005357366,0.003425525,0.0007606149,0.0010524988,0.0006930232,0.0029652119,0.0106006265,0.012474179,0.5051117,0.44947815,0.6404724,0.32640076,0.012010694,0.0004937053,0.0026510358,0.012904406,0.011803865,0.0055765808,0.0061399043,0.0065059066,0.020931244,0.06515485,0.071529984,3.2179718,3.7887573,6.078476,2.5391235,0.10224855,0.0048888624,0.028119206,0.11207867,0.059893727,0.037028495,0.089561,0.6404724,STANDING
0.2535139,0.15883155,0.24705967,0.38573492,0.75452214,0.7612555,175.91847,178.7895,179.01035,179.83177,1.4459723,0.450999,0.9373324,1.3367835,0.9720239,0.00039872155,0.0005175011,0.0007482473,0.0014247564,0.0032956705,0.0053233528,0.22164963,0.35701156,0.46355858,0.15531594,0.007693121,0.0009828435,0.0010339414,0.006002324,0.0033521978,0.2522755,0.15747455,0.24525456,0.3822994,0.746798,0.7448591,175.54424,178.1142,178.3491,179.44588,1.4215585,0.4493791,0.9328321,1.3164668,0.96354556,0.25411305,0.1597924,0.24806374,0.3877721,0.7592476,0.7706127,176.41037,179.32524,179.96205,179.9939,1.4548761,0.4524141,0.93864274,1.3434539,0.9778993,0.0018375516,0.0023178458,0.0028091818,0.0054727197,0.012449622,0.025753617,0.86613464,1.2110443,1.6129456,0.5480194,0.033317566,0.003035009,0.0058106184,0.026987076,0.014353752,0.00015928416,0.00021129538,0.00024895935,0.00076706347,0.0014403092,0.0029133537,0.1673242,0.17098999,0.19922665,0.10258116,0.0017824132,0.00020577168,0.00045203956,0.0020034066,0.0019454443,0.00021303153,0.00028495712,0.00037780835,0.0011266734,0.0023934562,0.00465546,0.23662005,0.22053987,0.2877282,0.13316765,0.002573372,0.00025816527,0.0007316188,0.0027184377,0.002889461,0.00070622563,0.0007970333,0.0014598817,0.003926128,0.008403122,0.015055895,0.80815125,0.55314636,0.7680359,0.29826355,0.008109093,0.0006676614,0.003134787,0.008613229,0.0076276064,0.0046192408,0.006127566,0.007219821,0.02224484,0.041768968,0.08448726,4.8524017,4.9587097,5.7775726,2.9748535,0.051689982,0.0059673786,0.013109148,0.058098793,0.056417882,0.043483417,0.10865795,0.80815125,STANDING
0.25256702,0.15542768,0.2436464,0.38445744,0.7491717,0.7558542,175.98888,178.01515,178.56688,179.65431,1.4214504,0.45611233,0.93455964,1.3264468,0.9755252,0.00058343133,0.0009091159,0.0006788845,0.0027785562,0.0042366446,0.0059089926,0.19122943,0.4706396,0.6501685,0.22866729,0.0052885646,0.001297545,0.0011657346,0.0053617577,0.0048272163,0.25145686,0.15417482,0.24229157,0.3797547,0.7404914,0.74215895,175.59305,177.19511,177.58946,179.1812,1.4132715,0.45306307,0.93265927,1.3114134,0.96652424,0.25346974,0.15727901,0.24589865,0.39042574,0.75741684,0.76788354,176.36038,178.87134,179.70573,179.9691,1.4328111,0.45840532,0.93616533,1.3358185,0.98274505,0.0020128787,0.003104195,0.0036070794,0.010671049,0.016925454,0.02572459,0.767334,1.6762238,2.116272,0.78790283,0.019539595,0.005342245,0.0035060644,0.024405122,0.016220808,0.00019326292,0.00020769342,0.00040713363,0.001374813,0.0034342736,0.002763557,0.12587027,0.23021935,0.29864082,0.15975374,0.0025510131,0.00025805214,0.0004503398,0.0025857235,0.0028226397,0.00031196157,0.00034735896,0.0006418245,0.0018415138,0.004479518,0.0056855143,0.15168548,0.30895147,0.40803412,0.21850017,0.0035611233,0.00037383565,0.0007047785,0.0036341478,0.0040981905,0.0011355281,0.0012141764,0.0019288808,0.0044175386,0.012000263,0.022940457,0.30181885,0.9997406,0.95495605,0.4812622,0.009566069,0.0015223026,0.0026875734,0.009465218,0.014965355,0.0056046247,0.006023109,0.0118068755,0.039869577,0.09959394,0.08014315,3.650238,6.676361,8.6605835,4.6328583,0.07397938,0.007483512,0.0130598545,0.07498598,0.08185655,0.05543551,0.13838369,0.9997406,STANDING
0.252035,0.15578859,0.24366578,0.3833504,0.7490923,0.7532976,175.98564,178.21777,178.75443,179.73012,1.4198948,0.4577917,0.9337848,1.3267268,0.97581536,0.00043840258,0.0005029854,0.00036946288,0.001988786,0.003870822,0.0058178175,0.22020109,0.46049973,0.407761,0.17293622,0.005955534,0.00046227715,0.0026016575,0.005921808,0.0034438798,0.2510685,0.15481335,0.2429376,0.38107663,0.74120283,0.74410784,175.63092,177.44019,178.33585,179.38206,1.4094123,0.45708176,0.9280829,1.3157432,0.96826345,0.25292656,0.15644692,0.24435869,0.38776278,0.7571086,0.767395,176.55699,179.42468,179.69707,179.99493,1.4309016,0.45886004,0.937812,1.3356713,0.9827035,0.0018580556,0.0016335696,0.0014210939,0.006686151,0.015905797,0.023287177,0.92607117,1.9844971,1.3612213,0.61286926,0.021489382,0.0017782748,0.009729087,0.019928098,0.01444006,0.00023393282,0.000198856,0.0003154463,0.0007356107,0.003628293,0.0024338304,0.11388581,0.12886626,0.20121555,0.1293777,0.0030229504,0.00017643385,0.0010515924,0.0036346377,0.0024533477,0.0003088935,0.00026069488,0.0003977611,0.0010170364,0.0044248034,0.004003108,0.14920719,0.16607669,0.3111038,0.17550756,0.0041020783,0.0002823795,0.0017899023,0.0052098986,0.0032498604,0.00081694126,0.0006721169,0.0010988712,0.0029016137,0.009821355,0.0140962005,0.4020691,0.45855713,1.0682068,0.47761536,0.01077497,0.0008916259,0.0055538416,0.0142508745,0.011054754,0.0067840517,0.005766824,0.009147942,0.021332711,0.1052205,0.07058108,3.3026886,3.7371216,5.835251,3.7519531,0.08766556,0.005116582,0.03049618,0.105404496,0.071147084,0.039415345,0.10197773,1.0682068,STANDING
0.2522393,0.15655702,0.24352524,0.3811734,0.7444454,0.750758,176.14633,178.41818,178.79947,179.68953,1.4199268,0.45739588,0.933798,1.32536,0.9722553,0.0004783026,0.0009849516,0.00034713032,0.0020639165,0.005424609,0.008586979,0.24047752,0.24226868,0.40348873,0.20033905,0.0052664056,0.0013603314,0.002134102,0.005912155,0.0069977366,0.25154763,0.15436044,0.24288505,0.37819758,0.73748064,0.7391213,175.71335,177.98848,177.95822,179.35461,1.4092083,0.45509553,0.92757595,1.3143711,0.96370804,0.25313792,0.15809736,0.24425013,0.38648584,0.75507003,0.7666175,176.6795,178.81183,179.26009,179.99449,1.4292396,0.45891625,0.93606234,1.3345705,0.9840056,0.0015902817,0.0037369132,0.0013650805,0.008288264,0.01758939,0.02749616,0.966156,0.823349,1.3018646,0.6398773,0.020031333,0.0038207173,0.00848639,0.020199418,0.020297527,0.0001323367,0.0002421562,0.00023679846,0.00095812615,0.0025096596,0.002482591,0.13615575,0.13196537,0.1832607,0.11709858,0.002222386,0.00020014521,0.00064515654,0.0028911293,0.0021429514,0.00018875615,0.00028521538,0.000313451,0.0015052224,0.0036229892,0.0047293063,0.16812,0.17445213,0.22133982,0.14100379,0.0030724774,0.0002454878,0.00089633383,0.0041349134,0.00375599,0.0006072521,0.00075528026,0.0008788407,0.005871147,0.010222375,0.016899467,0.4177704,0.46209717,0.51904297,0.31860352,0.0075643063,0.00077939034,0.0026489496,0.011197448,0.013083756,0.0038377643,0.00702253,0.0068671554,0.027785659,0.07278013,0.07199514,3.9485168,3.8269958,5.31456,3.3958588,0.06444919,0.005804211,0.01870954,0.083842754,0.06214559,0.038876254,0.08419952,0.51904297,STANDING
0.25243685,0.15674393,0.24386828,0.38383183,0.7433476,0.7588459,175.94627,178.79625,178.49344,179.69653,1.422189,0.45538843,0.93519986,1.325248,0.9731887,0.0004793777,0.0015297885,0.00095664343,0.0028028255,0.005490342,0.007103871,0.26719528,0.31599364,0.49020147,0.20495172,0.008940102,0.0013382694,0.001821236,0.0071975277,0.004545028,0.25172263,0.15473056,0.24225543,0.3787002,0.7317845,0.7367592,175.63226,178.00838,177.89203,179.34406,1.4103352,0.4541346,0.9321297,1.3119338,0.96504813,0.25318354,0.15996549,0.24539733,0.39202225,0.75585735,0.77030855,176.63939,179.39967,179.43393,179.98256,1.4349974,0.45845687,0.9383919,1.3362654,0.98379326,0.0014609098,0.005234927,0.003141895,0.013322055,0.024072826,0.03354937,1.0071259,1.3912964,1.5419006,0.638504,0.024662256,0.0043222606,0.006262243,0.024331689,0.018745124,0.00019079036,0.00038298965,0.00040147683,0.0014380104,0.0022901974,0.0026251613,0.13191171,0.21240182,0.17901033,0.12164412,0.0020169555,0.0002658439,0.0005547733,0.0024307186,0.0021786834,0.00024702318,0.00061969133,0.0005845349,0.001801471,0.0032300465,0.004352411,0.17924571,0.30543727,0.23590615,0.1518481,0.0029457705,0.0004443291,0.00082053954,0.0033163931,0.0029738045,0.00051409006,0.0019537657,0.0016649961,0.0038026273,0.008042574,0.017870665,0.49064636,0.90600586,0.7061157,0.38716125,0.009003162,0.0019841194,0.0022230148,0.009570122,0.008820713,0.0055329204,0.0111067,0.011642829,0.0417023,0.06641573,0.076129675,3.8254395,6.1596527,5.1912994,3.5276794,0.058491707,0.0077094734,0.016088426,0.07049084,0.06318182,0.043982904,0.1084518,0.90600586,STANDING
0.25116402,0.15617831,0.24330334,0.3801824,0.7413462,0.74318653,175.7654,178.75757,178.37033,179.38034,1.4164618,0.459576,0.9354461,1.3225144,0.9689588,0.00031050027,0.00055833306,0.00062522304,0.0022099372,0.0033890512,0.005019162,0.22483721,0.49463,0.40041393,0.38855323,0.0030064096,0.0007316142,0.0007899565,0.0053400355,0.0035854871,0.2506006,0.15539643,0.24233988,0.3764729,0.73568076,0.73185724,175.33191,177.62682,177.52254,178.52141,1.4102664,0.45790815,0.9339671,1.311506,0.9605417,0.2516261,0.15710439,0.24448961,0.38465005,0.750938,0.75105435,176.21756,179.38072,179.05058,179.98538,1.4222114,0.46028107,0.93730223,1.3321843,0.9778017,0.0010254979,0.0017079562,0.002149731,0.008177161,0.015257239,0.019197106,0.88565063,1.7539062,1.5280457,1.463974,0.011945009,0.0023729205,0.0033351183,0.020678282,0.017259955,0.00010383334,0.00021990208,0.00024546168,0.00085942296,0.0022583173,0.0022418972,0.12039816,0.24257791,0.2421833,0.18259457,0.0013115776,0.00015479223,0.00036055877,0.0023647835,0.0019044301,0.00014721874,0.00030619733,0.0003466315,0.0013600792,0.0032915855,0.0034368748,0.15895304,0.31498918,0.31411958,0.2495344,0.0020311095,0.0002260383,0.00053840724,0.0034574422,0.0024626576,0.00036874413,0.0008986443,0.0009394586,0.005220145,0.008757889,0.008442819,0.42134094,0.7936554,0.7191467,0.7479706,0.0071099997,0.0007123053,0.0014542341,0.010006666,0.0046731234,0.003011167,0.0063771605,0.007118389,0.024923265,0.0654912,0.06501502,3.4915466,7.0347595,7.0233154,5.2952423,0.03803575,0.004488975,0.010456204,0.06857872,0.05522847,0.053318594,0.12755078,0.7936554,STANDING
0.25121543,0.15597829,0.2427374,0.38137007,0.7441529,0.7484248,175.86151,178.53642,178.95308,179.76703,1.4207491,0.45967755,0.93696046,1.3272431,0.9737505,0.00030226054,0.0005646809,0.00064256816,0.0015617448,0.0065578003,0.0050939135,0.25955746,0.33706808,0.32535014,0.18221548,0.0073470194,0.00041071663,0.0020471464,0.007316682,0.003505917,0.25080392,0.15483288,0.24120153,0.3775657,0.73325956,0.7349614,175.4437,177.7827,178.38031,179.29042,1.4057556,0.45887136,0.9323467,1.3117936,0.9685961,0.25204945,0.15692991,0.24374954,0.3848723,0.7546634,0.75674295,176.37033,179.00435,179.79256,179.99374,1.4329276,0.4605003,0.94072354,1.34156,0.98222107,0.0012455285,0.0020970255,0.0025480092,0.007306576,0.02140385,0.021781564,0.92663574,1.2216492,1.4122467,0.70332336,0.02717197,0.0016289353,0.008376837,0.02976644,0.013624966,0.00014631193,0.00017743738,0.00038566568,0.0010789777,0.0028786843,0.0025891743,0.15743335,0.21750668,0.18338381,0.10286371,0.0023834459,0.00026961134,0.0011538226,0.003669932,0.0024852813,0.000183755,0.00024827648,0.0005072369,0.0014665794,0.003611163,0.004680642,0.21931079,0.28410038,0.25856358,0.13886,0.0037305916,0.000413498,0.0017350054,0.0053826994,0.003365233,0.00039756298,0.0007068217,0.0013929605,0.0035341978,0.0077231526,0.01594168,0.5432739,0.584198,0.77845764,0.31822205,0.013972044,0.0011803806,0.0048103333,0.016695619,0.009198606,0.004243046,0.005145684,0.011184305,0.031290352,0.08348185,0.07508606,4.565567,6.3076935,5.3181305,2.9830475,0.06911993,0.007818729,0.033460855,0.10642803,0.07207316,0.04522706,0.11094075,0.77845764,STANDING
0.25073996,0.15687233,0.24328785,0.38226187,0.7438441,0.7461615,175.59125,178.79576,178.98729,179.75859,1.4248508,0.4588042,0.938997,1.3266276,0.9706351,0.00038533477,0.00047847195,0.00034897335,0.0018898675,0.0043373774,0.005427799,0.47645095,0.23897432,0.44277683,0.3059608,0.006878915,0.0011349141,0.0021503922,0.008763235,0.00350234,0.2500101,0.1559337,0.24253502,0.3791898,0.73624754,0.73517776,174.7795,178.17912,177.82358,179.01735,1.4126263,0.45695192,0.9350503,1.3148537,0.9631821,0.25139165,0.15762939,0.24383077,0.3867297,0.7546405,0.75632364,176.6286,179.27592,179.57288,179.99763,1.4392141,0.46041587,0.94269013,1.3413551,0.979432,0.0013815463,0.0016956925,0.0012957454,0.007539898,0.01839298,0.02114588,1.8491058,1.0968018,1.7492981,0.98028564,0.026587844,0.0034639537,0.0076398253,0.026501417,0.016249895,0.00018448973,0.00031171946,0.0002458409,0.0010642841,0.0026674229,0.0020415927,0.1939129,0.17179818,0.24680355,0.16088551,0.0026069386,0.00024232679,0.0008767946,0.0028048218,0.0021030614,0.0002628942,0.0004131172,0.00035595815,0.0012971839,0.004461471,0.002938697,0.2494771,0.23352043,0.3907551,0.25078294,0.0039823144,0.00032220682,0.0013302143,0.0046153953,0.0030494176,0.00066271424,0.0011131912,0.0011134148,0.0026005208,0.01800239,0.008312821,0.65989685,0.6322174,1.4591827,0.78245544,0.01218009,0.00084781647,0.0043957233,0.0146638155,0.010339379,0.0053502023,0.009039864,0.007129386,0.030864239,0.077355266,0.059206188,5.623474,4.982147,7.157303,4.66568,0.07560122,0.007027477,0.025427043,0.081339836,0.060988784,0.052569963,0.13978098,1.4591827,STANDING
0.25120336,0.15648301,0.24428193,0.3823458,0.74176884,0.7474945,175.83847,178.47438,178.33197,179.20624,1.4209961,0.45797926,0.9351159,1.323723,0.9684327,0.00042159265,0.0006646043,0.00079127535,0.0019027459,0.0075623193,0.0073566474,0.37356234,0.46413627,0.23967722,0.29172808,0.004022803,0.0005504284,0.0009914543,0.0027409429,0.006793838,0.25056857,0.15515502,0.24323319,0.37892312,0.7317477,0.732577,175.21231,177.42169,177.69781,178.53813,1.4102031,0.4569968,0.93327665,1.3175149,0.9578335,0.25186592,0.15778375,0.2460122,0.3871031,0.75306875,0.7562229,176.57788,179.48666,178.98235,179.60753,1.428985,0.4588204,0.9366686,1.3292254,0.9782525,0.0012973547,0.0026287287,0.002779007,0.008179992,0.021321058,0.023645878,1.3655701,2.064972,1.2845306,1.069397,0.0187819,0.0018236041,0.0033919215,0.011710525,0.020418942,0.00020450764,0.00035804664,0.00028071014,0.0008986007,0.0023709391,0.0026728655,0.1323258,0.2283704,0.17032334,0.13647619,0.0021660863,0.0001938898,0.0006129084,0.002194939,0.0023712537,0.0002614719,0.000535861,0.00040049895,0.0012043153,0.0038605244,0.00398498,0.19534701,0.32059467,0.22807987,0.1912809,0.0028409981,0.00027553277,0.0008316979,0.0029476024,0.003170482,0.00065657496,0.0018887669,0.0011544973,0.0024254322,0.012259841,0.009999454,0.570755,0.93104553,0.6748352,0.4747162,0.006490946,0.00094786286,0.0027675033,0.008904099,0.010427594,0.0059307218,0.010383353,0.008140594,0.026059419,0.068757236,0.0775131,3.8374481,6.6227417,4.939377,3.9578094,0.0628165,0.005622804,0.017774343,0.06365323,0.068766356,0.045454696,0.11537099,0.93104553,STANDING
0.2512934,0.15646955,0.24307248,0.38419086,0.7440105,0.75081676,175.4783,178.29266,178.43037,179.46878,1.4180264,0.45741576,0.93492323,1.3216946,0.97198635,0.0005941076,0.0005827228,0.00049867074,0.002434086,0.005102501,0.004054709,0.25618294,0.39211813,0.5153794,0.3914023,0.0050469716,0.00056151923,0.0012621545,0.004530523,0.003549994,0.25046375,0.1551581,0.2422045,0.37978882,0.7377152,0.74350834,175.0191,177.48708,177.18452,178.6198,1.4090648,0.45656797,0.9325175,1.3139057,0.96534586,0.25217026,0.1575068,0.24410306,0.388992,0.7565997,0.7592266,176.10739,178.91698,179.15704,179.99437,1.4239125,0.45874673,0.9376496,1.3295424,0.9816077,0.0017065108,0.0023486912,0.001898557,0.009203196,0.01888454,0.015718281,1.0882874,1.4299011,1.9725189,1.3745728,0.014847755,0.0021787584,0.005132079,0.015636683,0.016261816,0.00015887927,0.00018964554,0.0002209945,0.0013753864,0.0026598491,0.0015287255,0.15127195,0.24400698,0.21087962,0.10165984,0.0014598287,0.00022465608,0.0005612517,0.002328733,0.00197872,0.00022417655,0.00023962297,0.00026742552,0.0017066905,0.0041554146,0.0025400664,0.20218332,0.29798985,0.2953572,0.13895898,0.0024504596,0.00029381257,0.0008709569,0.0039678914,0.002702211,0.0007444322,0.0005373657,0.000656873,0.0046714544,0.013700426,0.0074543357,0.5154724,0.61447144,0.72065735,0.38452148,0.009164572,0.0009663999,0.002629578,0.013312817,0.006952524,0.0046074986,0.0054997206,0.0064088404,0.039886206,0.07713562,0.04433304,4.3868866,7.0762024,6.115509,2.9481354,0.042335033,0.006515026,0.0162763,0.067533255,0.05738288,0.048033673,0.11619378,0.72065735,STANDING
0.25161245,0.15700531,0.2433056,0.3838324,0.73973167,0.75024414,175.6971,178.07411,178.81764,179.5372,1.4165229,0.45961776,0.938112,1.3244634,0.9715174,0.00043124068,0.00094024657,0.0006720923,0.0018881818,0.0053431042,0.004162542,0.42510298,0.34376016,0.40540555,0.36755216,0.010366987,0.0005346179,0.0037963688,0.009861217,0.003027727,0.25055733,0.15554385,0.24233061,0.3810434,0.7317782,0.7410076,174.99152,177.2463,178.06416,178.61765,1.3977916,0.45757186,0.9315031,1.3029302,0.9661242,0.25279334,0.15880257,0.24453276,0.38858363,0.7499522,0.75923157,176.54982,178.73701,179.53784,179.9658,1.4300344,0.4605295,0.9434961,1.3364384,0.98097783,0.0022360086,0.00325872,0.0022021532,0.007540226,0.018173993,0.018223941,1.5583038,1.4907074,1.4736786,1.3481598,0.032242775,0.002957642,0.011992991,0.03350818,0.014853656,0.0002306001,0.00040098716,0.00031090758,0.0011632853,0.0019273203,0.0022098464,0.19512255,0.24795426,0.23342475,0.1669864,0.003572682,0.000266998,0.0010213524,0.0035627629,0.0018705747,0.00032666023,0.00056809734,0.00039828528,0.0016308054,0.00312446,0.0037400154,0.25353765,0.32398504,0.3014765,0.2278251,0.005468959,0.00040769723,0.0017699318,0.0055038496,0.00259786,0.0009126067,0.0013848245,0.0011013895,0.004292667,0.01045841,0.010617256,0.7055054,1.0220032,0.69158936,0.7260742,0.014805913,0.001701653,0.0055618286,0.016954303,0.006228149,0.0066874027,0.011628628,0.00901632,0.033735275,0.05589229,0.06408554,5.658554,7.190674,6.7693176,4.8426056,0.103607774,0.0077429414,0.029619217,0.10332012,0.054246664,0.05733502,0.13289557,1.0220032,STANDING
0.2517221,0.15650994,0.24405201,0.38758782,0.74536294,0.75380933,176.32257,177.99196,178.1746,179.31612,1.4158422,0.46166602,0.93789065,1.3240787,0.97701615,0.0007007204,0.00070643064,0.00053890306,0.0024610243,0.006228209,0.0050717094,0.20416993,0.6518389,0.5010105,0.41594127,0.010751125,0.00072572567,0.0027851327,0.010389573,0.0051614814,0.25081638,0.15514071,0.24295698,0.38434473,0.7339051,0.7429583,175.95784,177.01903,177.38678,178.46779,1.3989223,0.46037558,0.9340869,1.3016052,0.96796614,0.2532896,0.15759555,0.24497752,0.3937228,0.76069355,0.76329523,176.83221,179.27281,178.87009,179.95168,1.4326439,0.46283668,0.9436607,1.3402593,0.9873197,0.0024732351,0.0024548322,0.0020205379,0.009378076,0.026788473,0.020336926,0.8743744,2.2537842,1.4833069,1.4838867,0.033721566,0.0024611056,0.009573758,0.03865409,0.019353569,0.00027461606,0.00028554426,0.00031701347,0.0012769925,0.0037763983,0.0020501409,0.13561222,0.28236127,0.15434055,0.15249318,0.00349097,0.00024332877,0.00087251747,0.004021587,0.0026432748,0.0003973503,0.00044531637,0.00040049086,0.0017769561,0.0048442944,0.0034187601,0.20164032,0.35004362,0.20044948,0.19664744,0.0050329897,0.00030538207,0.001257111,0.005272214,0.003211472,0.00093886256,0.0013274103,0.00085891783,0.0048451424,0.011134446,0.010118425,0.5213623,1.0050049,0.63616943,0.45838928,0.014621139,0.000695616,0.003324151,0.012331486,0.0064131618,0.007963866,0.008280784,0.009193391,0.037032783,0.10951555,0.059454083,3.9327545,8.188477,4.475876,4.4223022,0.10123813,0.0070565343,0.025303006,0.116626024,0.07665497,0.049603973,0.11740513,1.0050049,STANDING
0.25169325,0.15658113,0.24325956,0.38528234,0.7421334,0.75057167,175.80063,178.11972,178.64952,179.6957,1.4160937,0.46213394,0.93809956,1.3249489,0.97535074,0.0004067676,0.00085635326,0.00035472063,0.0020364958,0.0045420877,0.0035790189,0.2372582,0.35579628,0.22679128,0.19151072,0.004410146,0.00035227186,0.0018961179,0.00543867,0.0037679744,0.25077116,0.15515445,0.24231982,0.3822314,0.7328087,0.74386424,175.39943,177.4285,178.28545,179.31151,1.4079164,0.4614309,0.93548375,1.3140564,0.9665798,0.25250795,0.15800676,0.24393427,0.38959798,0.74996513,0.756936,176.31473,178.6888,179.06543,179.99907,1.4227775,0.4627615,0.9412601,1.3331987,0.98051316,0.0017367899,0.0028523058,0.0016144514,0.007366568,0.017156422,0.013071775,0.91529846,1.2602997,0.7799835,0.68756104,0.014861107,0.0013305843,0.0057763457,0.01914227,0.013933361,0.00020357453,0.00033667477,0.00023305416,0.0013260235,0.0019538342,0.0016637732,0.159206,0.18332487,0.1862935,0.12786497,0.001663393,0.00012755599,0.000543767,0.0018701677,0.0013825112,0.00028428037,0.00052367547,0.00030660495,0.0017074452,0.0027273518,0.0024842047,0.21617018,0.24249706,0.24347235,0.17064148,0.0027751646,0.00018994011,0.0008714839,0.002753969,0.0018482971,0.0008855164,0.0016876012,0.0008045286,0.0038572848,0.0072240233,0.009002149,0.47602844,0.49301147,0.55815125,0.43710327,0.010525942,0.0007585585,0.0032860637,0.0075000525,0.004675448,0.0059036613,0.009763569,0.0067585707,0.03845468,0.05666119,0.048249424,4.616974,5.3164215,5.4025116,3.708084,0.048238397,0.0036991239,0.015769243,0.054234862,0.040092826,0.044532917,0.10486167,0.55815125,STANDING
0.25165913,0.15701571,0.2432483,0.38524336,0.73900473,0.7544756,175.65982,178.86119,178.51105,179.61089,1.4178436,0.4599789,0.9369008,1.3244222,0.97361946,0.00026878013,0.00080106396,0.00044777608,0.0043282732,0.005152097,0.0058450615,0.31879717,0.4337951,0.4972417,0.28465974,0.006874234,0.001149677,0.0007925181,0.0044736327,0.004078747,0.25112143,0.15563837,0.24186692,0.37990984,0.72955465,0.7450617,175.0702,177.99689,177.51039,179.04143,1.4062902,0.4582656,0.93572795,1.3125169,0.9644647,0.25206566,0.15835214,0.24392702,0.3945867,0.74831533,0.76531744,176.46437,179.88333,179.27881,179.9969,1.4296517,0.4620147,0.9386505,1.3305786,0.9831945,0.000944227,0.0027137697,0.0020601004,0.014676869,0.018760681,0.020255744,1.394165,1.8864441,1.7684174,0.95547485,0.023361564,0.0037491024,0.002922535,0.018061638,0.018729746,0.00016595166,0.00026323466,0.00032152853,0.0014736108,0.0031149408,0.0024016253,0.18230833,0.2237896,0.21733199,0.15739283,0.001953421,0.00023212412,0.0004891404,0.002322567,0.0025063918,0.00020787686,0.0003634158,0.00041892688,0.0020514533,0.00498461,0.0039543617,0.24439867,0.2744235,0.27424267,0.1964873,0.0025528846,0.00028131233,0.0006500886,0.002857369,0.0034043703,0.0004476905,0.0010608435,0.0011130273,0.0050845444,0.016732395,0.0120405555,0.739563,0.6155853,0.8941498,0.40789795,0.0070507526,0.0007211566,0.0016551018,0.00693655,0.009550273,0.004812598,0.0076338053,0.009324327,0.042734712,0.09033328,0.06964713,5.2869415,6.4898987,6.3026276,4.564392,0.056649208,0.0067315996,0.014185071,0.06735444,0.07268536,0.053071152,0.11752744,0.8941498,STANDING
0.25279242,0.15809655,0.24420184,0.3877464,0.74594325,0.7538449,175.87076,178.02005,178.73256,179.5054,1.4216964,0.4591746,0.9381071,1.3270129,0.974921,0.0003596423,0.00039991128,0.00053222186,0.0028740454,0.007741224,0.0059118527,0.35507047,0.36774126,0.37680945,0.31110737,0.0077378014,0.00044553308,0.0012746598,0.0068630166,0.0057621,0.25201198,0.15749334,0.2430065,0.38338614,0.7278618,0.7395796,175.21912,177.49484,178.14178,178.93422,1.40681,0.45819995,0.9358486,1.315081,0.9589429,0.25346878,0.15897414,0.24512069,0.3930511,0.7566806,0.7653158,176.59946,179.04602,179.66628,179.99461,1.4310261,0.46016544,0.94029355,1.335722,0.98186564,0.0014567971,0.0014808029,0.0021141917,0.009664953,0.028818786,0.025736153,1.3803406,1.551178,1.5244904,1.0603943,0.024216056,0.001965493,0.004444957,0.02064097,0.022922754,0.00016294369,0.00018000706,0.00029075044,0.001404417,0.00308913,0.0028034325,0.1963922,0.23023567,0.19520359,0.18484287,0.003420542,0.00022448548,0.0008003157,0.003770701,0.0027941691,0.00023364677,0.00022461181,0.00035825386,0.0020566788,0.00470321,0.0048201773,0.2494299,0.3241575,0.24245384,0.24742416,0.004457664,0.00029900722,0.0011841381,0.0054722317,0.0038000094,0.0007849932,0.00056405365,0.00092960894,0.0053838193,0.01367718,0.018491983,0.57572937,0.988678,0.5189209,0.6279907,0.011816978,0.00091558695,0.0033428073,0.013966322,0.009605765,0.004725367,0.0052202046,0.008431762,0.040728092,0.08958477,0.08129954,5.6953735,6.676834,5.660904,5.360443,0.09919572,0.006510079,0.023209155,0.10935032,0.081030905,0.05504101,0.12748489,0.988678,STANDING
0.25216037,0.15761071,0.24292846,0.38365093,0.7401718,0.7452352,175.10771,178.53844,178.77623,179.6501,1.4205819,0.4582013,0.93741953,1.3234903,0.9683918,0.00029893126,0.0004957841,0.0005677081,0.001509437,0.003588251,0.005027355,0.34757623,0.49174285,0.42447314,0.30843383,0.0055277534,0.0009982899,0.0013976658,0.0057304287,0.0035921868,0.25158384,0.15684725,0.24169222,0.38053644,0.73422533,0.7373352,174.57625,177.8653,177.98726,179.01964,1.4087795,0.4566926,0.9338976,1.3056988,0.96223354,0.2527947,0.15882766,0.24448866,0.38667378,0.74741364,0.7545076,175.75522,179.33614,179.49289,179.99648,1.4329758,0.46011415,0.9403076,1.3332458,0.97412705,0.0012108684,0.001980409,0.0027964413,0.0061373413,0.0131883025,0.017172396,1.1789703,1.4708405,1.5056305,0.97683716,0.024196267,0.003421545,0.0064100027,0.027547002,0.011893511,0.00012096043,0.00026373155,0.00026263195,0.00090237526,0.0019298298,0.0024870366,0.1398389,0.25363,0.17593332,0.1392596,0.002808797,0.00020391674,0.0007889291,0.0036228772,0.0020450703,0.00018584012,0.0003488052,0.00036917173,0.0011968861,0.0029595096,0.0043440936,0.19866444,0.33171442,0.27324837,0.21391127,0.0036100824,0.0003287747,0.0011906844,0.0049084267,0.0030448583,0.0006032288,0.0009998232,0.0010817945,0.0026569963,0.008041322,0.0123142,0.71936035,1.0653839,0.80763245,0.72750854,0.009220719,0.0012473762,0.00321424,0.013527989,0.008611679,0.0035078526,0.0076482147,0.007616326,0.026168883,0.055965066,0.072124064,4.0553284,7.3552704,5.102066,4.0385284,0.08145511,0.0059135854,0.022878945,0.10506344,0.05930704,0.048273202,0.12548609,1.0653839,STANDING
0.25318924,0.15788421,0.24446855,0.38643095,0.7465161,0.75222385,175.708,178.21216,178.88515,179.5378,1.4260939,0.45784062,0.9369757,1.327107,0.97306794,0.00049314846,0.000630671,0.0008670015,0.0021288132,0.004357246,0.0063110394,0.39032558,0.4184862,0.34341234,0.23237377,0.0055228425,0.0008628485,0.001411798,0.00538184,0.0042075207,0.25247926,0.15683079,0.24307898,0.38363048,0.7387561,0.7343382,175.03052,177.58104,178.1117,178.99757,1.4159966,0.45668465,0.93463904,1.3162088,0.9659003,0.2540797,0.15903893,0.24615382,0.3924706,0.7548036,0.7604203,176.50737,179.27982,179.63463,179.94992,1.4393275,0.45970562,0.9403727,1.3364006,0.9803606,0.0016004443,0.0022081435,0.0030748397,0.008840114,0.016047478,0.026082098,1.4768524,1.6987762,1.522934,0.9523468,0.023330927,0.003020972,0.005733669,0.020191789,0.014460325,0.00020840045,0.00025781782,0.00028538448,0.0010734313,0.002267299,0.0030184758,0.18589363,0.24400488,0.16478334,0.13654512,0.0025533026,0.00023823668,0.00079386606,0.003139874,0.0023978024,0.00030866158,0.00033411046,0.00034118237,0.0012690551,0.0032009643,0.0049271737,0.24484852,0.29530177,0.24524137,0.17648134,0.0037852894,0.00028859297,0.0012537999,0.0045867986,0.0034216973,0.0008725226,0.0009841472,0.0010387748,0.002590835,0.0074633956,0.013990939,0.710083,0.7341461,0.6492462,0.39772034,0.012166023,0.000939101,0.005183637,0.014391661,0.009328902,0.006043613,0.0074767172,0.00827615,0.03112951,0.06575167,0.0875358,5.390915,7.0761414,4.778717,3.9598083,0.07404578,0.006908864,0.023022115,0.09105635,0.06953627,0.04983072,0.11627713,0.7341461,STANDING
0.25290328,0.15698726,0.24484901,0.3882511,0.7452299,0.751738,176.04462,178.33421,178.47408,179.45285,1.4235376,0.4604489,0.9392836,1.3299121,0.973977,0.00050852593,0.0006562092,0.00037466726,0.0019605868,0.0058082384,0.006393573,0.33219153,0.54526854,0.42510015,0.474277,0.008121204,0.00045997268,0.0024644288,0.008934294,0.004740744,0.25212547,0.15576375,0.2438197,0.38514715,0.73202336,0.7391373,175.51129,177.2811,177.77649,178.53502,1.4089098,0.45934388,0.93483984,1.316066,0.9661191,0.25375348,0.15860671,0.24548864,0.39237267,0.75967944,0.763392,176.6448,179.32996,179.38263,179.99979,1.4368908,0.46109122,0.9436496,1.3474638,0.9830051,0.0016280115,0.0028429627,0.001668945,0.0072255135,0.027656078,0.02425468,1.1335144,2.0488586,1.6061401,1.4647675,0.027981043,0.00174734,0.008809745,0.03139782,0.016885996,0.00017508247,0.00023407207,0.00027666215,0.0015207683,0.003682369,0.003000204,0.16387308,0.21395558,0.17146407,0.1560106,0.003910825,0.00026040344,0.0011979773,0.0039065336,0.003073789,0.00023924485,0.00035944345,0.0003315839,0.0018977782,0.0051352344,0.0044914065,0.20173095,0.2664732,0.27362475,0.27576315,0.005598772,0.00032217836,0.0016764526,0.005553209,0.003893131,0.0005746186,0.0009862632,0.0006426424,0.0048719645,0.012564778,0.010686457,0.49578857,0.58872986,1.0959625,1.2127838,0.018140674,0.0006827414,0.005108416,0.019020796,0.008451939,0.005077392,0.00678809,0.008023202,0.04410228,0.106788695,0.08700591,4.7523193,6.204712,4.972458,4.5243073,0.11341393,0.0075517,0.034741342,0.113289475,0.08913988,0.04843613,0.1235936,1.2127838,STANDING
0.2523854,0.15723935,0.2437656,0.38692796,0.74400043,0.7529275,175.7724,178.55762,178.54439,179.37717,1.4178174,0.45939988,0.9367863,1.3224416,0.9742056,0.00026465108,0.0009714009,0.0005805812,0.003025405,0.005049186,0.0042378013,0.2554299,0.35235095,0.44907427,0.34165514,0.0060316613,0.00059168786,0.002425927,0.008220044,0.0027609118,0.25195536,0.1560224,0.24281976,0.38151067,0.7348163,0.74464154,175.22527,177.81337,177.8392,178.7785,1.4084512,0.45832402,0.9331138,1.3055234,0.9698671,0.25281343,0.15997723,0.244872,0.3927095,0.7543768,0.7624169,176.35703,178.96944,179.58661,179.99567,1.4305707,0.46029502,0.9411113,1.3366791,0.97941995,0.00085806847,0.003954828,0.0020522475,0.011198819,0.019560516,0.017775357,1.1317596,1.1560669,1.747406,1.2171631,0.022119522,0.0019710064,0.007997513,0.031155705,0.009552836,0.00012046818,0.00031167115,0.0002518358,0.0011393562,0.003308738,0.0018264302,0.1476372,0.14788345,0.258094,0.16307962,0.0024670528,0.00019369865,0.000917817,0.0034855069,0.0023774689,0.00015746609,0.00041718612,0.0003397556,0.0014785732,0.0043828036,0.0031784326,0.18774159,0.20877604,0.3240862,0.21346898,0.0034405224,0.00024199336,0.0014125027,0.0055274353,0.003142986,0.00043338537,0.0013135523,0.0012267679,0.0033001304,0.012161553,0.008580387,0.4494629,0.75691223,0.72224426,0.57688904,0.010842204,0.000674814,0.004448056,0.018010378,0.0071561337,0.0034935772,0.009038463,0.007303238,0.03304133,0.095953405,0.052966475,4.281479,4.28862,7.484726,4.729309,0.07154453,0.005617261,0.026616693,0.1010797,0.0689466,0.048872955,0.11391865,0.75691223,STANDING
0.2525483,0.15742782,0.24370411,0.38815942,0.73801935,0.75622696,175.68158,178.17479,178.32051,179.45552,1.41946,0.45844927,0.9376704,1.3244176,0.9718535,0.0004132209,0.00083513756,0.00034134855,0.0024299114,0.0030979472,0.007817202,0.3492527,0.4718868,0.46872327,0.27984077,0.0067123016,0.0005656252,0.0019866794,0.0066340603,0.004629648,0.25188196,0.15610439,0.243234,0.38291255,0.73422456,0.74094874,175.04883,177.34256,177.37227,178.69609,1.4097545,0.45720673,0.9346485,1.3148541,0.96214134,0.25326747,0.15901178,0.24451749,0.39339408,0.74440527,0.76976955,176.26456,178.89815,179.04237,179.93417,1.4348415,0.4593191,0.9429555,1.3398323,0.98068595,0.00138551,0.0029073954,0.0012834966,0.010481536,0.010180712,0.028820813,1.2157288,1.5555878,1.670105,1.2380829,0.025086999,0.0021123886,0.00830698,0.02497816,0.018544614,0.00015904986,0.00026672205,0.00022671398,0.0014863271,0.0015828877,0.0029602463,0.19227074,0.22540967,0.2122487,0.12237391,0.0022717838,0.00018786974,0.00094348396,0.002984902,0.0021183921,0.00021753636,0.0004413617,0.00031278105,0.0018184461,0.0024788547,0.004678504,0.23139533,0.25763938,0.3275021,0.18215874,0.0033351558,0.00024794947,0.0013061241,0.0048168637,0.0028689958,0.0005418658,0.0016726255,0.00080652535,0.0036163628,0.0091817975,0.014733851,0.500412,0.58818054,0.98324585,0.6100311,0.012810111,0.0006457567,0.0035489798,0.01580882,0.0072538257,0.004612446,0.0077349395,0.0065747052,0.043103486,0.045903742,0.08584714,5.5758514,6.5368805,6.1552124,3.5488434,0.06588173,0.005448222,0.027361035,0.08656216,0.061433375,0.05116609,0.12184946,0.98324585,STANDING
0.2531072,0.15740326,0.24467589,0.38795105,0.7422418,0.75523746,176.01598,178.2976,178.2575,179.29128,1.4205478,0.45774525,0.9359143,1.3241444,0.9718502,0.000390488,0.0005403881,0.00033865275,0.002507122,0.002884667,0.005399312,0.31609863,0.40272707,0.22388172,0.25697598,0.005499288,0.00070358755,0.001928149,0.0067115175,0.003840286,0.2523337,0.15624902,0.2441024,0.38432246,0.7372603,0.738864,175.445,177.4461,177.77686,178.6499,1.4102582,0.4566456,0.93170667,1.3122382,0.9618244,0.25371465,0.15850677,0.2456566,0.39324084,0.74989265,0.76315814,176.84535,179.24678,178.7847,179.7203,1.432164,0.4587829,0.9390861,1.3368413,0.97921795,0.0013809502,0.0022577494,0.0015541911,0.008918375,0.01263237,0.024294138,1.4003448,1.8006744,1.007843,1.070404,0.02190578,0.0021373034,0.0073794127,0.024603128,0.01739353,0.00014228451,0.00026279842,0.0001807665,0.0015389847,0.0017029931,0.0018615127,0.18482181,0.26325357,0.18198738,0.17854835,0.0021584774,0.00011178029,0.00046181268,0.0027172607,0.0017581931,0.00019718196,0.00037757488,0.0003115061,0.0019304972,0.0027200337,0.0033836483,0.22549787,0.32334527,0.24057536,0.25630873,0.0028317699,0.00018799573,0.000649654,0.0036817654,0.0026063612,0.0005941391,0.00098598,0.0012156218,0.0051605403,0.010801792,0.014937043,0.57655334,0.6809082,0.5214844,0.57354736,0.0068793297,0.0006967783,0.0015307069,0.0078366995,0.009654999,0.0041262507,0.007621154,0.0052422285,0.044630557,0.0493868,0.053983867,5.359833,7.6343536,5.2776337,5.177902,0.062595844,0.0032416284,0.013392568,0.07880056,0.0509876,0.054767203,0.12537608,0.6809082,STANDING
0.25362214,0.15853302,0.244706,0.3886649,0.74805063,0.7553757,176.0756,177.9173,178.19797,179.2407,1.4236952,0.45812437,0.9385913,1.3271741,0.97532654,0.00054831366,0.000563415,0.001032776,0.0021407243,0.0051169144,0.0072497884,0.4280399,0.50669473,0.41082534,0.35115856,0.007833533,0.0008632817,0.003730252,0.0076253475,0.005099211,0.25304613,0.15762782,0.24279098,0.38463154,0.7407246,0.74595714,175.26015,177.06479,177.65189,178.7031,1.4096209,0.4565544,0.9322436,1.3131583,0.96836585,0.2548636,0.15948215,0.2465482,0.3929453,0.7590421,0.7710974,177.24103,178.8625,178.96078,179.86855,1.4336258,0.45988256,0.94357157,1.3368118,0.98290694,0.0018174648,0.0018543303,0.0037572235,0.008313745,0.018317461,0.025140285,1.9808807,1.7977142,1.3088989,1.165451,0.024004936,0.0033281446,0.011327982,0.023653507,0.01454109,0.00017249893,0.0002543325,0.00036957397,0.0012859219,0.002398867,0.0036912356,0.2199565,0.2377393,0.22457834,0.22089097,0.0027314713,0.00029921942,0.00093542296,0.0034044036,0.002867929,0.0002894506,0.00037622638,0.00051750464,0.0016356523,0.0035423175,0.006303823,0.26766962,0.28791294,0.2793397,0.28018016,0.0038071764,0.00037201482,0.0016057036,0.0055301557,0.004295968,0.0011992455,0.0011066198,0.0015617907,0.004484713,0.0094970465,0.021175921,0.68904114,0.73301697,0.6889343,0.8612671,0.010078192,0.0010916293,0.0054455996,0.018421888,0.012115836,0.005002469,0.0073756427,0.010717645,0.037291735,0.069567144,0.10704583,6.3787384,6.8944397,6.5127716,6.405838,0.079212666,0.008677363,0.027127266,0.0987277,0.08316994,0.061438397,0.1321416,0.8612671,STANDING
0.25464615,0.15815745,0.24550287,0.38962206,0.7470278,0.7565507,176.08125,178.49898,178.70622,179.58257,1.4227215,0.45811,0.937169,1.3248454,0.974613,0.0001511066,0.0013791788,0.00037257542,0.0044269925,0.0060863867,0.0037838842,0.5294033,0.7709955,0.33874953,0.31741586,0.0035132833,0.000671406,0.0020758712,0.0046634227,0.0039805886,0.25423437,0.15492581,0.24465798,0.38203174,0.7367258,0.7508262,175.0749,177.21635,177.75633,178.81642,1.415953,0.45685723,0.9346545,1.31763,0.9652164,0.2549952,0.1598572,0.24640934,0.39696798,0.75841343,0.7674639,176.8782,179.96687,179.54848,179.99669,1.4321028,0.45925614,0.9419594,1.3360543,0.98123443,0.0007608235,0.0049313903,0.0017513633,0.0149362385,0.021687627,0.016637743,1.803299,2.7505188,1.7921448,1.1802673,0.01614976,0.0023989081,0.007304907,0.018424273,0.016018033,0.00013759527,0.0003556861,0.00021581916,0.0014628408,0.0034159238,0.0020525064,0.14296591,0.24827628,0.23482276,0.1697798,0.0022361814,0.00016994517,0.0005155884,0.0025219424,0.002472228,0.00019687464,0.0005140318,0.0003040211,0.001994915,0.0046573733,0.0030580594,0.187873,0.31432432,0.3453867,0.2092045,0.0036180196,0.00025928355,0.0006784602,0.003824996,0.003289706,0.00047832727,0.0012781769,0.0010489076,0.004660338,0.011246979,0.010547996,0.547699,0.78305054,1.108017,0.44674683,0.01418376,0.0010612309,0.0021749735,0.011054754,0.0070484877,0.0039902627,0.010314897,0.006258756,0.042422384,0.09906179,0.05952269,4.1460114,7.200012,6.80986,4.9236145,0.06484926,0.00492841,0.014952064,0.07313633,0.07169461,0.054093402,0.13053246,1.108017,STANDING
0.2551226,0.1584893,0.24727014,0.39266443,0.74831563,0.75639874,176.22925,178.07544,178.59572,179.47641,1.4289076,0.45690027,0.93724364,1.3275427,0.9716379,0.0003564133,0.0012077083,0.00071984704,0.0026539841,0.004455187,0.0051714852,0.27898893,0.34196308,0.55495816,0.31980023,0.008275868,0.0005375253,0.0024462326,0.008714489,0.0038962218,0.25437075,0.15609941,0.24624217,0.38681403,0.73821247,0.74583066,175.6466,177.31633,177.38022,178.83705,1.4119083,0.45599225,0.93435514,1.3089817,0.96181875,0.25581256,0.1603443,0.24889585,0.39669988,0.75629365,0.7644974,176.70392,178.84773,179.57162,179.99821,1.440359,0.45793197,0.94219565,1.338351,0.9796119,0.0014418066,0.004244894,0.0026536882,0.009885848,0.018081188,0.018666744,1.057312,1.5314026,2.1914062,1.1611633,0.028450727,0.001939714,0.007840514,0.029369354,0.017793119,0.00015573871,0.00034582306,0.00029061374,0.0010310658,0.0022597006,0.0025587473,0.12655008,0.19009715,0.19080484,0.11173327,0.0021763917,0.0002093983,0.0007404171,0.0028830972,0.0020965994,0.00020796656,0.00046448875,0.00040103594,0.0014539604,0.0034636408,0.004066322,0.14772026,0.24246508,0.24675754,0.14025193,0.0029722129,0.00035241208,0.001132908,0.0037756944,0.003282473,0.0004826188,0.0012564063,0.0013253689,0.0045931637,0.010847986,0.013433456,0.34553528,0.56832886,0.54052734,0.45472717,0.007326722,0.0014868677,0.0034691691,0.011333942,0.010375321,0.0045164227,0.010028869,0.008427799,0.029900908,0.06553131,0.07420367,3.6699524,5.5128174,5.5333405,3.240265,0.06311536,0.006072551,0.021472096,0.08360982,0.060801387,0.042262197,0.09564559,0.56832886,STANDING
0.25454584,0.1600792,0.24583547,0.39316294,0.74427795,0.7592733,175.2512,178.95111,179.0724,179.79556,1.43266,0.45925733,0.9413335,1.3322666,0.9749527,0.00068360055,0.0006359815,0.0009713466,0.0045063845,0.005358498,0.00857424,0.53670186,0.56001836,0.32984018,0.13727811,0.004634938,0.00096387195,0.0018308444,0.005155174,0.005654389,0.25309432,0.15881792,0.24410962,0.3836212,0.7346935,0.74116445,174.51633,177.7884,178.0144,179.4494,1.4166392,0.45676285,0.9378976,1.3162439,0.96353406,0.255594,0.16113228,0.2471966,0.39955014,0.75451654,0.77099884,176.47209,179.978,179.68423,179.99208,1.4386911,0.46033856,0.94477534,1.3404956,0.9820304,0.0024996698,0.002314359,0.0030869842,0.015928954,0.019823015,0.02983439,1.9557648,2.1895905,1.6698303,0.54267883,0.02205193,0.0035757124,0.0068777204,0.0242517,0.018496335,0.00019620924,0.00045881703,0.0002403845,0.0014614833,0.003151945,0.0034718595,0.1791487,0.23228297,0.21572456,0.10335357,0.0019435636,0.0002516621,0.0008343643,0.0030503192,0.0031758342,0.00026774823,0.0005926577,0.00031805004,0.001864623,0.0054821703,0.005430729,0.22121707,0.27666837,0.3032457,0.13089599,0.0030708355,0.00038546557,0.0011108341,0.0043222546,0.004678776,0.0007161796,0.0013162792,0.00071915984,0.0047009587,0.01819253,0.015594482,0.53608704,0.5742645,1.0235443,0.2654419,0.011941075,0.001660645,0.0025159717,0.0120790005,0.012015879,0.005690068,0.013305694,0.0069711506,0.042383015,0.091406405,0.10068393,5.1953125,6.736206,6.256012,2.9972534,0.056363344,0.0072982013,0.024196565,0.08845925,0.09209919,0.04991642,0.115098074,1.0235443,STANDING
0.25394714,0.15908803,0.24533997,0.39199004,0.7387835,0.7555652,175.41847,178.85817,178.25458,179.52046,1.4191841,0.45953178,0.93780035,1.3263402,0.9710381,0.00043603595,0.00070228387,0.0007590382,0.0034902962,0.0052453815,0.00762005,0.31043327,0.44318098,0.39042038,0.34313717,0.00846608,0.0009954075,0.0020970616,0.008890684,0.0041766283,0.25307015,0.157965,0.24308276,0.38421935,0.7221046,0.7408281,174.79176,178.02173,177.39944,178.65378,1.4065087,0.45703924,0.93377113,1.3143209,0.95959187,0.2546843,0.16077405,0.24632156,0.397025,0.74887174,0.766111,176.00809,179.6183,178.89423,179.99155,1.4347627,0.4606133,0.941867,1.3426354,0.98083746,0.0016141534,0.0028090477,0.0032387972,0.012805641,0.026767135,0.02528292,1.2163239,1.5965729,1.4947815,1.3377686,0.028254032,0.0035740733,0.0080958605,0.028314471,0.021245599,0.00021641933,0.00036370446,0.00036140095,0.001951862,0.0030708786,0.0037413056,0.22882658,0.23253395,0.2232808,0.23939462,0.003140289,0.00031868753,0.00081831013,0.0029720315,0.003293025,0.00030003453,0.000477071,0.00056559546,0.0028188704,0.0049049724,0.0066696196,0.31175843,0.38702053,0.2969976,0.3456027,0.00432334,0.00054372003,0.0012371411,0.0043548145,0.004838596,0.0009497404,0.0011323392,0.0017903596,0.0078134835,0.016161203,0.021580517,0.98895264,1.468277,0.76446533,1.3377686,0.010666132,0.0017534494,0.0035732985,0.0148842335,0.01265192,0.0062761605,0.010547429,0.010480627,0.056603998,0.08905548,0.10849786,6.635971,6.7434845,6.4751434,6.942444,0.09106839,0.009241939,0.023730993,0.08618891,0.09549773,0.06295226,0.16263524,1.468277,STANDING
0.2549508,0.15960938,0.24775071,0.39060706,0.74597985,0.76245296,175.152,178.70317,179.04048,179.70918,1.4341563,0.45861015,0.93951935,1.3320887,0.9750141,0.00065558107,0.000909522,0.0015591674,0.0017738227,0.006425381,0.004571074,0.19535838,0.28128025,0.27595213,0.20378754,0.011843197,0.00053504284,0.0035821253,0.008920185,0.003206195,0.25353137,0.15799943,0.24541171,0.38745606,0.7365261,0.7521739,174.77013,178.19179,178.56107,179.13507,1.4095862,0.4578312,0.9323448,1.3153143,0.9692308,0.25591955,0.16093077,0.24963166,0.39435974,0.7663435,0.76835644,175.52296,179.43587,179.82292,179.99707,1.4496694,0.4596982,0.94343114,1.3429754,0.9834175,0.0023881793,0.0029313415,0.0042199492,0.006903678,0.029817402,0.016182542,0.75283813,1.2440796,1.2618561,0.8619995,0.04008317,0.0018669963,0.011086345,0.027661085,0.01418674,0.00015871278,0.00023568653,0.00023766016,0.001136529,0.001711977,0.0018631754,0.15570594,0.16715845,0.186575,0.1362873,0.0027759569,0.00016499696,0.00078269735,0.002086582,0.0016687327,0.00022281792,0.0003617974,0.0003903968,0.0014850204,0.0031105862,0.0029239787,0.19753449,0.21580486,0.26729876,0.18741818,0.0039880457,0.0002319101,0.0012200851,0.003882315,0.0022858856,0.0006286502,0.0013251752,0.0015349239,0.003917724,0.0096696615,0.010048509,0.44754028,0.57406616,0.8825531,0.51638794,0.009287953,0.000833869,0.003840685,0.016675115,0.0055237412,0.0046026707,0.0068349093,0.0068921447,0.032959342,0.04964733,0.054032087,4.5154724,4.847595,5.410675,3.9523315,0.08050275,0.004784912,0.022698224,0.060510874,0.04839325,0.043903295,0.10475807,0.8825531,STANDING
0.25531134,0.15997188,0.24806027,0.39168882,0.7480129,0.762339,175.30978,178.40062,178.72862,179.53336,1.4333643,0.45629063,0.938158,1.3268551,0.9732741,0.00033909534,0.0005794139,0.0003915704,0.002501319,0.0059302007,0.005882905,0.26712552,0.30657214,0.41584766,0.25791702,0.0070193396,0.0007970107,0.0024726256,0.0074811173,0.0044550477,0.2546979,0.15912169,0.24732873,0.38739985,0.7338214,0.7489149,174.9149,177.70164,177.77258,179.05585,1.4231391,0.45475703,0.93357337,1.3137858,0.9632567,0.25615713,0.16148426,0.24873303,0.39526883,0.7613684,0.7761124,175.95671,178.86052,179.59834,179.86305,1.4530821,0.4577067,0.94274426,1.3453763,0.98039585,0.0014592409,0.0023625642,0.0014043003,0.007868975,0.027547002,0.02719748,1.0418091,1.1588745,1.8257599,0.8072052,0.02994299,0.002949655,0.00917089,0.03159046,0.017139137,0.00020002702,0.0003164051,0.0002624639,0.0011984357,0.0033102466,0.002580575,0.18509911,0.17602855,0.27369532,0.17097789,0.0038465797,0.00020718985,0.0010658934,0.0041319993,0.0028771737,0.00026213357,0.00043798768,0.00034636335,0.0014480796,0.0055542486,0.0037535261,0.24516831,0.21006869,0.47369468,0.25200644,0.005923999,0.00027759868,0.0014905948,0.0060144635,0.004170134,0.00079494715,0.0015296936,0.0009300262,0.003289014,0.016525865,0.010221481,0.70954895,0.42793274,1.3653412,0.7039032,0.018864155,0.00077685714,0.0038163662,0.017196178,0.012734532,0.0058007836,0.009175748,0.0076114535,0.034754634,0.095997155,0.07483667,5.367874,5.104828,7.9371643,4.958359,0.11155081,0.006008506,0.03091091,0.119827986,0.08343804,0.05505319,0.15229838,1.3653412,STANDING
0.25598082,0.16007486,0.2475589,0.3922063,0.7474165,0.762812,174.98117,178.58719,178.57657,179.34297,1.4345608,0.45330513,0.9354506,1.3257493,0.9709749,0.00019869098,0.0005090027,0.00032497334,0.0030701633,0.007605944,0.0023621356,0.3147509,0.48140734,0.4747103,0.28125933,0.005296137,0.0007002935,0.0010114281,0.0064358786,0.004100365,0.25561634,0.15910025,0.24699081,0.38769162,0.73946285,0.75837654,174.43375,177.65283,177.59851,178.96373,1.4251536,0.45194983,0.933049,1.3134906,0.9664664,0.25630006,0.16125688,0.24838278,0.39926106,0.7656419,0.77057606,175.43529,179.36032,179.18268,179.99454,1.4453837,0.454844,0.9373989,1.336674,0.98031676,0.0006837249,0.0021566302,0.0013919622,0.01156944,0.026179075,0.012199521,1.0015411,1.707489,1.5841675,1.0308075,0.020230055,0.0028941631,0.0043498874,0.023183346,0.013850331,0.00018335416,0.00024306003,0.00025531393,0.0012334975,0.0030211313,0.0009927462,0.1759291,0.22253838,0.21401767,0.15026803,0.0030589309,0.00021642652,0.0005368508,0.0034683407,0.0018804567,0.00022777384,0.00030926865,0.00030038322,0.001543873,0.005373299,0.001679253,0.22846346,0.31085524,0.3319894,0.23495,0.0039961613,0.0002694503,0.0006969312,0.004444151,0.0030972306,0.0005533695,0.00085784495,0.00050896406,0.0036713183,0.021455586,0.006775558,0.6079407,0.74043274,1.0884247,1.0308075,0.010535717,0.00077462196,0.0013688207,0.010592699,0.011206746,0.0053172708,0.007048741,0.007404104,0.03577143,0.08761281,0.02878964,5.101944,6.4536133,6.2065125,4.357773,0.088709,0.006276369,0.015568674,0.100581884,0.054533243,0.051856223,0.13528048,1.0884247,STANDING
0.2553711,0.16003944,0.24846834,0.3901413,0.74939436,0.7586693,174.83032,178.57628,178.87181,179.73145,1.4391068,0.4540696,0.9370121,1.3316008,0.9696206,0.0003305083,0.0010042525,0.00040491938,0.0040569934,0.0074634575,0.0059060073,0.21311115,0.33236307,0.53091973,0.17652069,0.009210036,0.0006221053,0.0013684527,0.007205146,0.0034600522,0.25474668,0.15847434,0.24769072,0.3832843,0.7378381,0.74624693,174.29828,177.8352,177.8804,179.38528,1.4205307,0.4528221,0.934104,1.3165495,0.96183884,0.25587848,0.16203694,0.2493747,0.39673218,0.7606596,0.7731316,175.26196,179.12428,179.79968,179.99443,1.4527276,0.45508844,0.93910193,1.3406621,0.97453153,0.0011318028,0.0035625994,0.0016839802,0.013447881,0.022821486,0.026884675,0.9636841,1.2890778,1.919281,0.6091461,0.03219688,0.0022663474,0.004997909,0.024112582,0.01269269,0.00015137217,0.00032643255,0.00022470437,0.0013112107,0.002992778,0.002219829,0.19377714,0.19637746,0.26834634,0.14671431,0.0032423693,0.0001985369,0.00053546554,0.0022897474,0.0020970148,0.00021252163,0.00042038612,0.00029225505,0.0018318464,0.0050552865,0.004370183,0.23522694,0.26450038,0.372241,0.1886168,0.004839457,0.00026068251,0.000789308,0.0035201006,0.003264712,0.00060108304,0.0010640472,0.0007760674,0.006700754,0.015682101,0.016331553,0.5740967,0.94818115,1.0340729,0.54777527,0.01568675,0.00089120865,0.0017030835,0.011294365,0.00896275,0.0043897927,0.009466544,0.006516427,0.03802511,0.08679056,0.06437504,5.6195374,5.6949463,7.7820435,4.254715,0.09402871,0.0057575703,0.0155285,0.06640267,0.060813427,0.054720316,0.13066506,1.0340729,STANDING
0.25560167,0.16102956,0.24897438,0.3942054,0.7518625,0.7655556,175.45782,177.91133,179.20201,179.81183,1.4475504,0.45498356,0.94034284,1.337437,0.97430646,0.00019765261,0.0005975522,0.0003889372,0.0022180106,0.0061412673,0.003428377,0.20336431,0.35463256,0.29150233,0.13120416,0.009524675,0.000274338,0.0024175213,0.009075672,0.0041028736,0.25513023,0.1597708,0.2483988,0.39080644,0.7349529,0.7595418,175.00304,177.28204,178.6206,179.5581,1.4200481,0.4545085,0.9327868,1.3159273,0.9632338,0.25594947,0.16224633,0.2497867,0.39951092,0.76026064,0.7718787,175.94513,178.85059,179.95247,179.99393,1.4582698,0.4556105,0.94291866,1.3486991,0.97949374,0.00081923604,0.00247553,0.001387909,0.0087044835,0.025307715,0.01233691,0.9420929,1.5685425,1.3318634,0.43582153,0.038221717,0.0011020005,0.010131836,0.032771826,0.016259909,0.00012093885,0.00027971945,0.00019493289,0.0016648584,0.002337727,0.0016738423,0.12440228,0.22367595,0.2033986,0.092935495,0.0027311505,0.00017177133,0.0007125797,0.0024967112,0.0017309333,0.00020124206,0.0003472011,0.00023170873,0.0021942025,0.0042803194,0.0023550522,0.1747563,0.30645996,0.28504425,0.11825865,0.0039167777,0.00021269485,0.0010860569,0.0038319668,0.0027659654,0.00061291456,0.00079371035,0.00047564507,0.004638523,0.01315546,0.0065727234,0.4683838,0.7705536,0.720871,0.3517456,0.010581613,0.00041255355,0.0034658313,0.012089968,0.008202493,0.0035072267,0.008111864,0.0056530535,0.048280895,0.067794085,0.048541427,3.607666,6.486603,5.8985596,2.6951294,0.07920337,0.004981369,0.020664811,0.07240462,0.050197065,0.043901835,0.113468364,0.7705536,STANDING
0.25451967,0.15958981,0.24786352,0.3901286,0.7472448,0.7584428,174.75615,178.72853,179.18935,179.7509,1.4364535,0.4530714,0.9342527,1.3260261,0.96788996,0.0005438264,0.0005521198,0.0005106043,0.0021929643,0.0057749273,0.00651731,0.27275527,0.31635675,0.3773306,0.1484728,0.007994146,0.00068745756,0.0013040475,0.0072003906,0.004765144,0.25341278,0.15842113,0.24689238,0.38633093,0.7377467,0.74462295,174.24638,178.06061,178.44202,179.42291,1.4196999,0.45180014,0.93073297,1.3098736,0.9593016,0.25575748,0.16065985,0.24888492,0.39320192,0.7631799,0.7664241,175.28525,179.28102,179.90643,179.98476,1.4529533,0.45439988,0.93635094,1.3423206,0.9783317,0.0023446977,0.0022387207,0.0019925386,0.006870985,0.025433183,0.021801174,1.0388641,1.2204132,1.4644165,0.5618439,0.03325343,0.002599746,0.005617976,0.03244698,0.019030094,0.0002186987,0.00025252588,0.00027627163,0.0010212321,0.0024489309,0.0041017737,0.1323558,0.19178824,0.23224929,0.12928404,0.002617581,0.00025599476,0.00033210064,0.002464278,0.0029415858,0.00030640286,0.00042412116,0.00034938642,0.0013268549,0.003589205,0.00640063,0.18189988,0.24798535,0.3785061,0.16799873,0.0035823414,0.0003343355,0.0004907107,0.0038733773,0.004041155,0.0008035898,0.0017905831,0.0010126233,0.003145188,0.010299206,0.017948806,0.425766,0.5216217,1.208313,0.4215088,0.008304954,0.0011201203,0.0018531084,0.01119709,0.01048547,0.006342262,0.00732325,0.008011878,0.02961573,0.071018994,0.11895144,3.8383179,5.561859,6.7352295,3.749237,0.07590985,0.007423848,0.0096309185,0.07146406,0.08530599,0.04684056,0.124742344,1.208313,STANDING
0.25420532,0.1586573,0.24761441,0.38964263,0.74977934,0.76152503,175.50108,177.78712,178.54666,179.54622,1.438911,0.45347264,0.93716025,1.3308182,0.9714352,0.0005938055,0.00033725973,0.000839195,0.0037494963,0.0046254257,0.0050205076,0.38631222,0.36127678,0.3899857,0.3684672,0.010340873,0.0009920506,0.002726566,0.009735728,0.0040970473,0.2532626,0.1580238,0.24596395,0.38393125,0.7419909,0.75287175,174.46672,176.9401,177.60506,178.51299,1.4212391,0.4516666,0.93144333,1.3100445,0.96566164,0.2555061,0.15942562,0.24887392,0.39636043,0.7601763,0.76878184,176.02284,178.29727,179.24191,179.98814,1.4571838,0.45513487,0.94277555,1.3457868,0.97937953,0.002243489,0.0014018118,0.0029099733,0.012429178,0.018185377,0.015910089,1.5561218,1.3571777,1.6368561,1.4751587,0.0359447,0.003468275,0.011332214,0.035742283,0.01371789,0.00022691899,0.00024378505,0.0002497522,0.0013351112,0.0019747121,0.002090555,0.14452809,0.20592314,0.22294669,0.17237696,0.0040328135,0.00018293693,0.00096050213,0.004193627,0.0017295973,0.00029161948,0.0003221408,0.000307319,0.0016151341,0.0031449734,0.0036789153,0.19284019,0.2601251,0.29946002,0.24188165,0.005478296,0.00021076886,0.0012743764,0.005657523,0.0023567358,0.0007302761,0.00082044303,0.0008212328,0.0037463307,0.008905351,0.0108606815,0.42825317,0.57832336,0.7663727,0.70599365,0.012441635,0.0005095601,0.0029597282,0.01426065,0.005018711,0.006580651,0.0070697665,0.0072428137,0.038718224,0.057266653,0.06062609,4.1913147,5.9717712,6.465454,4.998932,0.116951585,0.005305171,0.027854562,0.12161517,0.05015832,0.050866343,0.12006141,0.7663727,STANDING
0.25497362,0.15912193,0.24852058,0.3887667,0.749401,0.76222104,175.31795,178.54442,178.90497,179.61761,1.431253,0.4554462,0.93576443,1.3234557,0.97284824,0.0007254651,0.0006278972,0.00041530418,0.003073331,0.006741014,0.0054562925,0.31413487,0.38767526,0.36204565,0.2013616,0.006838589,0.0004191936,0.001980213,0.0068016252,0.0032315408,0.2535582,0.15800177,0.24760824,0.38367462,0.73936,0.7529592,174.66132,177.6265,177.96101,179.2401,1.4223087,0.4546665,0.9329637,1.3022869,0.96738183,0.25616017,0.16050701,0.24916455,0.39373854,0.7657989,0.769501,175.736,179.28821,179.52846,179.9992,1.4475707,0.45605156,0.9390041,1.3313856,0.9801049,0.0026019812,0.0025052428,0.0015563071,0.010063916,0.026438951,0.016541779,1.0746765,1.6617126,1.5674438,0.7591095,0.025261998,0.0013850629,0.0060403943,0.02909875,0.012723088,0.00020797396,0.00031165933,0.00020318093,0.0013572738,0.0042236326,0.0024190464,0.17176503,0.22719759,0.23178259,0.17022285,0.0033022247,0.00016108052,0.0006062368,0.003316427,0.002955073,0.00028256926,0.00044505813,0.0002846048,0.0017510235,0.005853361,0.0035984647,0.22596855,0.28244135,0.32000917,0.21543735,0.004723978,0.00023935667,0.000861141,0.005329232,0.0036705993,0.0007199943,0.0010509193,0.0007571876,0.0044344664,0.012511671,0.010561585,0.60894775,0.6969147,1.0064392,0.52415466,0.01457727,0.0008575618,0.0022010803,0.018518448,0.0074534416,0.006031245,0.0090381205,0.005892247,0.03936094,0.12248534,0.07015234,4.981186,6.58873,6.721695,4.9364624,0.09576452,0.004671335,0.017580867,0.096176386,0.085697114,0.05466879,0.12543882,1.0064392,STANDING
0.25506866,0.15976031,0.24806117,0.39112785,0.7525569,0.76031625,175.01251,178.54411,178.94017,179.57426,1.4402759,0.45576507,0.9389743,1.3308101,0.974075,0.00059602805,0.0012877361,0.00049097434,0.0037555222,0.0030490917,0.0055943076,0.32052445,0.6069756,0.39853808,0.32419872,0.0034903805,0.00038245769,0.0013095862,0.004603655,0.0033090462,0.25373805,0.15778404,0.24705972,0.38519368,0.74714774,0.7491939,174.26306,177.45209,178.26463,178.87785,1.43281,0.45486063,0.9366437,1.3238614,0.96826327,0.25612667,0.16195875,0.24895824,0.398694,0.7607825,0.77594525,175.64734,179.74852,179.75407,179.98836,1.4472492,0.45641172,0.9418627,1.3423283,0.9822976,0.0023886263,0.0041747093,0.0018985271,0.013500333,0.013634741,0.02675134,1.3842773,2.2964325,1.4894409,1.1105042,0.014439225,0.0015510917,0.0052189827,0.01846695,0.014034331,0.00019588553,0.0003594638,0.00029823955,0.0017010384,0.002120801,0.0028807726,0.19936818,0.23044401,0.2230414,0.13173755,0.0019038669,0.00021253886,0.0009555077,0.0036127116,0.0023561222,0.00025738098,0.0005199824,0.00041424425,0.0020942013,0.0027633433,0.004761356,0.2591468,0.30606654,0.34822565,0.1968003,0.00251773,0.0003540627,0.0013049884,0.004831875,0.0030809967,0.0007338524,0.0017695725,0.0010127425,0.005116552,0.0062000155,0.014038384,0.67225647,0.8215027,0.8854065,0.58950806,0.006610036,0.0013861358,0.0038303137,0.012845397,0.008870363,0.0056806803,0.01042445,0.008648947,0.049330115,0.06150323,0.08354241,5.7816772,6.6828766,6.4682007,3.8203888,0.05521214,0.006163627,0.027709723,0.104768634,0.068327546,0.05341254,0.13626987,0.8854065,STANDING
0.25487497,0.1594496,0.24741416,0.38850406,0.7455109,0.7563212,175.32806,178.29799,179.00969,179.52051,1.4348412,0.45543358,0.93693334,1.3234012,0.9691088,0.00061573595,0.00061888975,0.0005904628,0.002116415,0.006396223,0.006269789,0.3194621,0.27784827,0.4309923,0.31574005,0.007689351,0.0004395104,0.0028969902,0.008053213,0.0044167642,0.25403628,0.15840955,0.24622789,0.38474196,0.7370531,0.7419272,174.7088,177.62782,178.24254,178.95784,1.4199575,0.4544723,0.9299921,1.3043305,0.9577514,0.25588587,0.16068137,0.24829508,0.39218816,0.75895226,0.76615,175.84311,178.90953,179.71495,179.99266,1.4510294,0.45646727,0.9424214,1.3440669,0.97819984,0.0018495917,0.0022718161,0.0020671934,0.0074461997,0.021899164,0.024222791,1.1343079,1.2817078,1.4724121,1.0348206,0.031071901,0.0019949675,0.012429297,0.03973639,0.020448446,0.00017858579,0.00030289384,0.00029746827,0.00090355094,0.0035715534,0.0023428057,0.1792692,0.17783329,0.2550575,0.15803476,0.0032418924,0.0003063576,0.0011198582,0.004595621,0.0025741314,0.00024210745,0.00042783763,0.0003832598,0.0011061283,0.0056335824,0.00432507,0.23284936,0.2183277,0.31617123,0.19322732,0.0047153914,0.00040479458,0.0017094625,0.0074268887,0.004320502,0.0008689761,0.0009869337,0.0010088086,0.0022736788,0.014701545,0.018412948,0.70614624,0.42825317,0.72198486,0.38839722,0.014481425,0.0012400746,0.0065196157,0.023806214,0.01688397,0.005178988,0.008783922,0.00862658,0.026202977,0.10357505,0.06794137,5.198807,5.1571655,7.3966675,4.583008,0.09401488,0.00888437,0.03247589,0.133273,0.07464981,0.05264196,0.11526615,0.72198486,STANDING
0.25480697,0.15978156,0.24762973,0.39109614,0.7496864,0.76282734,175.54459,177.96632,179.11435,179.6081,1.4355392,0.454979,0.93615407,1.3282428,0.97357506,0.00039173977,0.0005487604,0.0006021164,0.0024389103,0.004729866,0.0064121517,0.3425005,0.54782325,0.41129345,0.24162163,0.0068059857,0.00026961497,0.0015825346,0.004951435,0.0042462656,0.2541606,0.15864004,0.24665831,0.38668987,0.7415985,0.7477054,174.73116,177.03201,178.37209,179.17061,1.423382,0.45440227,0.93227947,1.320255,0.96476686,0.2553644,0.16082272,0.24895877,0.39717358,0.75838006,0.7727279,176.2709,178.88828,179.92534,179.9686,1.4452174,0.45568782,0.9390273,1.3360305,0.9816755,0.0012037754,0.0021826774,0.0023004562,0.010483712,0.016781569,0.025022507,1.5397491,1.8562622,1.5532532,0.7979889,0.021835327,0.001285553,0.006747842,0.015775442,0.016908646,0.00020743033,0.00027135684,0.00037666745,0.0018209692,0.00261464,0.0029372943,0.22674824,0.2518,0.22394273,0.15832677,0.0021553696,0.00018230491,0.00080172974,0.0025997655,0.0023971344,0.0003154745,0.00037224588,0.000563028,0.0022281844,0.0041963235,0.004526508,0.28060314,0.35107833,0.3090093,0.21412814,0.0028769858,0.00025629354,0.0011028993,0.003596367,0.003765902,0.0011002421,0.000903219,0.0013253242,0.005184561,0.013080835,0.013647854,0.8342743,0.94992065,0.74053955,0.46983337,0.0072425604,0.00066268444,0.0027968287,0.009986639,0.013682246,0.0060154796,0.007869348,0.010923356,0.052808106,0.07582456,0.085181534,6.575699,7.3022003,6.494339,4.5914764,0.06250572,0.0052868426,0.023250163,0.0753932,0.0695169,0.05847883,0.14020248,0.94992065,STANDING
0.25520828,0.16070934,0.24760884,0.38888562,0.7467164,0.7610249,175.09431,178.61763,179.03282,179.57912,1.4345275,0.45441717,0.9357222,1.325397,0.9709473,0.00059806515,0.00064090034,0.00078481046,0.0032676095,0.0061830105,0.0047600516,0.3203989,0.54535955,0.39477587,0.24153976,0.0075419676,0.0006114091,0.002789894,0.008235562,0.0039579202,0.25420222,0.15960766,0.24595435,0.38380417,0.7367845,0.75336206,174.51741,177.72343,177.99118,178.92593,1.4212805,0.45313805,0.93127775,1.3124338,0.9630219,0.25629058,0.16216458,0.24865837,0.3949509,0.76072013,0.773401,175.59235,179.7935,179.68587,179.9817,1.4456654,0.45536572,0.9412266,1.3401098,0.9783113,0.002088368,0.00255692,0.0027040243,0.011146724,0.023935616,0.020038962,1.0749359,2.0700684,1.6946869,1.0557709,0.024384856,0.002227664,0.00994885,0.027675986,0.015289426,0.00019905793,0.0002727755,0.00028924027,0.0012058842,0.0027269453,0.0029689504,0.1746121,0.24372654,0.24759385,0.14503847,0.0029498667,0.00028535622,0.0009875832,0.0035734589,0.0025906975,0.0002570131,0.0003680543,0.00038837115,0.0015570734,0.00397729,0.0045205667,0.24093749,0.29610375,0.3447118,0.20474975,0.00430388,0.00039089518,0.0016357306,0.0053343447,0.0035094176,0.00064203143,0.000862062,0.0011656284,0.0045624077,0.010706902,0.014679313,0.61524963,0.67863464,0.9441681,0.61976624,0.015416503,0.0010849833,0.0060225725,0.014934301,0.008622646,0.00577268,0.00791049,0.008387968,0.03497064,0.079081416,0.086099565,5.063751,7.0680695,7.1802216,4.2061157,0.085546136,0.00827533,0.028639913,0.103630304,0.075130224,0.05526805,0.13203356,0.9441681,STANDING
0.25530264,0.16043347,0.24888022,0.38949287,0.7490148,0.76141465,175.12975,178.143,178.94537,179.71484,1.4397894,0.45353016,0.93645865,1.3300674,0.96990854,0.000361351,0.000768939,0.00042459386,0.003353677,0.004248138,0.0033330435,0.37263966,0.2984799,0.6352368,0.25930718,0.007010986,0.00016765458,0.0013550487,0.0063594314,0.0026640058,0.25480258,0.15845725,0.24808846,0.38408908,0.74127334,0.75257957,174.41428,177.71045,177.3635,178.9456,1.4215764,0.4533053,0.9344691,1.316283,0.965395,0.2562319,0.16221796,0.24961638,0.3944998,0.75562364,0.7653873,175.68895,178.78514,179.95059,179.97826,1.4552349,0.45400652,0.9399479,1.3414123,0.9746141,0.0014293194,0.0037607104,0.0015279204,0.010410726,0.014350295,0.012807727,1.2746735,1.0746918,2.5870972,1.0326538,0.033658504,0.00070121884,0.0054787993,0.025129318,0.00921911,0.00013387408,0.00035576778,0.00016717562,0.0012623102,0.001778878,0.0017394362,0.16491593,0.15954326,0.28796703,0.16848071,0.004370151,0.00012544208,0.00051224645,0.0032340123,0.0014652446,0.0001967046,0.00053732446,0.00022457466,0.0017703655,0.0026053141,0.0031903808,0.22706513,0.22974652,0.42301995,0.22525984,0.0054763258,0.00015972226,0.00074991916,0.0050482396,0.0020134582,0.00082194805,0.0017700344,0.00052812696,0.0051009953,0.0080679655,0.010140896,0.68836975,0.59880066,1.5355988,0.67640686,0.013211489,0.00036650896,0.002810657,0.01483798,0.0055746436,0.0038823485,0.010317266,0.004848093,0.036606997,0.051587462,0.05044365,4.7825623,4.6267548,8.351044,4.8859406,0.12673438,0.0036378205,0.014855146,0.09378636,0.04249209,0.053070094,0.14116685,1.5355988,STANDING
0.25603476,0.15992635,0.24939284,0.39171615,0.7530286,0.7662712,175.36557,178.35689,178.97256,179.67026,1.4413925,0.45431662,0.9386368,1.33209,0.9745964,0.00043473326,0.00077044417,0.0005672259,0.002725459,0.0030388958,0.007471052,0.2404783,0.5691688,0.47041342,0.30962333,0.0068000043,0.0007669876,0.002576465,0.0064900643,0.004480891,0.25510624,0.15835717,0.24834666,0.38693172,0.7488291,0.7536264,174.96349,177.41525,177.7715,178.98355,1.4321249,0.45330226,0.93444204,1.3243135,0.9665986,0.25653586,0.16215585,0.25049222,0.39737013,0.75996464,0.7855452,175.89508,179.3591,179.64908,179.97653,1.4525508,0.456217,0.9455016,1.346031,0.9871012,0.0014296174,0.0037986785,0.0021455586,0.010438412,0.011135519,0.031918764,0.93159485,1.9438477,1.8775787,0.99298096,0.020425916,0.0029147267,0.011059582,0.02171743,0.020502627,0.00018881724,0.00031624374,0.0002805637,0.0013149052,0.0015471578,0.0034378048,0.15044114,0.23960403,0.2308918,0.15048324,0.002971049,0.0002460603,0.0009507557,0.003294809,0.002191071,0.00024442168,0.00043465194,0.00036084125,0.0017762362,0.002260103,0.0062947134,0.18624055,0.29300112,0.31375062,0.2013708,0.0044364515,0.00035041393,0.0015193603,0.0047976784,0.0035899093,0.00061523914,0.0015047491,0.0008280277,0.005737692,0.0058244467,0.02101636,0.38449097,0.6660309,1.1005554,0.47122192,0.015357494,0.0012323856,0.005158305,0.014015555,0.013183773,0.0054757,0.009171069,0.008136347,0.03813225,0.044867575,0.09969634,4.362793,6.948517,6.695862,4.3640137,0.08616042,0.007135749,0.027571917,0.095549464,0.063541055,0.052543964,0.12084577,1.1005554,STANDING
0.25600705,0.16068204,0.24967283,0.39211282,0.7549392,0.76799715,175.38281,178.43759,179.12405,179.62138,1.4434376,0.4546576,0.9381565,1.331331,0.97642344,0.00026621664,0.00080870546,0.00035021902,0.004032251,0.005961119,0.0053782077,0.37843713,0.59548604,0.31079352,0.2772389,0.003560012,0.0004985469,0.0012598629,0.0056270384,0.004488042,0.25547618,0.15956809,0.24874483,0.38703218,0.7458644,0.7614714,174.73332,177.35278,178.32428,178.91887,1.4366678,0.4537999,0.9363311,1.3208772,0.9700417,0.2565715,0.16216779,0.25054953,0.40112713,0.76317376,0.7834818,176.04654,179.55746,179.694,179.9909,1.4501286,0.45579368,0.94209003,1.342155,0.98694,0.0010953248,0.0025997013,0.0018046945,0.014094949,0.017309368,0.022010386,1.3132172,2.2046814,1.3697205,1.0720367,0.013460755,0.0019937754,0.005758941,0.021277785,0.016898334,0.00014000412,0.00023583503,0.00023992822,0.0016000292,0.0023925633,0.001977271,0.15141717,0.23251185,0.18416569,0.11236835,0.0020500463,0.00018395021,0.00060868263,0.0022616468,0.0018884252,0.00019474929,0.000386559,0.00030850823,0.0023785247,0.0038452984,0.0033301315,0.24585181,0.30748457,0.23122564,0.20634368,0.002866708,0.0002728157,0.00085328775,0.0031881866,0.00258321,0.00046926737,0.0015809834,0.00070123374,0.0073865354,0.0120741725,0.00977838,1.0585632,0.72602844,0.5708313,0.9364624,0.008390427,0.0008120835,0.0028105974,0.008331418,0.0062960386,0.0040601194,0.0068392158,0.0069579184,0.046400845,0.06938434,0.05734086,4.391098,6.7428436,5.340805,3.2586823,0.05945134,0.005334556,0.017651796,0.06558776,0.05476433,0.046269428,0.12146472,1.0585632,STANDING
0.25550872,0.15957823,0.24962714,0.39154577,0.74729174,0.764234,175.54535,178.30583,178.78105,179.41444,1.4307352,0.45503312,0.93418247,1.322549,0.97090954,0.00034558424,0.0004996771,0.00029696882,0.0019928392,0.0045424346,0.0034975687,0.36714214,0.20184189,0.43221253,0.43935257,0.0095858425,0.00057643215,0.0018369342,0.009500565,0.002901578,0.25497177,0.1587908,0.24906172,0.38810006,0.7420496,0.75876033,174.98277,177.7957,177.97601,178.4565,1.4190432,0.4543563,0.9319464,1.3099856,0.9656831,0.2561334,0.1603832,0.2502486,0.39587232,0.75907356,0.77281004,176.43518,178.7334,179.64995,179.978,1.4490925,0.45610735,0.9375969,1.3375509,0.9800416,0.0011616349,0.0015923977,0.0011868924,0.007772267,0.01702398,0.014049709,1.4524078,0.93769836,1.6739349,1.5214996,0.030049324,0.0017510355,0.0056505203,0.02756524,0.0143585205,0.00012892895,0.00024772563,0.00020648488,0.0008461722,0.0015095924,0.0018437854,0.12688893,0.14078495,0.17437586,0.17682621,0.0029318086,0.00011964091,0.00061925116,0.003182814,0.0012852077,0.00016305983,0.00036094701,0.00028789506,0.0011202528,0.002399496,0.0028042071,0.17106274,0.185981,0.24530987,0.2579022,0.0044884286,0.00016041282,0.0008645779,0.0054024244,0.00179752,0.00050002337,0.0010868013,0.0008189231,0.0034568012,0.008040905,0.00991118,0.46006775,0.5856476,0.54559326,0.7315521,0.015826225,0.000505358,0.0024091005,0.015882492,0.00573802,0.0037389398,0.0071840435,0.0059880614,0.024538994,0.04377818,0.053469777,3.679779,4.0827637,5.0569,5.12796,0.08502245,0.0034695864,0.017958283,0.09230161,0.037271023,0.042119827,0.10498674,0.7315521,STANDING
0.25476998,0.16134305,0.2497707,0.39133185,0.7497152,0.76408184,175.36,178.51485,178.96124,179.46135,1.4428535,0.4578815,0.941937,1.3345088,0.97453475,0.00050313835,0.0010286715,0.00046872033,0.003083941,0.003942003,0.0050057424,0.35007563,0.5748324,0.32497382,0.34464425,0.0066624815,0.0011206747,0.0048890067,0.008788722,0.00476114,0.25367036,0.15906541,0.24886207,0.38543218,0.73898965,0.7468471,174.60934,177.69456,178.40584,178.70688,1.4287211,0.45645732,0.9362321,1.3124522,0.95995474,0.25555906,0.16264121,0.25069168,0.39707315,0.7552391,0.7716232,175.81685,179.74951,179.49475,179.96843,1.4528598,0.45985594,0.9485626,1.3470452,0.9813381,0.0018886924,0.0035758018,0.0018296093,0.011640966,0.016249478,0.024776101,1.2075043,2.054947,1.088913,1.2615509,0.024138689,0.003398627,0.012330532,0.034592986,0.021383345,0.000183385,0.0002898502,0.00026460967,0.0009775141,0.001354828,0.0023521802,0.13707864,0.21263649,0.18530905,0.15854356,0.0020688649,0.00022094311,0.00077588396,0.00285861,0.0017649593,0.00026379712,0.00040111426,0.00039569865,0.0014113473,0.0032464247,0.0038998977,0.18247323,0.28682524,0.23161756,0.20104,0.00325664,0.00036982342,0.0015136909,0.0052370154,0.0033093889,0.00078463554,0.0013012439,0.0013988465,0.004086435,0.015381396,0.01353389,0.5946045,0.8115082,0.56259155,0.53552246,0.010422587,0.0016746223,0.006666541,0.020173669,0.015080452,0.005318165,0.008405656,0.007673681,0.02834791,0.03929001,0.068213224,3.9752808,6.166458,5.3739624,4.597763,0.05999708,0.0064073503,0.022500634,0.08289969,0.05118382,0.047111955,0.10908912,0.8115082,STANDING
0.2558015,0.16076168,0.25058186,0.39581308,0.7499486,0.7645874,175.15611,178.15448,179.02847,179.67592,1.4434012,0.4573539,0.94020337,1.3323256,0.9730882,0.0002787406,0.0007731442,0.00081670407,0.003218858,0.007840998,0.0053120693,0.34872916,0.41811514,0.35628936,0.20551883,0.0068651782,0.0008535406,0.0021383374,0.008037906,0.0046889246,0.25482336,0.15968606,0.24926141,0.39093992,0.7396357,0.752059,174.34953,177.44937,178.39368,179.1763,1.4270551,0.45625666,0.93560815,1.3104243,0.96745706,0.25634277,0.16211501,0.25231186,0.4015816,0.76651615,0.77401906,175.61195,179.16228,179.8099,179.96188,1.4578775,0.45899433,0.94443965,1.350853,0.9833075,0.0015194118,0.0024289489,0.0030504465,0.010641664,0.026880443,0.02196008,1.2624207,1.7129059,1.4162292,0.7855835,0.030822396,0.0027376711,0.008831501,0.04042864,0.015850425,0.00018975652,0.00035660944,0.00030353203,0.0013200549,0.0041473447,0.0023661503,0.11873232,0.23283386,0.19378452,0.11363588,0.0036447584,0.00018958388,0.0008082328,0.004049412,0.0027884266,0.00029943374,0.0005900211,0.00036955226,0.0016262819,0.0064118565,0.0036996026,0.15669596,0.29252964,0.25796893,0.1366046,0.0054324963,0.00023403356,0.0013673397,0.0062656784,0.0041395896,0.0010201931,0.0021205842,0.0011391342,0.004172921,0.017581701,0.011755347,0.3338318,0.73779297,0.73275757,0.3088379,0.015884638,0.0006092489,0.005153239,0.017628908,0.009539723,0.005502939,0.010341674,0.008802429,0.03828159,0.120272994,0.06861836,3.4432373,6.752182,5.619751,3.2954407,0.10569799,0.0054979324,0.023438752,0.11743295,0.08086437,0.045276694,0.10505682,0.73779297,STANDING
0.25583926,0.16173965,0.25576374,0.3970309,0.75644284,0.7714322,175.7374,178.78285,179.0044,179.6337,1.4528221,0.45743826,0.94135374,1.3378062,0.97379124,0.00030890695,0.0005252481,0.000899976,0.0021272206,0.0034791238,0.0063185594,0.4054287,0.45594993,0.27826512,0.22682789,0.0042994265,0.00035939785,0.0006104088,0.006167363,0.0019127955,0.255175,0.16080429,0.25308916,0.39357036,0.7524253,0.75484365,174.98831,177.86699,178.43222,179.25084,1.4473475,0.4569007,0.9401237,1.3279413,0.96860504,0.2564696,0.16259536,0.25714016,0.40144306,0.76666224,0.77820486,176.42752,179.68832,179.7779,179.99806,1.4619547,0.45822173,0.94234574,1.3493823,0.97678363,0.0012946129,0.0017910749,0.004051,0.007872701,0.014236927,0.023361206,1.439209,1.8213348,1.3456726,0.7472229,0.014607191,0.0013210475,0.0022220612,0.021440983,0.008178592,0.0001413555,0.00023965846,0.00025492086,0.001489112,0.0011641651,0.0019549502,0.16177262,0.26624745,0.18071458,0.16322011,0.0013658466,0.00014745162,0.00026674106,0.0017382235,0.0009134679,0.00019687238,0.0003741853,0.00036380187,0.001888322,0.0023071894,0.00302306,0.20956069,0.3225627,0.22952107,0.21872984,0.0020299212,0.00021702709,0.00037767502,0.0026702897,0.0013819083,0.0005991459,0.0012597144,0.0011546314,0.003942907,0.01000011,0.007575631,0.54953,0.67329407,0.5026703,0.5595703,0.006667137,0.00068968534,0.0011331439,0.008312821,0.00433743,0.0040993094,0.0069500953,0.0073927045,0.04318425,0.033760786,0.056693554,4.6914062,7.721176,5.2407227,4.733383,0.03960955,0.004276097,0.007735491,0.050408483,0.02649057,0.052108712,0.11810417,0.67329407,STANDING
0.2540602,0.1603256,0.25455418,0.39481097,0.75232583,0.77156585,175.60576,179.02252,179.03899,179.5571,1.4374148,0.46098146,0.9405032,1.3288534,0.97644836,0.00090432557,0.0014707543,0.0010228362,0.0033314999,0.004874491,0.0053494275,0.43559813,0.48236823,0.36621317,0.26316592,0.009897656,0.0015662535,0.0019090477,0.010623789,0.0036332884,0.25275674,0.15812132,0.2528315,0.3888316,0.74673223,0.76233405,174.66663,178.14346,178.3565,179.04001,1.4176484,0.45793152,0.93647856,1.3055828,0.9717078,0.25548664,0.16244113,0.25582984,0.40257668,0.7622561,0.78248817,176.19896,179.9206,179.88293,179.92827,1.4510283,0.4632734,0.9436294,1.3458953,0.9840592,0.0027298927,0.004319817,0.002998352,0.013745099,0.015523851,0.020154119,1.5323334,1.7771301,1.5264282,0.8882599,0.033379912,0.0053418875,0.007150829,0.04031253,0.012351394,0.0001959626,0.00031865772,0.00024047904,0.001463108,0.0019428196,0.0016416969,0.20123607,0.30681583,0.21709257,0.14524578,0.0037002976,0.00020899855,0.0006600536,0.004397043,0.0013778333,0.00027106146,0.00039453615,0.00036276018,0.0017810044,0.0032884465,0.0022526826,0.26299244,0.3725915,0.31235263,0.19448033,0.005466854,0.00024143813,0.0010118652,0.0070958636,0.0022536376,0.0007817745,0.00081139803,0.001367867,0.0035434961,0.011157036,0.006213486,0.55892944,0.97273254,0.9165802,0.44989014,0.019649029,0.0008082688,0.0039015412,0.029028416,0.008930922,0.0056829154,0.009241074,0.0069738925,0.042430133,0.056341767,0.04760921,5.835846,8.897659,6.295685,4.2121277,0.107308626,0.006060958,0.019141555,0.12751424,0.039957166,0.059102483,0.13933781,0.97273254,STANDING
0.2540422,0.160426,0.25377464,0.39227206,0.74968237,0.76751506,175.71358,179.1828,179.26413,179.68196,1.4394374,0.46265545,0.94136304,1.3323625,0.9759254,0.0005195933,0.00033921137,0.00049377617,0.0018099104,0.007388568,0.004296933,0.32760474,0.36988533,0.40781826,0.2481454,0.0074937446,0.0005256968,0.0018862566,0.0075804107,0.0050709327,0.25290838,0.15973698,0.25319117,0.38871905,0.73612994,0.7541009,175.22704,178.48923,178.50162,179.16788,1.4281354,0.46150136,0.937666,1.3213937,0.9632546,0.2548914,0.16101494,0.25534526,0.39715648,0.7629389,0.7761151,176.53433,179.92805,179.98204,179.99316,1.4563974,0.4633893,0.94443953,1.3501104,0.9849175,0.0019830167,0.0012779683,0.002154082,0.008437425,0.026808977,0.0220142,1.3072968,1.4388275,1.480423,0.82528687,0.02826202,0.0018879473,0.0067735314,0.028716683,0.02166295,0.00016057491,0.00017204367,0.00031747285,0.0010246532,0.0038826691,0.0021946,0.13334392,0.24261633,0.28561875,0.14837068,0.0038086504,0.00023493171,0.0007658087,0.0041588424,0.0026785403,0.00024557443,0.00026178578,0.00043197977,0.001337038,0.0067597562,0.003872971,0.17731509,0.29072374,0.38618976,0.19619434,0.0049035195,0.00033800738,0.0010904181,0.0056626257,0.0042465073,0.0010099411,0.0008813739,0.0011596382,0.003007561,0.025122225,0.016376615,0.5420685,0.62879944,1.0389099,0.40371704,0.012538552,0.0009252429,0.0027416945,0.012934446,0.014507115,0.0046566725,0.0049892664,0.009206712,0.029714942,0.112597406,0.063643396,3.8669739,7.0358734,8.282944,4.3027496,0.110450864,0.0068130195,0.022208452,0.12060642,0.07767767,0.055289898,0.13148099,1.0389099,STANDING
0.2550836,0.16007155,0.25471333,0.3980138,0.7558774,0.7733765,176.36334,175.57831,178.94135,179.6546,1.4472554,0.4605017,0.93902475,1.3324926,0.97843677,0.0005099435,0.00053175184,0.00056101615,0.0029574109,0.008473123,0.003865757,0.28168592,0.9253104,0.46491143,0.22247925,0.008161796,0.00070145034,0.00308778,0.0086577125,0.004895493,0.25414047,0.15918417,0.25346726,0.38717398,0.7397655,0.75458956,175.55301,174.72168,178.19945,179.18755,1.4319113,0.45935464,0.93398595,1.3170209,0.9639012,0.2561148,0.16104257,0.25570923,0.40158656,0.7715942,0.7781184,176.78644,178.46034,179.95416,179.99742,1.460257,0.46142983,0.9438772,1.3452029,0.9869615,0.0019743443,0.0018583983,0.002241969,0.014412582,0.0318287,0.023528814,1.233429,3.7386627,1.754715,0.8098755,0.028345704,0.0020751953,0.009891272,0.02818203,0.023060262,0.00028750917,0.00030725476,0.00038235146,0.0009802714,0.0032901189,0.0017289745,0.124085,0.26661155,0.2592726,0.16210306,0.0032139851,0.00024201952,0.00085947843,0.003585429,0.002306492,0.0004180396,0.00039458688,0.00051393773,0.0014208143,0.0048821038,0.0037742204,0.15634954,0.34931895,0.32566056,0.21797843,0.004478537,0.0003303786,0.0013812587,0.00508699,0.0034229632,0.0014150739,0.0008328557,0.001727879,0.004760474,0.015041113,0.017744184,0.43458557,1.0544739,0.8006897,0.6601715,0.014186263,0.000867337,0.0047370195,0.012020707,0.009305179,0.008337766,0.008910388,0.011088192,0.02842787,0.09541345,0.05014026,3.598465,7.731735,7.5189056,4.700989,0.09320557,0.007018566,0.024924874,0.10397744,0.06688827,0.05528374,0.13185549,1.0544739,STANDING
0.25461897,0.16080672,0.25432992,0.3893456,0.747907,0.7671947,175.42009,178.53856,179.21654,179.76263,1.440679,0.46002674,0.94007087,1.3269885,0.9721507,0.00044546078,0.00045079275,0.00031784145,0.0025264206,0.006943194,0.0039708884,0.29929778,0.57927966,0.49372807,0.24766354,0.0072622,0.00043366736,0.0028384114,0.007826236,0.0041525094,0.2537255,0.16009752,0.2538096,0.38511845,0.73559964,0.75762355,175.05962,176.31757,178.08519,179.01044,1.4244072,0.459328,0.9349972,1.3066638,0.96501255,0.255706,0.16199578,0.25488052,0.39689723,0.7614525,0.774153,176.34895,179.17593,179.99394,179.98763,1.4530946,0.4609575,0.9437591,1.3408828,0.9804677,0.0019805133,0.0018982589,0.0010709167,0.011778772,0.025852859,0.01652944,1.2893372,2.858368,1.9087524,0.9771881,0.028687358,0.0016295016,0.008761883,0.034219027,0.015455127,0.00022505583,0.00027033687,0.00023353922,0.0013416224,0.0032815975,0.0017853071,0.14450337,0.22900023,0.22797051,0.113458045,0.002984158,0.00018302428,0.0007097783,0.0037779561,0.0024092197,0.00030033718,0.0003397524,0.0003132746,0.0016091259,0.0054275654,0.002478179,0.18352436,0.2932186,0.3903003,0.17369725,0.0041599683,0.00024194973,0.00093418604,0.005832914,0.0034394562,0.00081190467,0.000703305,0.00087311864,0.0036781728,0.01953131,0.0075101852,0.52948,1.0280304,1.3162231,0.5170288,0.011972785,0.00083109736,0.0022556782,0.01837194,0.012265444,0.006526619,0.007839769,0.0067726374,0.03890705,0.095166326,0.051773906,4.1905975,6.6410065,6.611145,3.2902832,0.08654058,0.005307704,0.02058357,0.10956073,0.06986737,0.048808917,0.13582042,1.3162231,STANDING
0.2555056,0.16226435,0.2552038,0.392941,0.7588987,0.7707873,175.50883,178.96187,179.47025,179.38846,1.4486822,0.4591261,0.94063115,1.3340054,0.97741973,0.0004194578,0.0007551391,0.00061955897,0.0040478893,0.0069939303,0.005829726,0.28415364,0.65442836,0.3608958,0.3183361,0.0074633094,0.00070518255,0.0027929898,0.008669099,0.0066447635,0.25467205,0.16112347,0.25410026,0.38844663,0.7444201,0.75848424,175.11278,177.45032,178.60988,178.75204,1.4350437,0.45775276,0.9336862,1.3205638,0.9633882,0.25615057,0.16365044,0.2565987,0.40103072,0.77169025,0.7791271,176.31999,179.97691,179.99913,179.98668,1.4620193,0.46024266,0.9444272,1.3456876,0.987382,0.001478523,0.0025269687,0.002498448,0.01258409,0.027270138,0.020642877,1.2072144,2.526596,1.3892517,1.2346344,0.026975632,0.0024898946,0.010740995,0.025123835,0.02399379,0.00016202906,0.00032903202,0.00037449392,0.0014018159,0.003106888,0.0022158788,0.18805826,0.25714585,0.21053709,0.15174392,0.0027112057,0.00028272948,0.0011591994,0.0039439695,0.0024108845,0.00022988758,0.0004532211,0.00048332918,0.0017992461,0.0044567483,0.0033815757,0.2769584,0.3430375,0.2791268,0.19263983,0.0038519027,0.00040335173,0.0019143337,0.0066133803,0.0034277705,0.0006325841,0.0013893545,0.0012957752,0.0039583743,0.011372864,0.010495901,0.7662506,0.8045502,0.7705536,0.44569397,0.009526372,0.0010596514,0.007526815,0.019273877,0.011244357,0.0046988428,0.009541929,0.010860324,0.040652663,0.09009975,0.06426048,5.4536896,7.4572296,6.1055756,4.4005737,0.078624964,0.008199155,0.03361678,0.114375114,0.06991565,0.05503888,0.13346477,0.8045502,STANDING
0.25604576,0.16299923,0.25480708,0.39454702,0.7525193,0.77324796,175.66,179.11127,179.27829,179.40256,1.4463948,0.4565119,0.9384493,1.3276323,0.97331274,0.00047722278,0.000618445,0.0010060958,0.0030151934,0.008539071,0.0047882004,0.43067506,0.3842526,0.4415238,0.3151908,0.014601518,0.0008606131,0.0043763644,0.014670052,0.0051177815,0.25529733,0.16181818,0.25287518,0.39000914,0.7400425,0.76030356,175.00977,178.18047,178.41759,178.71512,1.4155077,0.4553405,0.9299102,1.2940273,0.9622534,0.25675195,0.16427085,0.2559855,0.40113553,0.77041245,0.7814369,176.67084,179.96106,179.90001,179.89455,1.4649047,0.4586956,0.9430319,1.3479794,0.9870861,0.0014546216,0.0024526715,0.0031103194,0.011126399,0.030369937,0.021133363,1.6610718,1.7805939,1.4824219,1.1794281,0.04939699,0.0033550858,0.013121724,0.053952098,0.024832726,0.00017339196,0.00024880367,0.0003217099,0.0013943027,0.0038230603,0.0024066402,0.23496535,0.24806371,0.25462183,0.18746528,0.0038912543,0.00032734254,0.0011479629,0.0042845546,0.0027504193,0.00026673463,0.00036131858,0.00051987293,0.0017720764,0.007052129,0.0041648815,0.3193239,0.29772106,0.38861695,0.24712048,0.007724303,0.0004904533,0.0025089916,0.0086395545,0.0042988686,0.0008354783,0.00089533627,0.0019339621,0.004558414,0.025321007,0.015386105,0.76745605,0.67477417,1.3134155,0.61131287,0.035454035,0.0016290843,0.010172248,0.035132647,0.013116896,0.005028367,0.007215306,0.009329587,0.040434778,0.11086875,0.06979257,6.8139954,7.1938477,7.384033,5.436493,0.112846375,0.009492934,0.033290923,0.12425208,0.07976216,0.06305904,0.15205316,1.3134155,STANDING
0.25688088,0.16310327,0.25598904,0.3946662,0.7593901,0.768833,175.7568,179.00983,179.43533,179.57788,1.4522882,0.45431623,0.9379639,1.3330296,0.97116745,0.00035428655,0.0007568455,0.00035136926,0.002211075,0.007075726,0.0064611174,0.37496054,0.25627744,0.41796595,0.30033785,0.0069055986,0.0011537459,0.0018880328,0.007764326,0.0054923925,0.25615463,0.16184291,0.2553239,0.39027834,0.744607,0.75424075,175.1277,178.47481,178.55289,178.78482,1.4415288,0.45245427,0.9346921,1.3235703,0.95919156,0.2575196,0.16408212,0.25686273,0.3979901,0.77179974,0.77800465,176.69135,179.62175,179.95718,179.99959,1.4677193,0.45630834,0.941505,1.3498257,0.98058337,0.0013649762,0.0022392124,0.0015388429,0.007711768,0.027192771,0.023763895,1.5636444,1.1469421,1.4042969,1.2147675,0.02619052,0.0038540661,0.00681293,0.026255488,0.021391809,0.00022614721,0.00022729614,0.00032218674,0.0010359657,0.004879409,0.002855237,0.18033837,0.1962917,0.28497893,0.21948978,0.0028905456,0.00024000838,0.0006917612,0.002892412,0.003516709,0.00028150092,0.0003156039,0.00040828073,0.0012623369,0.0074705924,0.004453434,0.22316964,0.2577806,0.39054397,0.28140116,0.004416718,0.0003073209,0.0010309264,0.0046084635,0.004780435,0.000767082,0.0011851043,0.0009048581,0.0029803813,0.024957657,0.013448656,0.6119995,0.6712799,1.1521759,0.76641846,0.014207125,0.0009648502,0.0027235746,0.014389753,0.013121605,0.0065582693,0.0065915883,0.0093434155,0.030043006,0.14150286,0.08280188,5.2298126,5.692459,8.264389,6.365204,0.08382583,0.006960243,0.020061076,0.08387995,0.10198456,0.06005843,0.14058739,1.1521759,STANDING
0.2580131,0.1625654,0.25694424,0.39538124,0.75888234,0.7808444,175.96686,178.63873,179.34015,179.66396,1.4570068,0.45214283,0.93617123,1.3338106,0.97416514,0.0006500825,0.0003518182,0.0007446337,0.0020987722,0.007846874,0.0043773106,0.19759104,0.3444814,0.3788023,0.20899025,0.0090492265,0.00078770786,0.0021909683,0.008568698,0.005628219,0.25631258,0.16189179,0.25583258,0.39097515,0.74443126,0.77251,175.59027,178.04881,178.392,179.27979,1.4457455,0.4508046,0.931815,1.3211148,0.96554494,0.2592376,0.16319935,0.25852516,0.39841193,0.7776697,0.7872401,176.31793,179.19695,179.94704,179.99855,1.4743619,0.45351213,0.94045985,1.3502631,0.9870678,0.0029250085,0.001307562,0.0026925802,0.007436782,0.03323847,0.014730096,0.72766113,1.1481323,1.5550385,0.71876526,0.028616428,0.002707541,0.008644819,0.02914834,0.02152288,0.00024430506,0.00020315884,0.00033322387,0.0013574115,0.0032941967,0.002204075,0.15232849,0.21204771,0.23461598,0.18826714,0.00291678,0.0002802405,0.0008492573,0.0031960215,0.002617984,0.0003539468,0.00026403432,0.00045872337,0.00168654,0.0049939607,0.0033540176,0.21207665,0.271193,0.3501517,0.26893717,0.004142015,0.00041567185,0.001214002,0.004713113,0.0034062346,0.0009897053,0.0005745739,0.0015460849,0.0039559305,0.016370296,0.008318543,0.6494293,0.68322754,1.140152,0.71876526,0.0125415325,0.0014215112,0.0031174421,0.014369726,0.0082041025,0.0070848465,0.005891606,0.009663492,0.039364934,0.0955317,0.06391817,4.4175262,6.1493835,6.8038635,5.4597473,0.08458662,0.008126974,0.02462846,0.09268463,0.075921535,0.0536504,0.13442561,1.140152,STANDING
0.2584055,0.1629993,0.2572319,0.393258,0.7622347,0.7774548,175.43275,179.35474,179.41312,179.72247,1.4627697,0.4500746,0.938009,1.333551,0.97200733,0.00046991318,0.0007470841,0.00052362494,0.0027147506,0.0062252046,0.0028273624,0.40805206,0.3116825,0.3162958,0.15681395,0.005757263,0.0010777251,0.0019718118,0.0052538896,0.004173636,0.25736925,0.1620472,0.25620687,0.39021066,0.74604815,0.77166003,174.88684,178.72037,178.4325,179.33568,1.4527438,0.44783574,0.93409944,1.3251534,0.9615817,0.25923806,0.16472432,0.25847226,0.4016156,0.7736787,0.78264016,176.25037,179.82098,179.95552,179.9957,1.471516,0.45150793,0.9416901,1.3443508,0.9811237,0.0018688142,0.0026771128,0.0022653937,0.011404932,0.027630568,0.010980129,1.3635254,1.1006165,1.5230255,0.6600189,0.018772244,0.0036721826,0.0075906515,0.019197464,0.019541979,0.00019129906,0.0003314902,0.00029197746,0.0014048106,0.002934974,0.0015988124,0.14984447,0.25320593,0.2293759,0.10948812,0.0030491927,0.00025158195,0.0009578775,0.0034174796,0.0019442377,0.00027455715,0.0005187557,0.00041929216,0.0019091881,0.004893311,0.0023775639,0.23603898,0.31164816,0.3038009,0.13651115,0.004503978,0.0003371955,0.0014524488,0.0048992587,0.00322191,0.00090408325,0.001762569,0.0011221766,0.006202668,0.018589437,0.007269621,0.9011383,0.62898254,0.7975464,0.30917358,0.014606833,0.0008842051,0.0046913624,0.012744546,0.013077378,0.0055476725,0.009613216,0.008467346,0.040739506,0.08511424,0.04636556,4.3454895,7.342972,6.6519012,3.1751556,0.08842659,0.0072958767,0.027778447,0.09910691,0.056382895,0.050552543,0.123263024,0.9011383,STANDING
0.2593839,0.16277848,0.25853953,0.39583826,0.76517653,0.7814144,175.53932,178.95091,179.20847,179.47403,1.4682082,0.44786426,0.9359617,1.3333409,0.9718799,0.00049385807,0.0010121563,0.0010339641,0.003657144,0.0038729063,0.0072512487,0.29053423,0.46889484,0.4420869,0.29659492,0.006795872,0.0005504044,0.0019779957,0.008397387,0.0049989102,0.2585215,0.16060768,0.25657627,0.390181,0.75835615,0.76619583,175.1653,177.65918,178.51099,178.80708,1.4582132,0.4471165,0.9333898,1.310959,0.9608465,0.26019928,0.16384098,0.26025802,0.40226597,0.77389944,0.7923036,176.37785,179.6681,179.94408,179.97388,1.4828045,0.44886076,0.9399525,1.3491311,0.9794278,0.0016777813,0.0032332987,0.003681749,0.012084961,0.015543282,0.026107788,1.2125549,2.0089264,1.4330902,1.1667938,0.024591327,0.0017442703,0.00656271,0.038172126,0.01858133,0.00013246722,0.0003520939,0.00026580383,0.0017939734,0.0018515587,0.0026410758,0.1909969,0.2717585,0.2262447,0.17774016,0.0029708066,0.00023302744,0.0006669657,0.0036416466,0.0021107155,0.00017211595,0.00050880085,0.0003249422,0.0024324863,0.0031881672,0.0048016524,0.24928837,0.3408828,0.34748173,0.22066848,0.004023038,0.00030082298,0.00094133307,0.0052759,0.0035769236,0.00044927,0.0016111434,0.0007379055,0.006314844,0.011459768,0.01797241,0.65448,0.8974457,1.2046051,0.47883606,0.009945869,0.00078994036,0.0030125976,0.013309836,0.01268363,0.0038415492,0.010210723,0.007708311,0.05202523,0.053695202,0.07659119,5.53891,7.8809967,6.561096,5.1544647,0.08615339,0.006757796,0.019342005,0.10560775,0.06121075,0.05889336,0.1406871,1.2046051,STANDING
0.3026895,0.1679527,0.28201926,0.31699255,0.90217394,0.8854862,167.01106,178.31728,177.3072,178.07559,1.6318666,0.41153902,0.96679246,1.4310422,1.054795,0.027405946,0.008167639,0.015436172,0.096460186,0.08942033,0.052878585,6.39996,1.3029741,2.4500496,1.3975866,0.10676446,0.027249346,0.019184848,0.06280531,0.054618053,0.2600901,0.15712167,0.25336927,0.17664723,0.77929,0.7783843,157.67986,174.68727,166.46072,173.58171,1.4612724,0.3606308,0.9428741,1.3465014,0.985281,0.3370671,0.18559088,0.30331114,0.47422218,1.0158256,0.9557157,179.97847,179.95312,179.97308,179.9913,1.7973167,0.4609094,0.9959936,1.540833,1.1388628,0.076976985,0.028469205,0.049941868,0.29757494,0.23653561,0.17733139,22.298615,5.265854,13.51236,6.4095917,0.3360443,0.100278586,0.05311954,0.19433165,0.15358186,0.0034622848,0.0028190715,0.0038724018,0.0133924885,0.012216554,0.010729412,1.9767467,0.6820126,1.3548726,0.5901058,0.025999427,0.003510731,0.004255153,0.018226726,0.00795364,0.003999746,0.004415892,0.0054118857,0.015469709,0.014328913,0.015659753,2.4245808,0.86753935,2.7564232,0.89832383,0.037794475,0.0025315452,0.006195652,0.028970974,0.010177561,0.013115227,0.013861775,0.017701596,0.0416698,0.03455001,0.04922098,6.076782,1.9095459,11.124435,2.9344482,0.13723493,0.009565681,0.01739937,0.10587227,0.028317451,0.10040626,0.081753075,0.11229965,0.38838217,0.35428005,0.31115294,57.325653,19.778366,39.291306,17.113068,0.7539834,0.1018112,0.12339944,0.52857506,0.23065555,0.3140117,0.95539457,11.124435,IDLE
0.24949871,0.15734784,0.24493745,0.43744758,0.752796,0.7535146,177.72092,179.07628,177.21953,179.29477,1.4202973,0.4801757,0.95793724,1.3485187,0.9896959,0.0033362948,0.0030157892,0.0026879823,0.021107733,0.012444797,0.014584492,1.2874144,0.70332026,1.2831732,0.41136104,0.01785189,0.006419914,0.0045160945,0.009932862,0.009362948,0.24450068,0.15205853,0.24033934,0.40422642,0.73053443,0.7201957,175.2702,177.30408,174.99107,178.61494,1.3939587,0.46249965,0.9482006,1.3307567,0.97309077,0.25777394,0.1631702,0.251839,0.47246307,0.7750301,0.77865905,179.88092,179.97481,179.6244,179.91312,1.4566388,0.48719025,0.9639747,1.3639343,1.0051423,0.013273254,0.011111677,0.011499673,0.06823665,0.044495642,0.058463335,4.610718,2.6707306,4.6333313,1.298172,0.062680125,0.024690598,0.01577413,0.033177614,0.032051563,0.001074719,0.00076581124,0.0011262076,0.0042642336,0.0057076793,0.0050589833,0.617379,0.58336663,0.5129289,0.255279,0.005751614,0.0012484121,0.0011758537,0.0036237158,0.0043916125,0.0014280659,0.0010131157,0.0014945129,0.005580081,0.0077743316,0.0074160188,0.768726,0.73588264,0.6890141,0.33810472,0.0077022235,0.0016480099,0.0015283907,0.004807624,0.0057732994,0.0037393868,0.0021378398,0.0040409416,0.017599374,0.0198915,0.01930046,1.6043854,1.605545,1.9341888,0.8681946,0.019140482,0.0045811236,0.0040776134,0.011883616,0.011632919,0.031166852,0.022208527,0.032660022,0.12366277,0.1655227,0.14671052,17.903992,16.917633,14.874939,7.4030914,0.1667968,0.03620395,0.034099758,0.10508776,0.12735677,0.13354282,0.31329688,1.9341888,IDLE
0.25773796,0.16523257,0.25270602,0.459859,0.7761969,0.80420524,178.59799,176.66518,177.52505,179.2693,1.4892979,0.46069273,0.9625707,1.3749663,0.99985725,0.0031137427,0.0020167897,0.0022723696,0.009631875,0.0072203684,0.028107235,0.833572,1.9763184,0.92685115,0.45602205,0.009322955,0.00970017,0.0062864684,0.008700849,0.008866694,0.24962081,0.16158995,0.2477282,0.4394407,0.75423515,0.7449622,176.71884,173.73026,176.22145,178.39197,1.4653331,0.44491002,0.9500935,1.3589907,0.9790352,0.26147598,0.16857448,0.25723794,0.47664833,0.78543425,0.84335583,179.8011,179.97212,179.32187,179.95776,1.502699,0.47505277,0.969525,1.3873675,1.0143536,0.01185517,0.006984532,0.009509742,0.037207633,0.031199098,0.09839362,3.0822601,6.241867,3.100418,1.5657959,0.037365913,0.030142754,0.019431472,0.028376818,0.035318434,0.001289863,0.0012490405,0.001052224,0.0044648605,0.0048010307,0.0075906864,0.5092384,0.76948494,0.51542085,0.26251537,0.0032034086,0.0010394054,0.0011827863,0.0027940562,0.005597542,0.0017633785,0.0018319875,0.0012692584,0.0055798516,0.006726511,0.010693643,0.6364663,1.0085473,0.63521886,0.33507124,0.004324003,0.0009354779,0.0017805486,0.004737404,0.007388427,0.0042275935,0.0052293837,0.0029574037,0.012726396,0.016972184,0.036857784,1.519577,2.5588226,1.5263672,0.7781067,0.0120180845,0.0036634803,0.0060611963,0.013910174,0.019190133,0.037406027,0.036222175,0.030514494,0.12948096,0.1392299,0.2201299,14.767914,22.315063,14.947205,7.6129456,0.092898846,0.030142754,0.034300804,0.08102763,0.16232872,0.13939497,0.3326779,2.5588226,IDLE
0.25433046,0.15976469,0.25183126,0.4439605,0.7520868,0.79869044,172.83365,177.2755,178.2708,179.33813,1.4898078,0.45001158,0.9602374,1.3704655,0.97666967,0.0023485564,0.005002512,0.0017232661,0.07382492,0.019846732,0.02140778,5.1062083,1.3226769,0.8682465,0.43153736,0.012977209,0.0057958933,0.0033355209,0.003888373,0.007915276,0.25087333,0.15125012,0.2490127,0.33644825,0.72103786,0.76831645,163.55693,174.8583,177.2175,178.3383,1.4671202,0.44277716,0.9545001,1.3625981,0.9626821,0.25916135,0.16668428,0.2555354,0.54272723,0.7835619,0.8351437,179.94536,179.98604,179.92503,179.96927,1.5111067,0.45917612,0.9653718,1.3795811,0.9989594,0.008288026,0.015434161,0.0065227,0.20627898,0.06252402,0.06682724,16.388428,5.1277313,2.7075348,1.6309662,0.04398656,0.016398966,0.010871708,0.016983032,0.036277294,0.00081407715,0.0013270557,0.0005997579,0.010280265,0.004315187,0.004770914,1.168074,0.7368406,0.48649386,0.3334682,0.003161048,0.0006633843,0.0009963184,0.0023542685,0.0035473725,0.0010768417,0.00161785,0.0008558952,0.012828646,0.0061527938,0.0067396,1.6585447,0.8620844,0.6099153,0.43084067,0.0040107635,0.0007842458,0.0013651756,0.0033416501,0.0049042096,0.0022814274,0.003657803,0.0024082065,0.029809356,0.023950994,0.020370007,4.278,1.819931,1.3463287,1.1022491,0.009505868,0.00264287,0.0040380955,0.010364413,0.014503539,0.023608238,0.038484618,0.017392978,0.29812768,0.12514043,0.1383565,33.874146,21.368378,14.108322,9.670578,0.091670394,0.019238144,0.028893232,0.06827378,0.1028738,0.18384708,0.49809775,4.278,IDLE
0.2552191,0.15952076,0.25202128,0.43641528,0.7527616,0.78174627,174.09033,174.28549,178.55731,179.34683,1.4857479,0.45799324,0.9603111,1.3642176,0.9750404,0.0036041625,0.009086779,0.0038193204,0.07803382,0.01909315,0.021393707,7.0060477,4.234476,0.98299646,0.49585092,0.037601925,0.0013057059,0.014456739,0.019010732,0.0098358495,0.2487423,0.13935925,0.24597302,0.27687046,0.7237595,0.7524873,154.56323,164.61897,176.41333,178.21193,1.408401,0.4556928,0.9327042,1.3252515,0.959275,0.26057547,0.16820572,0.25807023,0.54013443,0.77985764,0.8245096,179.44487,179.66629,179.80258,179.97076,1.5327029,0.45991796,0.97622156,1.3921702,0.99315774,0.011833176,0.028846473,0.01209721,0.26326397,0.056098163,0.07202232,24.881638,15.0473175,3.3892517,1.7588348,0.12430191,0.0042251647,0.04351735,0.06691873,0.033882737,0.00087016256,0.0017036549,0.0008083865,0.016323645,0.0043265326,0.0076423245,1.637781,1.1350518,0.45587578,0.25153852,0.0070225247,0.00036895377,0.0025576293,0.0049733953,0.0041676266,0.0011135017,0.0026797226,0.00108241,0.0192201,0.0063956655,0.010479018,2.3094373,1.5621264,0.5865446,0.31263605,0.009409851,0.0005373674,0.0037308773,0.007246893,0.006264491,0.0026029646,0.0098304,0.003633231,0.041697055,0.022865236,0.028294086,5.924347,5.396881,1.5140381,0.7233887,0.02654922,0.001727134,0.009919822,0.025715232,0.01773554,0.025234714,0.049405992,0.023443207,0.4733857,0.12546945,0.22162741,47.49565,32.916504,13.220398,7.2946167,0.20365322,0.01069966,0.074171245,0.14422846,0.12086117,0.2354008,0.7206705,5.924347,IDLE
0.25452027,0.15988335,0.2501146,0.46608418,0.7630979,0.7901196,172.0386,175.13345,178.00139,179.3334,1.4900017,0.45919412,0.9660458,1.374642,0.98265207,0.003021683,0.008428263,0.004684144,0.10581849,0.026897019,0.015123658,7.2733736,3.5782516,0.8135212,0.46744192,0.03885865,0.0022573941,0.017653512,0.021296859,0.007192029,0.24872431,0.14156942,0.24216823,0.27526373,0.7201984,0.7576984,154.85321,165.66942,176.38464,178.50684,1.4133475,0.4565473,0.93501914,1.3315194,0.9717458,0.25833395,0.16768697,0.2562464,0.5917497,0.8018847,0.80820113,179.92856,179.94952,179.69524,179.9543,1.5394392,0.46350834,0.98858106,1.4029769,0.9998399,0.00960964,0.026117548,0.014078155,0.316486,0.08168632,0.050502717,25.075348,14.280106,3.3105927,1.447464,0.12609172,0.0069610476,0.053561926,0.071457505,0.028094113,0.0004946081,0.0013946844,0.0007103743,0.020188542,0.0057115266,0.0058232215,1.7321435,1.3377233,0.4155,0.34180897,0.007582615,0.00037373346,0.0033453826,0.00560615,0.0042417604,0.00067317573,0.0024991857,0.00084060855,0.026621714,0.008834705,0.008991352,2.476143,2.0743399,0.59180206,0.49345934,0.011359456,0.0005982823,0.0049782502,0.008901931,0.006078851,0.0017783344,0.008677512,0.0020839572,0.06110823,0.034831583,0.028707862,6.9347687,6.2772827,1.620758,1.358841,0.044364095,0.0024836361,0.01804769,0.034489393,0.016015768,0.014343634,0.04044585,0.020600855,0.5854677,0.16563427,0.16887343,50.232162,38.793976,12.0494995,9.91246,0.21989584,0.01083827,0.097016096,0.16257834,0.12301105,0.2588432,0.82467455,6.9347687,IDLE
0.2533545,0.1520052,0.2479882,0.32573026,0.736208,0.75516915,160.2917,161.30542,177.39429,179.2182,1.444933,0.4571292,0.94374865,1.3317734,0.96791065,0.0012161252,0.008119699,0.0017307303,0.1490343,0.024130885,0.044343513,15.6125345,16.228882,1.0219458,0.7369446,0.034085333,0.0014592443,0.013530706,0.03030451,0.015723145,0.25183204,0.14094165,0.2452547,0.13080955,0.6998527,0.69551724,137.40837,137.1678,175.68881,177.02142,1.3962295,0.45516396,0.92988384,1.2798288,0.94046247,0.256952,0.16671923,0.2514548,0.5281096,0.7769176,0.8117843,179.748,178.857,179.47012,179.98776,1.5037837,0.46029714,0.96996486,1.3828729,0.9893889,0.0051199496,0.025777578,0.006200105,0.39730006,0.07706487,0.116267085,42.33963,41.689194,3.781311,2.966339,0.1075542,0.005133182,0.040081024,0.10304415,0.048926413,0.0003354354,0.0014927593,0.0005134719,0.020058703,0.0063258596,0.007024582,2.5976925,2.5820124,0.48397616,0.35432222,0.008680866,0.00029091485,0.0021898788,0.00824814,0.0045727654,0.000420583,0.0019862298,0.0006740434,0.027386965,0.00786276,0.010005072,3.6325982,4.0661902,0.66135544,0.59513485,0.010786182,0.00038000185,0.0033520116,0.011415332,0.0054701916,0.00128299,0.0071157366,0.00226821,0.072709695,0.021813095,0.023240566,11.013657,11.609543,2.407074,2.0944366,0.033020258,0.0011222363,0.012129903,0.03438449,0.01261729,0.009727627,0.04329002,0.014890686,0.58170235,0.18344992,0.20371288,75.333084,74.87836,14.035309,10.275345,0.2517451,0.008436531,0.063506484,0.23919606,0.1326102,0.40518245,1.3767494,11.609543,IDLE
0.25564125,0.15348099,0.25115296,0.29762957,0.72920907,0.7478441,152.81966,158.09795,176.66504,179.44115,1.4681971,0.45757642,0.9552878,1.3486824,0.9609093,0.001456065,0.008135044,0.0019493083,0.14446631,0.027336985,0.053145103,19.325382,16.587729,0.8360224,0.5257263,0.027218617,0.00092964905,0.0097645065,0.022756401,0.024518384,0.25340027,0.14503324,0.24805298,0.15501206,0.6905051,0.6868697,131.35127,138.77974,174.90923,177.9264,1.4210815,0.45566642,0.94031596,1.3129272,0.9257554,0.25800627,0.16646777,0.25434074,0.52370167,0.7788502,0.8216579,179.74475,179.53954,178.20128,179.98729,1.5067872,0.4587689,0.97047126,1.3848975,0.9955423,0.0046060085,0.02143453,0.0062877536,0.3686896,0.08834511,0.13478822,48.39348,40.759796,3.2920532,2.0608826,0.08570564,0.0031024814,0.030155301,0.071970224,0.069786906,0.00031113418,0.0009150253,0.00040002682,0.0146736745,0.0052619763,0.0063900333,1.9192868,1.8716346,0.29010272,0.28234652,0.0057564853,0.00022471978,0.0020145362,0.0052354173,0.0044241054,0.00037394225,0.001653374,0.00048102075,0.018750047,0.0071399277,0.0086841695,2.4140239,2.6898313,0.4991344,0.44751665,0.00796168,0.00026961873,0.0025725267,0.008151803,0.0062464327,0.000870198,0.0063881576,0.001159966,0.063222915,0.02114439,0.025479198,7.7525177,8.2859955,2.1822357,1.6004791,0.017279983,0.00062575936,0.005895853,0.033499002,0.015510678,0.0090228915,0.026535735,0.0116007775,0.42553657,0.15259731,0.18531096,55.659317,54.277405,8.412979,8.188049,0.16693807,0.006516874,0.058421552,0.1518271,0.12829906,0.29393187,1.0116566,8.2859955,IDLE
0.23310979,0.14408395,0.23692968,0.16449215,0.71326643,0.7027779,140.50684,160.77216,177.2991,179.01385,1.4480103,0.4600949,0.9559155,1.3348762,0.9689939,0.009857964,0.0018893044,0.0055522607,0.004874935,0.011950962,0.014182695,1.4796286,6.2769704,1.994768,1.0646701,0.049390066,0.0017962725,0.01739563,0.068940684,0.0066646156,0.22046123,0.14085169,0.22931315,0.15057798,0.6938533,0.67250174,137.52803,150.7404,170.99422,176.15993,1.3234835,0.45854223,0.92682993,1.1781311,0.9578928,0.2529298,0.14885154,0.24882686,0.17201969,0.7325818,0.7282598,142.87614,169.7216,179.66342,179.9636,1.5224023,0.4642161,0.9833611,1.4249089,0.98430216,0.032468572,0.007999852,0.019513711,0.021441713,0.038728476,0.05575806,5.348114,18.981201,8.669205,3.8036652,0.19891882,0.0056738853,0.05653119,0.24677777,0.026409388,0.001724068,0.0011569133,0.0013350659,0.002043225,0.0020633813,0.005490305,0.38535282,0.72494453,0.8393039,0.39335895,0.01841911,0.00042521543,0.0029779016,0.018257968,0.0025717246,0.0019150815,0.0014555687,0.0018282187,0.0029004952,0.0023496107,0.007421813,0.5399097,0.6774948,1.2448328,0.73987687,0.024925882,0.00067595585,0.0036292665,0.024982002,0.0037214153,0.0049976707,0.0031724721,0.00523901,0.0071832538,0.007898867,0.023061514,1.6215515,2.3375397,5.054138,2.9641724,0.06746209,0.0022320151,0.008396745,0.06284714,0.01058495,0.04999797,0.033550486,0.038716912,0.05925353,0.059838057,0.15921885,11.175232,21.023392,24.339813,11.40741,0.5341542,0.012331247,0.08635914,0.52948105,0.074580014,0.15996167,0.4352872,5.054138,IDLE
0.23979166,0.14425968,0.24291493,0.20653258,0.70959663,0.695358,148.98431,153.52023,176.43007,179.17842,1.4198555,0.47741202,0.9566463,1.3272368,0.96681046,0.005419887,0.0017181848,0.004676653,0.02117966,0.011261189,0.010442784,5.7696195,6.907257,0.73433656,0.443834,0.046974532,0.005093231,0.014349662,0.040471066,0.0054208688,0.22760284,0.1392458,0.23593247,0.15542376,0.6929975,0.6754046,138.82736,145.19879,174.82939,178.3404,1.3609107,0.46573716,0.93624043,1.2637737,0.95599973,0.24681969,0.14723587,0.25168306,0.23239972,0.7250237,0.7094802,158.77386,168.19402,177.95934,179.99942,1.5022601,0.48391488,0.9808235,1.3982751,0.97469217,0.01921685,0.007990077,0.015750587,0.07697596,0.03202617,0.034075618,19.946503,22.995224,3.1299438,1.6590271,0.14134943,0.018177718,0.044583082,0.13450146,0.018692434,0.001204595,0.000846927,0.0015032775,0.004770388,0.0024738763,0.0025054114,1.055491,0.8464703,0.33065638,0.2909267,0.0069612595,0.0010203391,0.0026940538,0.011798048,0.0014677644,0.0013530351,0.0011701428,0.0018301249,0.005616716,0.0031636772,0.0032226755,1.1724991,0.82866085,0.4091271,0.40110672,0.00988561,0.0011200972,0.003999305,0.017537901,0.0018849595,0.0029150695,0.003130868,0.0035052001,0.0157343,0.0076188445,0.0075205564,2.6364594,2.6043396,0.9326782,1.16008,0.03640449,0.0022594929,0.014599144,0.055671573,0.0044296384,0.034933254,0.024560884,0.043595046,0.13834125,0.071742415,0.07265693,30.609238,24.547638,9.589035,8.436874,0.20187652,0.029589832,0.07812756,0.34214342,0.042565167,0.17071936,0.43884748,2.6364594,IDLE
0.24392954,0.1460908,0.23733275,0.1848188,0.71462303,0.7133078,151.92232,150.79237,175.30951,177.40768,1.4046242,0.47358575,0.95456433,1.3256981,0.979039,0.0015339699,0.0013328869,0.0014662711,0.016933804,0.009000788,0.018166168,2.3856971,2.1580644,0.6669775,0.61173093,0.019797098,0.0045258277,0.0028158703,0.0073782485,0.012575829,0.24015208,0.14334098,0.23443596,0.16381995,0.6963745,0.6854555,148.1583,146.82477,173.63673,176.35335,1.3766193,0.468121,0.9508598,1.313479,0.9604105,0.24682784,0.14878666,0.23963967,0.2209735,0.72320527,0.73507667,156.15202,154.07977,176.4104,179.1582,1.4322428,0.48175216,0.9599339,1.3410039,0.99624753,0.006675765,0.005445689,0.005203709,0.057153553,0.026830792,0.049621165,7.9937286,7.255005,2.7736664,2.8048553,0.055623412,0.013631165,0.009074092,0.027524948,0.035837054,0.00081711804,0.0008780062,0.0008565465,0.0033983383,0.0015278314,0.0025731674,0.67003924,0.40688717,0.3934421,0.3552604,0.0038870985,0.0007367648,0.0009752019,0.0035050984,0.0016343902,0.0010186621,0.0011370345,0.0011831545,0.0043432596,0.0020912415,0.0033227014,0.82604253,0.4413064,0.5238029,0.43849257,0.005214267,0.00085966295,0.001288719,0.0051297685,0.0020966218,0.002425015,0.0024716705,0.003111899,0.013636008,0.0051314235,0.01107204,2.0935516,0.9803314,1.2380219,0.9911499,0.01955378,0.0020529628,0.003855586,0.016482592,0.0073895454,0.023696423,0.02546218,0.024839848,0.09855181,0.044307113,0.074621856,19.431137,11.799728,11.409821,10.302551,0.112725854,0.021366179,0.028280854,0.101647854,0.047397316,0.123094566,0.28308952,2.0935516,IDLE
0.24192311,0.14481254,0.23650281,0.1902776,0.71594316,0.6967073,152.02473,151.48119,176.09303,178.58246,1.3907908,0.47632116,0.9480463,1.2952172,0.9732765,0.0015266286,0.0013640265,0.0027664702,0.020324674,0.0030749515,0.0115044005,2.9801078,1.5089602,0.95176923,0.86315787,0.01754351,0.0043142787,0.00434599,0.01926715,0.008705202,0.23855901,0.14233288,0.23187877,0.16182634,0.7113646,0.68572015,147.98851,148.97165,173.25859,177.1193,1.3589047,0.47104186,0.93978137,1.2529857,0.9632876,0.24456272,0.14736196,0.24065562,0.22012669,0.72096545,0.7255848,156.53934,154.05818,177.59978,179.87689,1.4134449,0.4822532,0.9528917,1.3241268,0.9903931,0.0060037076,0.0050290823,0.008776844,0.058300346,0.009600818,0.03986466,8.550827,5.0865326,4.3411865,2.7575989,0.054540157,0.011211336,0.01311034,0.071141124,0.02710551,0.00090272777,0.001020098,0.0008090627,0.00463876,0.0011792964,0.0019634285,0.6810839,0.4850811,0.5244583,0.34917793,0.0046034805,0.0005346547,0.001152832,0.0067530293,0.0012522648,0.001022106,0.0012207349,0.0011499615,0.005951832,0.0017844514,0.0027750274,0.825702,0.5574452,1.0003183,0.48541775,0.009355861,0.00057652924,0.0018156852,0.010320626,0.001566673,0.0018095374,0.0028842837,0.0039289594,0.01772423,0.0061554313,0.008445978,2.1601562,1.1824341,4.3411865,1.4461365,0.043796778,0.0016855597,0.004511535,0.038952827,0.004437208,0.026179105,0.029582843,0.023462817,0.13452403,0.034199595,0.056939423,19.751434,14.067352,15.20929,10.12616,0.13350093,0.015504986,0.033432126,0.19583786,0.03631568,0.13764073,0.36803377,4.3411865,IDLE
0.23500088,0.14097887,0.23660088,0.19723253,0.7244267,0.6896554,152.25673,159.43196,177.73233,179.0878,1.4424716,0.46262163,0.95960116,1.3509387,0.9669018,0.014224965,0.0040321886,0.008122692,0.01400689,0.014019028,0.015638324,2.6186907,9.716272,1.1945976,0.69346017,0.042512283,0.007868031,0.012757999,0.037971828,0.0066207387,0.20855272,0.13335975,0.22339666,0.1700675,0.70218235,0.66476595,148.02129,149.02568,175.90222,177.84575,1.391776,0.450643,0.94513464,1.3081112,0.95447904,0.24939679,0.14676954,0.2472837,0.2177016,0.7459737,0.721947,156.81503,175.01123,179.6923,179.9451,1.5171216,0.47148374,0.9843471,1.4232275,0.98245,0.040844068,0.013409793,0.023887038,0.047634095,0.043791354,0.05718106,8.793747,25.98555,3.7900848,2.09935,0.12534559,0.020840734,0.039212465,0.11511636,0.02797097,0.0019140403,0.0007784978,0.0012846589,0.0036110785,0.0030353542,0.003623718,0.66543317,0.92919976,0.26683465,0.23095125,0.005613331,0.0008525694,0.0018468889,0.00539279,0.0023557688,0.0022220106,0.0010004021,0.0016490595,0.004694618,0.0037204265,0.0051254197,0.8600924,0.9531983,0.40187836,0.36692187,0.0067885467,0.00097013655,0.0023639756,0.006996527,0.002869011,0.0064388216,0.0020632744,0.0044039786,0.014286086,0.009670198,0.013563991,2.1913147,3.7985687,1.4178772,1.4992676,0.024920225,0.002693683,0.006875694,0.017141342,0.006922126,0.05550717,0.022576436,0.03725511,0.10472128,0.08802527,0.10508782,19.297562,26.946793,7.738205,6.697586,0.1627866,0.024724513,0.05355978,0.1563909,0.068317294,0.14151517,0.40529528,3.7985687,IDLE
0.23365775,0.13817157,0.22665216,0.18436219,0.72315186,0.69838196,153.95592,163.02641,177.57913,179.46037,1.4583685,0.46222323,0.96729934,1.3635886,0.9825061,0.015245742,0.0027124137,0.0016321326,0.009483948,0.008558755,0.020507073,1.7958788,5.9738607,1.257338,0.28698057,0.04094285,0.008921777,0.012263002,0.038609385,0.016916733,0.20955941,0.13381386,0.22418629,0.16979264,0.709829,0.6699935,151.06067,155.61243,175.78043,178.80699,1.4019011,0.45044208,0.9509159,1.3022401,0.96103066,0.2545526,0.14316794,0.22971167,0.206607,0.73688674,0.72794,158.96924,175.70145,179.42474,179.98337,1.5205368,0.47439134,0.98530793,1.4217064,1.0025454,0.044993192,0.009354085,0.0055253804,0.03681436,0.027057767,0.057946503,7.9085693,20.08902,3.6443176,1.1763763,0.118635654,0.023949265,0.03439206,0.119466305,0.041514695,0.0019815257,0.0009858762,0.0010142254,0.0024618208,0.0015379601,0.003069039,0.5165526,0.7265288,0.3678931,0.22598109,0.0054166154,0.00096488104,0.0016101331,0.0062702317,0.0017441079,0.0021001417,0.0011962885,0.0012697342,0.0029027225,0.0018622003,0.0049789455,0.5352952,0.7782763,0.4425141,0.2746316,0.007800925,0.0009082011,0.002423388,0.0136757875,0.00292722,0.0073096603,0.0026254207,0.0031579286,0.0063285828,0.00496912,0.021830797,1.4053192,3.4220276,1.0909424,0.53349304,0.030117512,0.002085209,0.009548783,0.0695976,0.012546301,0.057464242,0.028590411,0.029412538,0.071392804,0.044600844,0.08900213,14.980026,21.069336,10.6689,6.5534515,0.15708184,0.02798155,0.04669386,0.18183672,0.05057913,0.124267474,0.31491753,3.4220276,IDLE
0.2623753,0.14547761,0.22911638,0.2111472,0.7563201,0.7285131,160.99571,155.28941,175.65578,178.85275,1.4373283,0.45171028,0.9476496,1.3508071,0.9989602,0.0042599915,0.0032369734,0.0039000602,0.004168107,0.012155292,0.011360354,1.0389073,0.34465322,0.30879715,0.45173723,0.02678714,0.013606629,0.0031350113,0.011462684,0.006389393,0.25469115,0.14105433,0.22359134,0.20463604,0.73927784,0.7158098,159.25107,154.45305,174.96742,177.77872,1.3996661,0.43041688,0.94391227,1.3273292,0.98829126,0.26845378,0.15165614,0.23629798,0.22320046,0.776534,0.75438577,162.73929,155.93665,176.35121,179.4798,1.4826243,0.47016686,0.9533249,1.3716483,1.0073768,0.013762623,0.010601804,0.012706637,0.018564418,0.03725618,0.038575947,3.4882202,1.4835968,1.3837891,1.7010803,0.08295822,0.03974998,0.009412646,0.044319153,0.019085526,0.0009240786,0.00075142033,0.00083210756,0.0029605674,0.0017789335,0.0033748397,0.49918443,0.37074542,0.28915617,0.24580067,0.0041056625,0.001370689,0.0010498187,0.0035150954,0.0014599027,0.0010477165,0.00096097146,0.0010351371,0.003737213,0.0017443332,0.0040142867,0.63209695,0.467898,0.36038455,0.31472242,0.0046333782,0.0009421,0.0020195052,0.0046516275,0.0021323473,0.002536416,0.0026398003,0.0030305535,0.008704141,0.0045829415,0.009087265,1.5788879,1.0238647,0.7976227,0.8840637,0.014779687,0.0041120946,0.008009672,0.011019826,0.005901754,0.026798278,0.02179119,0.02413112,0.08585645,0.05158907,0.09787035,14.476349,10.751617,8.385529,7.1282196,0.11906421,0.03974998,0.030444741,0.10193777,0.04233718,0.09513399,0.21805611,1.5788879,IDLE
0.26243648,0.14842029,0.2296334,0.2058253,0.76072997,0.7382521,159.84439,154.11525,176.15013,178.5345,1.4632388,0.44251785,0.95350444,1.3597276,0.99799985,0.0043210667,0.0027722504,0.0033563059,0.0061407196,0.012634244,0.012058841,0.9022408,1.0499123,0.58045423,0.31591007,0.014636192,0.012913032,0.007835168,0.00385294,0.0029268954,0.25516564,0.14399512,0.22465384,0.19080594,0.7385538,0.71919346,158.12466,152.59174,175.13869,177.63599,1.4357166,0.4284271,0.9430679,1.3513882,0.99415106,0.2684517,0.1535338,0.23686284,0.21564125,0.7775987,0.75839186,161.4122,156.4749,177.70782,178.99498,1.4862512,0.46596512,0.96390605,1.3673211,1.004807,0.013286054,0.00953868,0.012208998,0.024835303,0.039044857,0.0391984,3.2875366,3.8831635,2.5691376,1.3589935,0.050534606,0.03753802,0.020838141,0.015932918,0.01065594,0.0005917847,0.00084013876,0.0012591769,0.0029064566,0.0023127815,0.0019009709,0.4333112,0.2662785,0.36145177,0.2357404,0.0029652899,0.001347138,0.0010574358,0.0014776937,0.0011144732,0.0006666805,0.0010020789,0.0015491992,0.0038117142,0.0027363405,0.002287533,0.51579523,0.39531976,0.45621982,0.32461733,0.0032154059,0.00096876797,0.0013635398,0.0021813393,0.0013827727,0.0022850037,0.0020888597,0.0035915822,0.00944528,0.006681919,0.008169472,1.1129608,1.4072876,1.0182037,0.87290955,0.007974386,0.0029904842,0.0040212274,0.006427884,0.0035746098,0.017161757,0.024364024,0.03651613,0.08428724,0.06707066,0.055128157,12.566025,7.7220764,10.482101,6.8364716,0.08599341,0.039067,0.030665636,0.042853117,0.032319725,0.087637015,0.20419429,1.4072876,IDLE
0.24992909,0.1424922,0.22757705,0.20944388,0.7263917,0.7102856,160.61,152.66936,175.67087,178.83456,1.4124578,0.4694662,0.96126854,1.3440115,0.994714,0.00327154,0.0011248137,0.0007206401,0.0048979586,0.005910331,0.003551847,0.581358,0.48374668,0.4273414,0.30533722,0.011021651,0.00080616685,0.0041382844,0.009682474,0.0035896988,0.24295071,0.1399104,0.22640511,0.19543529,0.7125906,0.7037633,159.66238,151.7055,175.11362,178.28471,1.3932055,0.4667338,0.95542336,1.330683,0.98906606,0.2548405,0.14500904,0.22908486,0.21639661,0.739519,0.71958745,162.67676,153.39908,176.60837,179.59074,1.4337687,0.4705121,0.96970856,1.362365,1.0030367,0.0118897855,0.005098641,0.0026797503,0.02096133,0.026928425,0.01582414,3.0143738,1.693573,1.494751,1.3060303,0.040563226,0.0037782788,0.014285207,0.031682014,0.013970673,0.0006132465,0.0007084387,0.00037928182,0.0026126488,0.0024863153,0.002999645,0.2476612,0.22029482,0.15834677,0.1354912,0.0026200146,0.0002647217,0.00095500203,0.0020290902,0.0022037379,0.00070100185,0.00088043005,0.00051650434,0.0033861466,0.003226302,0.0033876367,0.34690052,0.2642797,0.1889898,0.17777559,0.00347113,0.00037684542,0.0014018508,0.0033092455,0.003012406,0.0026380718,0.0023008287,0.00149405,0.008919552,0.007202506,0.0068406463,0.9970398,0.6052551,0.40652466,0.4758911,0.009015799,0.0011973083,0.004333973,0.012669802,0.0075871944,0.017784148,0.020544723,0.010999173,0.07576682,0.07210314,0.0869897,7.1821747,6.38855,4.5920563,3.929245,0.075980425,0.0076769292,0.02769506,0.058843613,0.0639084,0.051977746,0.12297025,0.9970398,IDLE
0.21143706,0.12890561,0.20396756,0.18489447,0.6233858,0.66231525,173.58344,149.43321,175.62791,179.41817,1.385337,0.47303903,0.96846545,1.3578036,0.9639924,0.014486881,0.0049099256,0.0073705497,0.0063717407,0.030102836,0.014419853,4.696208,1.323372,0.92388415,0.54226893,0.01588764,0.0015201325,0.0046822643,0.010363552,0.009468727,0.19765203,0.12462718,0.19652268,0.17314751,0.5903728,0.6484088,162.55405,147.73802,173.33101,177.76253,1.362068,0.47024786,0.95595527,1.3337674,0.9519119,0.24182536,0.14238423,0.22568324,0.20195912,0.71037334,0.70129025,178.5705,152.67459,177.44331,179.98239,1.4240519,0.47568357,0.97418404,1.3723571,0.98817354,0.04417333,0.01775705,0.02916056,0.028811604,0.12000054,0.05288148,16.016449,4.936569,4.1123047,2.219864,0.061983824,0.005435705,0.01822877,0.038589716,0.03626162,0.0018784557,0.0010194347,0.0017630324,0.0026029744,0.0063634496,0.002673365,0.9987646,0.46507683,0.39606607,0.29784158,0.0036272015,0.0003721077,0.0013124779,0.0015681201,0.002199434,0.0020048078,0.0013673693,0.0023342133,0.0031787413,0.008615221,0.0036224253,1.2646555,0.61994684,0.50086385,0.40838516,0.0045708786,0.00043953408,0.0019178769,0.0026739466,0.0028684053,0.005699262,0.0043487996,0.0064029843,0.008171111,0.022214532,0.01174289,3.2354279,1.7186737,1.3144684,1.3258667,0.012348652,0.0011520684,0.0052809715,0.013560772,0.007749319,0.054475218,0.029563606,0.05112794,0.07548626,0.18454003,0.07752758,28.964172,13.487228,11.485916,8.637405,0.10518885,0.010791123,0.038061857,0.045475483,0.063783586,0.14554194,0.38409892,3.2354279,IDLE
0.23018909,0.13712391,0.22486454,0.19975299,0.67756563,0.68185353,159.97847,150.50372,176.12103,179.2851,1.3835858,0.48288906,0.96701837,1.3411013,0.9736582,0.011039126,0.0050676833,0.003956166,0.009656923,0.01395994,0.003970349,6.052943,1.16135,0.41704053,0.38077378,0.03085708,0.0027182268,0.0104376385,0.026742551,0.0023648175,0.20693503,0.12847315,0.21361879,0.17955633,0.6503519,0.6743062,153.90602,147.80994,175.09329,178.71857,1.3526236,0.47453523,0.9559027,1.3125358,0.9693242,0.23979022,0.1426519,0.22897314,0.21217991,0.69437915,0.6885884,171.51633,151.5806,176.79721,179.9829,1.4345222,0.4857729,0.9843873,1.380353,0.9774556,0.032855183,0.014178753,0.01535435,0.03262359,0.04402727,0.014282167,17.610306,3.7706604,1.7039185,1.264328,0.08189857,0.011237681,0.028484583,0.06781721,0.008131444,0.0012057372,0.000543711,0.00084883336,0.0020339212,0.0017092845,0.0010231446,0.6388797,0.2940621,0.16444503,0.13945797,0.0035722256,0.0005326302,0.0014675445,0.0031082302,0.0008181621,0.0015721192,0.0006830601,0.0011151835,0.0027192605,0.0020850918,0.0013519906,0.66660583,0.4698944,0.21190192,0.18056315,0.004060047,0.0007273631,0.002058717,0.0039815945,0.0011769293,0.0069825947,0.0024276376,0.0027737916,0.010847181,0.007846177,0.0032930374,2.4967957,2.011856,0.47824097,0.53959656,0.010823488,0.0019164085,0.0047606826,0.011532426,0.0030790567,0.03496638,0.015767619,0.024616167,0.058983713,0.04956925,0.029671192,18.527512,8.5278015,4.7689056,4.044281,0.10359454,0.0154462755,0.04255879,0.090138674,0.023726702,0.08358056,0.26066464,2.4967957,IDLE
0.24049821,0.14018154,0.22044897,0.19590706,0.69560075,0.68074095,154.5566,152.6876,176.21721,178.59856,1.3384215,0.48429957,0.9483179,1.295165,0.98066896,0.0009877967,0.0016536611,0.00093035353,0.007231116,0.0043539708,0.0047313003,0.79306424,1.3708405,0.4620668,0.31802043,0.009333614,0.0006705283,0.0044623157,0.009217328,0.004623125,0.23858395,0.13746293,0.21883997,0.1801728,0.68643016,0.67076415,153.18027,150.97726,175.59451,178.04634,1.3218735,0.48338765,0.94258785,1.2803941,0.9702451,0.242487,0.1432018,0.2224051,0.21027857,0.70177704,0.6935267,155.7378,155.76482,177.1356,179.27185,1.3533871,0.48622483,0.9561364,1.3116187,0.98992723,0.0039030463,0.0057388693,0.0035651326,0.03010577,0.015346885,0.022762537,2.5575256,4.787552,1.5410919,1.2255096,0.03151357,0.002837181,0.013548553,0.031224608,0.01968211,0.00037891648,0.0005311683,0.00038040095,0.0029081744,0.0014218935,0.0020731667,0.42985746,0.23170787,0.21553724,0.1260034,0.003426823,0.00024310473,0.00148402,0.0035798592,0.001368572,0.00047089352,0.0007030878,0.00044608396,0.0039637154,0.0019081745,0.0028358654,0.56198305,0.27662283,0.3014395,0.16584794,0.004632828,0.00030976554,0.0021644002,0.0049964725,0.002109948,0.0014063269,0.0019182712,0.00076806545,0.011183858,0.005801022,0.009645045,1.5865479,0.85954285,0.99749756,0.4445343,0.010787845,0.000883013,0.005652249,0.013875246,0.0070055723,0.010988578,0.015403882,0.011031628,0.084337056,0.04123491,0.060121834,12.465866,6.719528,6.25058,3.6540985,0.09937787,0.0070500374,0.04303658,0.10381591,0.039688587,0.06806014,0.17666095,1.5865479,IDLE
0.24279338,0.14054571,0.22446623,0.2372298,0.70293456,0.7069184,159.81155,159.88922,176.56369,178.926,1.3505733,0.4859938,0.9537436,1.3036932,0.989735,0.00127172,0.0037813021,0.00494952,0.08926707,0.007755854,0.022892056,9.334427,7.2679358,1.2434614,0.661658,0.023187723,0.00030093532,0.003191056,0.02494539,0.0054970426,0.24147296,0.13630429,0.21995346,0.17098157,0.6894722,0.6895279,152.37453,154.7466,175.03864,177.98415,1.311251,0.48526233,0.9460188,1.2497706,0.9761081,0.24694009,0.15224928,0.23677056,0.46205258,0.72408974,0.76972204,178.56604,178.26323,178.90555,179.93875,1.403206,0.48665535,0.9602761,1.3458211,0.9978682,0.0054671317,0.015944988,0.016817093,0.291071,0.034617543,0.080194116,26.191513,23.516632,3.8669128,1.9546051,0.09195495,0.0013930202,0.014257312,0.0960505,0.021760106,0.00041946152,0.0011903099,0.00072697987,0.010254881,0.0029614095,0.003792592,1.0817688,1.0446099,0.28026187,0.30243814,0.0047002826,0.00017597039,0.0016554841,0.0044877776,0.002419895,0.0005643847,0.0017776876,0.0010479615,0.015871057,0.005534217,0.0067969873,1.8598486,1.4791738,0.34347433,0.41708267,0.0056264168,0.00025546344,0.002439373,0.0054585766,0.004729597,0.0018511564,0.0057795644,0.003927067,0.05522597,0.024375796,0.03433591,7.3526306,5.3936005,0.85121155,1.2400818,0.02142942,0.00070366263,0.008060336,0.015764713,0.021760106,0.012164384,0.034518987,0.021082416,0.29739156,0.085880876,0.10998517,31.371292,30.293686,8.127594,8.770706,0.1363082,0.005103141,0.048009038,0.13014555,0.07017696,0.1827909,0.6734166,7.3526306,IDLE
0.24957927,0.1599892,0.24679893,0.45061734,0.7440332,0.76749605,178.77985,178.16891,179.06343,179.42593,1.4456764,0.48235226,0.9677997,1.3650062,0.99075407,0.0008957656,0.0029456692,0.0037766213,0.026295455,0.016063761,0.009113172,0.8408387,1.417338,0.57868415,0.2452085,0.015586686,0.0021475353,0.005655703,0.00889855,0.0074387495,0.24754407,0.15349552,0.23822726,0.40923494,0.7133031,0.7379902,176.8649,174.3477,178.11327,179.04395,1.4102905,0.47866917,0.9498122,1.3384012,0.9713897,0.2508699,0.16334164,0.25112486,0.50040054,0.769852,0.77830935,179.97844,179.90295,179.99626,179.94879,1.4665066,0.48629937,0.9733107,1.3771675,1.0032212,0.0033258349,0.009846121,0.012897596,0.0911656,0.056548893,0.040319145,3.1135406,5.555252,1.8829956,0.9048462,0.05621612,0.007630199,0.023498535,0.038766265,0.031831443,0.00021947458,0.0006785362,0.00064302055,0.00648564,0.0043061087,0.004146564,0.41834182,0.49391437,0.2904037,0.18412623,0.00421894,0.000266478,0.0014276073,0.0032956805,0.003432101,0.0002798017,0.00093314325,0.0008476345,0.0078039514,0.006069394,0.006157405,0.52514094,0.5609065,0.4341636,0.26425326,0.0059908098,0.00022657568,0.002289244,0.0046790093,0.004691934,0.00082588196,0.0023409873,0.0021996796,0.019298047,0.017766058,0.01690048,1.6126709,1.1681671,1.2217712,0.614975,0.013538718,0.0008113086,0.0069565177,0.013319492,0.011243105,0.006364763,0.01967755,0.018647596,0.18808356,0.124877155,0.120250344,12.131912,14.323517,8.421707,5.3396606,0.12234926,0.0077278614,0.04140061,0.09557474,0.099530935,0.09439375,0.22169875,1.6126709,IDLE
0.24781182,0.15402098,0.2464979,0.4192885,0.7261738,0.769706,175.97813,176.85492,177.55344,179.60617,1.4182626,0.4749504,0.95031,1.3367103,0.98008716,0.0009782519,0.0010943229,0.00087254413,0.011538746,0.008252707,0.010034859,1.248033,1.8442383,0.5100043,0.37174174,0.0062116664,0.0020154028,0.0023235881,0.0066379667,0.0068296427,0.24632531,0.15253912,0.24473071,0.39800632,0.7122814,0.75252014,174.47545,173.33441,176.22783,178.51192,1.4038486,0.4724543,0.9473687,1.3250065,0.9625385,0.25040516,0.15711647,0.24804193,0.43569073,0.7393491,0.7884127,178.59189,179.4339,178.37537,179.98122,1.4304554,0.47840327,0.95576644,1.3447698,0.99105245,0.0040798485,0.0045773536,0.0033112168,0.03768441,0.02706772,0.035892546,4.11644,6.0994873,2.1475372,1.4692993,0.026606798,0.005948961,0.008397758,0.01976335,0.028513968,0.00038485177,0.00062964344,0.00031236175,0.0027268734,0.0033582058,0.0039589177,0.43704066,0.39522475,0.17569602,0.1867076,0.0023004885,0.00028585977,0.0007469839,0.0026265753,0.0030906468,0.00058372197,0.0008748028,0.0003833818,0.0034210423,0.0055705043,0.0062865075,0.58141446,0.48628616,0.24395664,0.26027802,0.003181971,0.0003973665,0.0010928963,0.004293858,0.0046351072,0.0021971315,0.0025096685,0.0009636879,0.008740306,0.016097605,0.020913422,1.6023865,1.1621552,0.71136475,0.66482544,0.011083484,0.0015980899,0.0029956102,0.017328382,0.011804342,0.0111607015,0.01825966,0.00905849,0.07907933,0.09738797,0.11480862,12.674179,11.461517,5.0951843,5.4145203,0.06671417,0.008289933,0.021662533,0.07617068,0.089628756,0.081006035,0.20383474,1.6023865,IDLE
0.2503732,0.15476671,0.2505401,0.42994106,0.7374252,0.78679436,176.54175,177.1756,177.30933,179.54234,1.4292597,0.47215798,0.95130616,1.339371,0.98673993,0.0017775836,0.00118094,0.0028951173,0.002689608,0.008997327,0.0025198215,0.4041912,0.52106494,0.51554763,0.28999102,0.009518287,0.0019078878,0.0035508762,0.0076179723,0.003332176,0.24713854,0.15209489,0.24680188,0.42558795,0.72920793,0.7780005,175.72632,175.97897,176.53862,178.89363,1.4131888,0.46921128,0.94469905,1.321969,0.977723,0.25392285,0.15750003,0.25667417,0.43581054,0.7613075,0.79233295,177.71739,178.33606,178.26514,179.96744,1.4523934,0.47466472,0.95608616,1.350908,0.9921191,0.006784305,0.005405143,0.0098722875,0.010222584,0.032099545,0.014332473,1.9910736,2.3570862,1.7265167,1.0738068,0.039204597,0.0054534376,0.01138711,0.028939009,0.014396071,0.00060392456,0.00039896317,0.00044634423,0.0014489806,0.002551422,0.0019754951,0.2801093,0.2572458,0.26730663,0.17301363,0.0028883712,0.00023946576,0.0008434653,0.002845682,0.0017267979,0.00069413625,0.00051042077,0.0006035038,0.0017688271,0.003935562,0.002734802,0.35332194,0.31837222,0.356989,0.25771892,0.00401403,0.00025005086,0.0012524053,0.0038256429,0.0023588743,0.0015833229,0.0013350993,0.0020593107,0.0040967464,0.015292108,0.007227719,0.9180908,1.0088654,0.9264984,0.8769531,0.01127398,0.0007402897,0.004157126,0.010700345,0.007250428,0.017513812,0.011569932,0.012943983,0.04202044,0.07399124,0.057289362,8.123169,7.460129,7.751892,5.017395,0.083762765,0.0069445074,0.024460495,0.08252478,0.05007714,0.06624295,0.15514539,1.0088654,IDLE
0.25414497,0.15877002,0.2553456,0.43833354,0.74419826,0.79505664,176.8359,178.9458,177.27676,179.51053,1.4591786,0.46885613,0.9579458,1.3571774,0.9853841,0.0007094285,0.001683236,0.00078830984,0.0029515326,0.006756824,0.005257265,0.47391143,0.5752581,0.28431454,0.29021698,0.010252779,0.0016290224,0.005829226,0.0099599,0.0053619803,0.25281227,0.155996,0.25412005,0.4313943,0.732164,0.78281456,175.65128,177.93402,176.67168,178.97557,1.4462717,0.46692508,0.9494053,1.3416991,0.9752878,0.25517222,0.161445,0.25655577,0.44229382,0.7605923,0.80292404,177.42462,179.80525,177.76624,179.99846,1.480606,0.4712274,0.9667162,1.3753536,0.99720407,0.0023599565,0.005449012,0.002435714,0.010899514,0.028428257,0.020109475,1.773346,1.8712311,1.0945587,1.0228882,0.034334302,0.004302323,0.017310858,0.03365445,0.02191627,0.00034085326,0.0004193937,0.00025302378,0.0012724122,0.0038000469,0.0034325987,0.20395003,0.14819546,0.17042647,0.11249463,0.0036162836,0.00024173589,0.0010751362,0.0034000461,0.00330093,0.000427748,0.0005555556,0.00035583499,0.0016719183,0.0062606693,0.0057016336,0.28084388,0.21019831,0.25203502,0.1576354,0.005208152,0.00042760826,0.0015775388,0.0052562784,0.0045102187,0.0011476576,0.0015765578,0.001175344,0.0040797293,0.017540157,0.015181303,0.84617615,0.7203827,0.93208313,0.4478302,0.0153687,0.0016405582,0.004886031,0.018244267,0.00990504,0.009884745,0.012162417,0.0073376894,0.036899954,0.11020136,0.09954536,5.914551,4.2976685,4.9423676,3.2623444,0.10487223,0.0070103407,0.031178951,0.09860134,0.09572697,0.043747935,0.11075541,0.93208313,IDLE
0.25121242,0.15755844,0.25221792,0.42021066,0.739415,0.78047365,175.87274,178.937,178.40372,179.72108,1.4433267,0.473168,0.95802754,1.3518262,0.9847137,0.0018976197,0.0017672355,0.002036757,0.0065186224,0.0039455956,0.0060154074,0.6279208,0.7665031,0.3678677,0.17303306,0.010527234,0.0007164435,0.002439221,0.006263207,0.002553099,0.24788873,0.154266,0.24960789,0.4103376,0.73302984,0.7715545,174.82697,177.71065,177.84499,179.33865,1.4250553,0.47127673,0.9536208,1.3379874,0.98109424,0.25440988,0.16031073,0.25518712,0.43405008,0.7461107,0.79288715,176.89693,179.95787,178.9971,179.9999,1.4601085,0.47394314,0.9617399,1.3629589,0.98991895,0.0065211505,0.0060447305,0.005579233,0.023712486,0.013080835,0.021332622,2.0699615,2.247223,1.1521149,0.6612396,0.035053253,0.0026664138,0.008119106,0.024971485,0.008824706,0.0005316066,0.00065919396,0.00033341502,0.0015485379,0.0018679767,0.0020405403,0.2993643,0.2022805,0.25574362,0.16969615,0.0021635622,0.00013294199,0.00049853325,0.0022131493,0.0016463831,0.0006213896,0.0009915878,0.0004954166,0.00251804,0.0027106584,0.0033127149,0.37239352,0.25299758,0.3782283,0.21548153,0.0033903266,0.00019593792,0.00067574467,0.002993457,0.0025264926,0.0015649498,0.0033444911,0.0016094446,0.0102363825,0.009151399,0.012472093,1.0625458,0.6239929,1.1521149,0.5183716,0.012042522,0.0008752644,0.0019940138,0.007870197,0.008824706,0.015416592,0.019116625,0.009669036,0.0449076,0.054171324,0.05917567,8.681564,5.8661346,7.416565,4.9211884,0.062743306,0.0038553178,0.014457464,0.06418133,0.04774511,0.062714696,0.14959115,1.1521149,IDLE
0.2501329,0.15595733,0.24927616,0.41455454,0.74020016,0.78252107,175.2232,178.58861,178.94547,179.52571,1.4377112,0.47143358,0.95376647,1.3480788,0.988195,0.0009024558,0.0010754383,0.0004109679,0.004655908,0.011472206,0.0052367165,0.5115665,0.39840513,0.35684448,0.23889096,0.006631893,0.000750094,0.0018054323,0.0063777915,0.0057315477,0.24824804,0.15448207,0.24859104,0.4011152,0.7172584,0.7713489,174.1674,177.96394,178.47507,178.90454,1.4280078,0.4704821,0.950878,1.3397629,0.9744469,0.251662,0.15846922,0.25071055,0.421973,0.75758904,0.79015225,176.57202,179.54762,179.821,179.99133,1.4535513,0.4739327,0.9587501,1.3647195,0.9985665,0.0034139454,0.0039871484,0.0021195114,0.020857781,0.04033065,0.018803358,2.4046173,1.5836792,1.345932,1.086792,0.025543451,0.0034506023,0.007872105,0.024956584,0.024119616,0.00045460154,0.00045368794,0.00025930075,0.0020148745,0.0040051816,0.002790303,0.23124379,0.2903316,0.20034948,0.11376532,0.0022598875,0.00018418966,0.00066984317,0.0024559333,0.0030303432,0.0005532611,0.000635816,0.00034241847,0.002633304,0.005692898,0.004039034,0.28038833,0.41892022,0.25627953,0.14780602,0.0033899702,0.00027051117,0.0009999605,0.0034856112,0.0037323958,0.00096072257,0.0016970485,0.0010551661,0.0075618923,0.015437186,0.011721909,0.65011597,1.4795227,0.6584015,0.318573,0.010492325,0.0009176731,0.003922522,0.010745764,0.007974029,0.013183445,0.0131569505,0.007519722,0.058431357,0.11615026,0.08091879,6.70607,8.419617,5.810135,3.2991943,0.06553674,0.0053415,0.019425452,0.07122207,0.087879956,0.056951225,0.14088644,1.4795227,IDLE
0.2495715,0.15404862,0.24821816,0.4114496,0.7424233,0.77628416,175.44106,179.18419,178.75792,179.39934,1.4276164,0.4763173,0.9516211,1.3433588,0.9924966,0.0009371815,0.002344389,0.0012316908,0.00310666,0.007288086,0.0054977094,0.40172827,0.5170567,0.40243015,0.28201202,0.01702267,0.0048012286,0.0037669176,0.01099945,0.0043415455,0.24742658,0.14949028,0.2458552,0.4051401,0.7278346,0.76575625,174.8419,178.07115,177.92351,178.6914,1.4059701,0.47104922,0.9454391,1.3246857,0.9838072,0.2515113,0.15783593,0.25062367,0.41604388,0.75468636,0.7843361,176.24995,179.96951,179.25401,179.95465,1.4594206,0.4864041,0.9598005,1.3630102,1.0008056,0.004084721,0.008345649,0.004768476,0.010903776,0.026851773,0.01857984,1.4080505,1.8983612,1.3305054,1.2632446,0.053450465,0.015354872,0.0143613815,0.038324475,0.01699841,0.00056052516,0.00067315844,0.00068489794,0.0013363998,0.0025859803,0.003018262,0.20630147,0.31070736,0.2030629,0.18407993,0.0034947149,0.00056868896,0.0009703122,0.0030304398,0.0025089115,0.0007880701,0.0008969547,0.00085886644,0.0017859307,0.0037481177,0.0038820903,0.29225925,0.43289343,0.276568,0.24690138,0.004917211,0.00059067947,0.0016854918,0.0040775114,0.0031991776,0.002533242,0.0021456033,0.0018716305,0.0037862957,0.010094762,0.010039806,0.8309021,1.5149536,0.8548889,0.6396179,0.010813594,0.0017467439,0.0066440105,0.009822488,0.0062357187,0.01625523,0.019521594,0.01986204,0.038755596,0.07499343,0.0875296,5.9827423,9.010513,5.8888245,5.338318,0.10134673,0.01649198,0.028139055,0.08788276,0.072758436,0.061572265,0.15436049,1.5149536,IDLE
0.2484229,0.1529558,0.24578346,0.412599,0.7436658,0.76500726,177.07237,176.68913,178.36285,179.73622,1.4090927,0.48357913,0.9499422,1.3386233,0.9970734,0.0016884729,0.0011012666,0.0013172481,0.0045204815,0.009160794,0.008811131,0.6309605,1.3187093,0.44490886,0.20052065,0.006264225,0.0041305325,0.0027736672,0.008546193,0.0070706448,0.24482356,0.15082799,0.2435804,0.40312594,0.72672623,0.74585205,176.14899,175.1406,177.0766,179.02704,1.3950181,0.47413668,0.945853,1.3198119,0.9846464,0.25052115,0.15475242,0.24817479,0.42220575,0.7557349,0.7797857,178.52289,179.31439,179.07466,179.97574,1.420841,0.4881969,0.95550567,1.354938,1.008362,0.005697593,0.0039244294,0.0045943856,0.019079804,0.029008687,0.03393364,2.3739014,4.1737976,1.9980621,0.94869995,0.025822878,0.014060229,0.009652674,0.03512609,0.023715675,0.0006261622,0.0004903376,0.0005089024,0.002345081,0.0037144793,0.0041157994,0.29080728,0.32628605,0.28859633,0.21878526,0.002973614,0.0005507901,0.0007107422,0.0035356241,0.0034842696,0.00082620943,0.0006663164,0.00069861935,0.0029385157,0.006398475,0.006407107,0.34889063,0.4081909,0.427691,0.28932795,0.0042281616,0.0006247784,0.0009439956,0.0052637095,0.0051957034,0.0025470108,0.0017325431,0.0018539727,0.007210225,0.023807764,0.021652043,0.6558838,0.98573303,1.4081421,0.7798462,0.014616132,0.002365023,0.0024229884,0.01673758,0.016147494,0.018158704,0.014219791,0.01475817,0.06800735,0.1077199,0.11935818,8.433411,9.462296,8.369293,6.3447723,0.08623481,0.015972912,0.020611525,0.1025331,0.10104382,0.07650204,0.17973116,1.4081421,IDLE
0.24652383,0.1556068,0.2431642,0.47003585,0.7403419,0.55656505,177.87418,101.03549,177.04852,179.64122,1.439873,0.4662767,0.95433235,1.3497293,0.87845623,0.0063301674,0.0044170795,0.006295258,0.10348195,0.01357052,0.23439747,1.1160302,75.7404,0.803291,0.32673907,0.015261512,0.0051552933,0.008426513,0.01009553,0.11307877,0.22657432,0.1507817,0.22277328,0.35296282,0.72452766,0.19693406,176.45181,0.49087307,176.0552,178.47441,1.4126202,0.45421422,0.9454857,1.3315408,0.6965722,0.2506378,0.16217701,0.2474621,0.66419214,0.76839966,0.79712635,179.85764,175.93709,178.63753,179.9994,1.4639066,0.47341108,0.97011364,1.3672017,0.9988189,0.024063483,0.011395305,0.02468881,0.31122932,0.043872,0.6001923,3.4058228,175.44621,2.5823212,1.5249939,0.05128646,0.019196868,0.024627924,0.035660863,0.3022467,0.0010473389,0.000697177,0.001023218,0.013518919,0.004134622,0.021435536,0.31031114,6.292603,0.28355777,0.190255,0.0036873405,0.000661961,0.0017841972,0.0035616981,0.011537017,0.0014986368,0.0011603568,0.0014423606,0.021865513,0.00600296,0.03277504,0.45957616,13.4804,0.36688283,0.2846434,0.005624233,0.0006814846,0.0025682556,0.0050299317,0.016045768,0.0050308406,0.0051461607,0.0054087043,0.078561425,0.014307141,0.11550239,1.4033356,60.8686,0.90934753,0.8994293,0.019272685,0.0029172003,0.006236434,0.015803576,0.059252143,0.030372828,0.020218134,0.029673323,0.39204866,0.11990404,0.62163055,8.999023,182.48549,8.223175,5.517395,0.10693288,0.019196868,0.05174172,0.10328925,0.3345735,0.4759878,3.766587,60.8686,IDLE
0.21829785,0.14752696,0.21257596,0.6737559,0.71460885,0.13240968,176.33783,19.212215,177.08682,179.27176,1.3747106,0.4522849,0.936655,1.2997248,0.6571108,0.0034021446,0.003608662,0.0021646644,0.013709024,0.010513481,0.015019097,0.84813666,3.6354084,0.42926732,0.2564951,0.019802518,0.0011310774,0.007935512,0.013892694,0.0078508565,0.2139829,0.14435826,0.20889582,0.6529211,0.70085067,0.12256803,174.87654,7.4244013,176.27821,178.8054,1.3530954,0.45056522,0.92458177,1.2867256,0.6496169,0.22656044,0.15711941,0.21962883,0.6966962,0.74052584,0.18478368,178.23734,23.359026,177.6727,179.98758,1.417809,0.45420378,0.94982797,1.3257605,0.6874453,0.012577549,0.012761146,0.010733008,0.04377514,0.039675176,0.06221565,3.360794,15.934625,1.3944855,1.1821747,0.0647136,0.0036385655,0.025246203,0.039034843,0.037828386,0.0006058745,0.0005741654,0.00059970596,0.003434993,0.0020747657,0.0026216747,0.21543148,0.8755234,0.14770718,0.15567017,0.0029434047,0.00023432435,0.001100012,0.0022321693,0.0018354346,0.0006605075,0.00071558007,0.00077817607,0.005089254,0.0027403173,0.004596026,0.30534452,1.2650481,0.20659095,0.20965348,0.004154446,0.0004015548,0.0012583234,0.0034230626,0.0033431847,0.0017203987,0.002446562,0.0027508289,0.01705581,0.009269953,0.018827364,0.92936707,4.344967,0.5498352,0.53733826,0.013566852,0.0013876557,0.004345417,0.012752891,0.015271962,0.017570361,0.016650796,0.017391473,0.0996148,0.060168207,0.07602856,6.247513,25.390179,4.2835083,4.514435,0.08535874,0.0067954063,0.031900346,0.06473291,0.053227603,0.09417258,0.34187353,4.344967,IDLE
0.21630727,0.14599206,0.20973238,0.6629981,0.7090747,0.12704465,175.8449,19.87662,177.12256,179.41891,1.366764,0.45205253,0.93453,1.2978795,0.65778524,0.00073183444,0.0009972723,0.0009816319,0.0072040567,0.0050221407,0.0023699242,0.44592816,3.6843894,0.3600022,0.44525585,0.009469385,0.0018238785,0.004207349,0.00837742,0.0028094829,0.21379003,0.1441429,0.20688799,0.6509257,0.7008305,0.12062925,174.83612,15.12899,176.53664,178.26082,1.3519527,0.44956577,0.9248268,1.2871827,0.65267015,0.21691878,0.14762196,0.21135627,0.6716998,0.71657425,0.12979947,176.55125,25.310545,177.67084,179.99524,1.3810846,0.45491573,0.9403367,1.3152057,0.6622786,0.003128752,0.0034790635,0.004468277,0.020774126,0.015743732,0.009170219,1.7151337,10.181555,1.134201,1.7344208,0.02913189,0.005349964,0.015509903,0.028023005,0.009608448,0.00023209638,0.00033162843,0.00055573933,0.0016275789,0.0013266699,0.0010175643,0.20479453,0.48078787,0.1094755,0.14003201,0.0027044355,0.0002693616,0.0010705179,0.0025038966,0.0007095275,0.00031685075,0.00043525305,0.0007353772,0.0024586003,0.0019104289,0.0012390908,0.25373188,0.5454368,0.15272078,0.20439133,0.0036083907,0.00031787023,0.0013835711,0.00406957,0.0010279518,0.00090384483,0.0011707246,0.0019183904,0.008173287,0.0053619146,0.0026321486,0.78001404,1.7056675,0.5050354,0.59635925,0.008620024,0.000854969,0.0035004616,0.0148797035,0.0028235316,0.006730795,0.009617224,0.01611644,0.047199786,0.038473427,0.029509366,5.939041,13.942848,3.1747894,4.0609283,0.078428626,0.0078114867,0.03104502,0.072613,0.020576298,0.063162595,0.17543592,1.7056675,IDLE
0.21759292,0.14565477,0.21260093,0.66727173,0.7035534,0.12918119,174.68686,28.92712,176.53706,178.3831,1.366923,0.455381,0.93431723,1.2927163,0.6513317,0.0021148908,0.0015689946,0.00096255913,0.0048021306,0.0047637713,0.011826121,0.4297099,3.3560455,0.38933024,0.95586187,0.0033803268,0.00082512636,0.0022840074,0.0044576614,0.003891718,0.21559168,0.14414078,0.21014659,0.65509814,0.6905655,0.1204728,173.77162,24.857784,175.37555,175.98822,1.3601599,0.45360222,0.9309975,1.2813402,0.64421904,0.22176917,0.1495974,0.21438594,0.674186,0.70989305,0.16635592,175.51465,36.413536,177.25984,179.6976,1.3756143,0.45650724,0.9398988,1.2993438,0.6637041,0.006177485,0.0054566264,0.0042393506,0.019087851,0.019327521,0.04588312,1.7430267,11.555752,1.8842926,3.709381,0.0154544115,0.0029050112,0.008901298,0.018003583,0.019485056,0.00031731458,0.00031385082,0.0005918551,0.0025753297,0.0019664662,0.0021286213,0.22903758,0.72207147,0.15034959,0.20575741,0.0024043897,0.00032116217,0.0009460141,0.0023700122,0.001398921,0.00036391616,0.00053307874,0.00080730295,0.0033771517,0.0028206848,0.0035338427,0.29056382,1.1603179,0.281547,0.33069125,0.0032569338,0.0004983414,0.0013742036,0.0037882526,0.0017998846,0.0008342415,0.002312079,0.0023340285,0.009273171,0.0087531805,0.013125002,0.7965088,3.8166542,1.2052155,1.2761536,0.008702755,0.0019744635,0.003786087,0.012228608,0.0040189624,0.009202123,0.009101674,0.017163798,0.07468456,0.05702752,0.06173002,6.64209,20.940073,4.360138,5.9669647,0.0697273,0.009313703,0.027434409,0.068730354,0.04056871,0.08817,0.3308109,3.8166542,IDLE
0.23304676,0.1537533,0.22354406,0.65228564,0.7203849,0.2208822,174.9103,20.868511,177.10948,178.48929,1.4185429,0.45835003,0.94581413,1.3230226,0.68850493,0.007884693,0.0029601664,0.009404615,0.0140283145,0.015718106,0.019483969,1.4463415,9.3839655,0.6018545,1.1292642,0.03943296,0.004575156,0.008677346,0.030918047,0.015112015,0.22192784,0.14997692,0.21063876,0.62502736,0.6982058,0.16381003,173.10677,9.1353655,175.75291,176.49121,1.3635912,0.45414123,0.93518806,1.2838504,0.6668135,0.2428343,0.15856145,0.2376584,0.6816593,0.74503493,0.2456455,176.9007,42.052715,178.09706,179.94157,1.464907,0.46790484,0.9600343,1.3617101,0.7155113,0.020906463,0.008584529,0.027019635,0.056631923,0.046829104,0.08183546,3.79393,32.91735,2.3441467,3.4503632,0.101315856,0.013763607,0.024846256,0.07785964,0.04869783,0.00073930365,0.0003789468,0.0009628416,0.00547994,0.0031177937,0.0038918452,0.33607325,1.9236554,0.19905826,0.2262789,0.004622369,0.0005797055,0.0013335964,0.003979132,0.0024605722,0.0007777827,0.0004343952,0.00087185134,0.0072216773,0.0045902464,0.005986366,0.4242833,2.7589767,0.29119003,0.352526,0.0064450735,0.00074742106,0.001710763,0.0062077716,0.0028335042,0.002912581,0.0012822449,0.0029763877,0.024347007,0.014120519,0.026759118,1.0953369,9.059078,0.74697876,1.281723,0.023103714,0.002521634,0.005081296,0.019026756,0.008168101,0.021439806,0.010989457,0.027922407,0.15891826,0.090416014,0.11286351,9.746124,55.786007,5.77269,6.562088,0.1340487,0.01681146,0.038674295,0.11539483,0.071356595,0.18084079,0.7429553,9.059078,IDLE
0.24139892,0.15886265,0.23433718,0.62963676,0.7332364,0.22809048,175.11221,8.117047,178.19792,179.64766,1.4560242,0.46883315,0.9589864,1.359299,0.7096785,0.0007779542,0.00058617437,0.0017926224,0.007846284,0.008090824,0.005655709,0.9248676,1.0367362,0.15349756,0.2313006,0.009711858,0.00040760907,0.0025960181,0.00584028,0.0045232004,0.23999396,0.15808794,0.23221208,0.6167969,0.72071666,0.2235355,174.01054,6.5665,177.86215,179.18793,1.4392858,0.46788806,0.954454,1.3460484,0.702978,0.2426579,0.15993851,0.23761238,0.64329267,0.748188,0.24378248,176.71156,9.690447,178.6054,179.99948,1.4682121,0.46969476,0.96316767,1.3690354,0.7183958,0.0026639402,0.0018505752,0.0054003,0.026495755,0.027471364,0.020246983,2.7010193,3.1239467,0.74324036,0.81155396,0.028926373,0.0018067062,0.008713663,0.022987008,0.015417814,0.00022079,0.00020794313,0.0002733207,0.0037493748,0.0041247215,0.0009205501,0.18999034,0.20783414,0.09766467,0.096462905,0.002509742,0.00019832623,0.0007430726,0.0020295586,0.002137334,0.00027182244,0.00030090468,0.00032664326,0.005567503,0.0065005883,0.001348969,0.2648068,0.27460387,0.13198128,0.117626764,0.004104941,0.0002660824,0.0010599188,0.0028180329,0.003423013,0.00080905855,0.0009174198,0.0009241998,0.01791823,0.020801187,0.004877597,0.9782715,0.74666214,0.37901306,0.25756836,0.016627312,0.00057834387,0.003034711,0.0071069,0.011342704,0.0064029098,0.006030351,0.0079263,0.108731866,0.119616926,0.026695952,5.50972,6.02719,2.8322754,2.7974243,0.07278252,0.005751461,0.021549106,0.058857203,0.06198269,0.040604454,0.10261697,0.9782715,IDLE
0.23803005,0.15580638,0.22401763,0.6446074,0.7227754,0.20219597,175.05176,10.510648,177.96527,179.82979,1.420456,0.46266398,0.95146143,1.3325998,0.6934768,0.0030995572,0.0014659518,0.0061136703,0.0071869222,0.012753082,0.018084345,0.5788613,1.4467448,0.38827574,0.123260535,0.026798638,0.005479429,0.0067324615,0.022960309,0.014735143,0.23395514,0.15377122,0.21585429,0.63260233,0.6986607,0.17780627,173.57393,6.66434,177.27756,179.53639,1.3771627,0.45551097,0.9402565,1.2975869,0.67010343,0.24233155,0.15819934,0.23263678,0.6593403,0.73853827,0.22711156,176.11224,13.386428,178.5384,179.9921,1.449709,0.46959215,0.9600165,1.3596354,0.71329737,0.008376405,0.0044281185,0.016782492,0.026737988,0.039877594,0.04930529,2.5383148,6.722088,1.260849,0.45570374,0.07254636,0.01408118,0.019760013,0.062048435,0.043193936,0.00029780073,0.00022131,0.0008050727,0.003805734,0.004410641,0.002181439,0.20265514,0.38811132,0.12000038,0.082343265,0.0051155873,0.00062930584,0.0011954678,0.0047707395,0.0027615717,0.00029754624,0.0002480047,0.00090778986,0.0050557856,0.0065703257,0.0028174191,0.27967364,0.60523826,0.16876541,0.10515847,0.008318424,0.0007618734,0.0016743974,0.0077575166,0.0046472633,0.0010802597,0.00068323314,0.0023118556,0.013859987,0.017638743,0.008295462,0.80296326,2.2149,0.5246124,0.32901,0.029439569,0.0021185577,0.0051192045,0.02543068,0.015925348,0.008636221,0.0064179897,0.02334711,0.110366285,0.12790859,0.06326173,5.876999,11.255228,3.480011,2.3879547,0.14835203,0.01824987,0.034668565,0.13835144,0.080085576,0.054620318,0.17359173,2.2149,IDLE
0.2304961,0.154325,0.22929183,0.6279026,0.75207764,0.21637793,174.2876,1.9095632,178.16628,179.23785,1.4462336,0.4660004,0.95807266,1.3607186,0.7222385,0.0011895614,0.00038901996,0.0034317062,0.009210082,0.010199887,0.011136663,0.42249212,1.129471,0.19728705,0.16711986,0.011258681,0.003439017,0.0038674811,0.010065239,0.010614694,0.22954708,0.15354618,0.22108407,0.61058116,0.7260765,0.19099326,173.24146,0.954194,177.74675,179.02092,1.4212471,0.45869562,0.9486376,1.3359556,0.6936866,0.23375005,0.15512541,0.23305035,0.6473375,0.7648197,0.22965704,174.94939,5.8178988,178.56693,179.6873,1.4610233,0.47126383,0.961938,1.3710995,0.73263794,0.004202962,0.0015792251,0.011966273,0.036756337,0.038743198,0.038663775,1.7079315,4.8637047,0.8201752,0.66638184,0.039776206,0.012568206,0.013300419,0.035143852,0.038951337,0.0002910911,0.0001337631,0.0005056257,0.0039651147,0.004405852,0.0017271176,0.14544626,0.23382516,0.08421168,0.063932225,0.0023576762,0.00049289444,0.0007475491,0.001766846,0.0028501502,0.00050927507,0.00018724904,0.0005704167,0.0048525007,0.0053030634,0.002052969,0.19859676,0.34501863,0.13074556,0.10459598,0.0030279935,0.00049779454,0.0010942592,0.0022727107,0.0030392164,0.0021621585,0.00067044795,0.0019086748,0.012794793,0.013526082,0.006950453,0.6255188,1.3804793,0.54122925,0.45632935,0.0075975657,0.0015950501,0.0035651922,0.008839726,0.0070477724,0.008441642,0.00387913,0.014663145,0.11498833,0.12776971,0.05008641,4.2179413,6.7809296,2.4421387,1.8540344,0.06837261,0.014293939,0.021678925,0.051238537,0.08265436,0.03644393,0.11221385,1.3804793,IDLE
0.23410948,0.15601827,0.23354729,0.60190487,0.7563332,0.24098225,175.60115,1.3978008,178.03809,179.5432,1.4510162,0.47295555,0.9636743,1.3693813,0.7432281,0.0014493043,0.00038647337,0.001591949,0.0083382465,0.010741236,0.010299618,0.37602094,1.0542228,0.29885313,0.24538901,0.007508075,0.0012801652,0.003106978,0.005833022,0.008497268,0.23166145,0.15520121,0.23074809,0.588262,0.7249182,0.22132848,174.72629,0.14745899,177.6323,179.01317,1.4395995,0.47083735,0.9590714,1.3603468,0.7186811,0.23604327,0.15680361,0.23562968,0.62000155,0.7766462,0.25384763,176.3207,4.048012,178.54518,179.95074,1.46273,0.47477585,0.9699049,1.3806353,0.7563311,0.0043818206,0.0016023964,0.0048815906,0.031739533,0.05172801,0.032519147,1.5944061,3.9005527,0.9128876,0.9375763,0.023130536,0.003938496,0.010833502,0.020288467,0.03764999,0.00033302399,0.00015121288,0.0004072621,0.003923905,0.0039749476,0.0019463316,0.14615288,0.20629504,0.08255636,0.07927099,0.0026684671,0.00026237656,0.0009110241,0.0022017462,0.0024608825,0.00045380768,0.00019332957,0.000545025,0.005246684,0.00561697,0.0026074378,0.19589764,0.27130276,0.1278765,0.10757786,0.0046029934,0.00041226333,0.0015304228,0.0035686048,0.0034874047,0.0012985021,0.0005084425,0.001568377,0.013033271,0.016866028,0.007987395,0.4956665,0.8281596,0.5123596,0.25683594,0.018390536,0.0014978945,0.006056249,0.014827728,0.011066914,0.009657696,0.0043851733,0.011810601,0.113793254,0.115273476,0.056443617,4.238434,5.9825563,2.3941345,2.2988586,0.077385545,0.0076089203,0.0264197,0.06385064,0.071365595,0.035567764,0.09288042,0.8281596,IDLE
0.2379501,0.157495,0.23552723,0.55488306,0.7542198,0.2711194,176.1015,11.11088,177.99527,178.98256,1.4560169,0.47406375,0.969544,1.3761476,0.7627907,0.005312538,0.0012512575,0.0035402928,0.0594547,0.013126464,0.061129056,0.42426333,11.773776,0.31938857,0.26270312,0.0038339128,0.0026208195,0.0043944754,0.0045198244,0.028498728,0.23223287,0.15603514,0.23110415,0.35946038,0.7145108,0.21621864,175.1781,4.3149877,177.50658,178.44698,1.4474307,0.4704339,0.9634701,1.3693926,0.73259664,0.24869178,0.15988334,0.2408834,0.6072116,0.77838194,0.46108213,177.09315,61.672794,178.74156,179.39304,1.4649242,0.47755882,0.97526884,1.3840637,0.8418431,0.016458914,0.003848195,0.009779245,0.2477512,0.063871145,0.2448635,1.9150543,57.357807,1.2349854,0.9460602,0.017493486,0.0071249306,0.011798739,0.014671087,0.10924649,0.0005786285,0.00018034721,0.00039705532,0.010711073,0.005125907,0.008593507,0.27002323,2.0514877,0.12133315,0.10786754,0.0018206629,0.00035664337,0.0006564732,0.0014292619,0.005062605,0.00058465474,0.0002391547,0.00040384458,0.013955557,0.0068136277,0.013711551,0.4333866,5.180289,0.16246215,0.14469224,0.0023939721,0.00042181366,0.0009113505,0.0020578755,0.007327037,0.0022211522,0.0009570271,0.0016010404,0.06000325,0.021722794,0.06506133,1.9150543,26.62384,0.44128418,0.33779907,0.0059405565,0.0013517141,0.0033023357,0.0070569515,0.029441416,0.016780227,0.005230069,0.011514604,0.3106211,0.1486513,0.2492117,7.830673,59.49314,3.5186615,3.1281586,0.052799225,0.010342658,0.019037724,0.041448593,0.14681554,0.17237489,1.4268595,26.62384,IDLE
0.24948756,0.15062992,0.24555893,0.38939983,0.73911387,0.72447324,175.61012,159.775,177.51088,179.11752,1.4221463,0.4730703,0.9455237,1.341041,0.9677708,0.00051210495,0.004244074,0.0020264108,0.028343588,0.012878905,0.08219465,0.39288494,26.584694,0.7863414,0.50027114,0.012950487,0.0040059416,0.009998248,0.015181879,0.038103648,0.24849135,0.14461392,0.24111967,0.32969454,0.71562016,0.47045135,174.99081,66.90596,176.16718,178.01688,1.4085312,0.4647413,0.93707085,1.3219163,0.8463222,0.2502736,0.1589051,0.24855304,0.41411418,0.75950545,0.7819185,176.38542,176.9086,179.27843,179.96257,1.4548023,0.47780675,0.96881294,1.3758079,0.996741,0.0017822385,0.014291182,0.0074333698,0.08441964,0.04388529,0.31146717,1.3946075,110.00264,3.1112518,1.945694,0.046271086,0.013065457,0.031742096,0.05389154,0.15041882,0.00020914242,0.0009554368,0.00049570255,0.0053184517,0.0042576953,0.013612776,0.1605914,3.8802454,0.37822118,0.2959221,0.0032797148,0.0005162091,0.0014452359,0.00302725,0.0077808728,0.00032028815,0.0012882475,0.00058996613,0.007987469,0.005618039,0.021112211,0.20944239,7.7223186,0.512277,0.37851262,0.0050094333,0.0005511123,0.002350969,0.0040971106,0.011351562,0.0012749732,0.0038894266,0.0018439144,0.024944723,0.013405919,0.07283652,0.5388489,35.117165,1.2778015,0.99102783,0.014367104,0.0015753806,0.007903695,0.011376619,0.039272964,0.0060651302,0.027707666,0.014375374,0.1542351,0.12347317,0.3947705,4.6571503,112.527115,10.968414,8.581741,0.09511173,0.014970064,0.04191184,0.08779025,0.2256453,0.31705856,2.2047334,35.117165,IDLE
0.2567072,0.16261902,0.25465915,0.43043354,0.7600134,0.7917928,175.72919,177.25768,179.08868,179.59427,1.4629625,0.45249197,0.93892425,1.338853,0.97795564,0.0030384643,0.0029851308,0.0037915402,0.008569293,0.0077262684,0.009983663,0.2634022,0.6717757,0.56285346,0.18732108,0.016707055,0.006085523,0.002517545,0.007091141,0.0052913046,0.25009203,0.15567188,0.24803509,0.41435406,0.7424197,0.772317,175.15268,175.5431,177.85318,179.13463,1.4338593,0.44330245,0.93489957,1.3268325,0.9681195,0.26123902,0.16716269,0.26017216,0.44264564,0.7779984,0.80730414,176.3437,178.46509,179.96504,179.99321,1.4908559,0.46443105,0.94271016,1.3516333,0.9892922,0.011146992,0.011490807,0.01213707,0.028291583,0.035578668,0.03498715,1.1910248,2.9219818,2.1118622,0.85858154,0.056996584,0.021128595,0.0078105927,0.024800777,0.021172702,0.0004571522,0.0006069428,0.00067682716,0.0015057613,0.0031020169,0.0020661827,0.16659388,0.28555086,0.18588257,0.13513447,0.0032848818,0.0007287387,0.0005570116,0.002209943,0.001924155,0.00045674498,0.00069267635,0.00072866824,0.0017903771,0.0037459126,0.0031923736,0.20280074,0.39776006,0.37566888,0.17567648,0.0035788056,0.0005827994,0.0010363816,0.0037071274,0.0025499477,0.0018569231,0.0023133308,0.0015355647,0.0049346387,0.008917749,0.014435232,0.38793945,1.1703949,1.7912903,0.3777771,0.010632515,0.0022118092,0.0045588017,0.013277531,0.007172525,0.013257414,0.017601341,0.019627988,0.043667078,0.08995849,0.059919298,4.8312225,8.280975,5.3905945,3.9188995,0.095261574,0.021133423,0.016153336,0.064088345,0.055800498,0.052685425,0.14912029,1.7912903,IDLE
0.2616744,0.16499148,0.2587201,0.42981738,0.77696043,0.80639297,175.35889,179.16142,179.36473,179.44344,1.4982641,0.4446567,0.9441902,1.3580259,0.983259,0.0018382651,0.0029619585,0.0016335337,0.006327757,0.0055357255,0.005788928,0.34407943,0.59151083,0.33784485,0.27709818,0.008358363,0.0032353122,0.0026070331,0.005075998,0.0032481435,0.2565768,0.1597518,0.25401756,0.4184025,0.76660943,0.78786576,174.34444,178.28098,178.84453,178.65797,1.4790534,0.44178206,0.9391372,1.3485398,0.9767438,0.2633746,0.16831534,0.2602772,0.44297427,0.787473,0.8116749,175.89801,179.98839,179.92166,179.90033,1.5148866,0.451483,0.9496447,1.3671772,0.9943383,0.0067977905,0.008563533,0.00625965,0.024571776,0.020863593,0.023809135,1.5535736,1.7074127,1.0771332,1.2423553,0.03583324,0.009700954,0.010507464,0.018637419,0.017594457,0.00030976636,0.00041728647,0.000461713,0.0012086424,0.0028312926,0.0023977982,0.16920681,0.22917017,0.114234135,0.16506064,0.0024282974,0.0004072631,0.0005651918,0.0027391498,0.0022637188,0.00042022608,0.00052337366,0.00066714274,0.0015811956,0.0037888342,0.0040111104,0.22239587,0.31858307,0.14818801,0.2305092,0.0036935033,0.00056409114,0.0009670138,0.0040463884,0.0035638541,0.0012078881,0.0013896823,0.0018003881,0.004431665,0.010360181,0.015304983,0.61099243,1.0474243,0.43318176,0.56144714,0.01088953,0.0020080805,0.0035638213,0.012870669,0.010429263,0.008983225,0.0121013075,0.013389677,0.03505063,0.082107484,0.06953615,4.9069977,6.645935,3.31279,4.7867584,0.07042062,0.011810631,0.016390562,0.07943535,0.06564784,0.046246793,0.113954395,1.0474243,IDLE
0.25305745,0.15773441,0.24758326,0.41464663,0.75173825,0.7754183,175.59969,178.75053,178.91037,179.52461,1.4446243,0.46462488,0.94793016,1.3489376,0.9866262,0.0025314083,0.0017781805,0.001813756,0.005180415,0.008022745,0.006530751,0.15274599,0.46264,0.29920292,0.24625133,0.014342705,0.007945933,0.0023822712,0.004095799,0.0049267104,0.24885333,0.15504853,0.2450666,0.40314636,0.7378427,0.75808525,175.26709,177.55997,178.36531,178.96178,1.4198627,0.45149538,0.9445578,1.342046,0.9798292,0.25624526,0.16052753,0.25294763,0.4203346,0.7707554,0.7853417,175.93564,179.48718,179.57915,179.92102,1.4755182,0.47591454,0.95208025,1.3567524,0.9989528,0.0073919296,0.005478993,0.00788103,0.017188251,0.03291273,0.02725643,0.6685486,1.9272156,1.2138367,0.9592438,0.05565548,0.024419159,0.007522464,0.014706373,0.019123614,0.00025953096,0.0004256825,0.0006501135,0.0011851911,0.0035566995,0.0027884964,0.11542906,0.25962776,0.20582475,0.16723317,0.0028407162,0.00084203994,0.00070608075,0.0024073042,0.0027091256,0.00027574523,0.0005506136,0.0008235881,0.0014531198,0.004306866,0.004371084,0.15610054,0.330087,0.24561805,0.2372795,0.0031789457,0.00053603493,0.0010411624,0.0032805584,0.0036573966,0.00097069144,0.0014437884,0.0023359358,0.0038209856,0.00867945,0.013955116,0.48280334,0.6968384,0.4651184,0.73635864,0.008329034,0.0020095706,0.002560854,0.008410573,0.010628521,0.0075263977,0.0123447925,0.018853292,0.03437054,0.10314429,0.0808664,3.3474426,7.5292053,5.968918,4.849762,0.08238077,0.024419159,0.020476341,0.06981182,0.078564644,0.05109905,0.11878582,0.73635864,IDLE
0.24667521,0.1559331,0.24459206,0.27148467,0.636686,0.65216464,132.49022,137.10472,177.19695,178.6539,1.4002099,0.4802235,0.95157856,1.3331894,0.8973434,0.0011155294,0.006656928,0.0015456037,0.11244295,0.08956983,0.09998839,37.181248,41.540916,1.1903819,0.969675,0.032880086,0.0012655128,0.015070145,0.021267982,0.085573874,0.24431635,0.14637522,0.24178326,0.11768541,0.5085541,0.512708,80.22026,77.32456,175.16504,176.9344,1.3317711,0.47690436,0.9246482,1.2847807,0.77488494,0.24845628,0.16687578,0.24661587,0.40502736,0.73985946,0.7656451,176.03947,178.3456,179.49875,179.91772,1.437124,0.4814979,0.9699768,1.355483,0.98932683,0.00413993,0.020500556,0.0048326105,0.28734195,0.23130536,0.25293708,95.819214,101.021034,4.3337097,2.9833221,0.10535288,0.004593551,0.045328557,0.070702314,0.2144419,0.00031583986,0.0010506085,0.00041978268,0.010730862,0.00816203,0.009429077,3.3221867,3.7319517,0.287554,0.2606885,0.007133677,0.00025109586,0.0026020058,0.0049043978,0.0075843744,0.00040344204,0.0014393697,0.00055075425,0.013447218,0.00966486,0.012319028,3.3890896,5.285996,0.37311563,0.42575243,0.010863255,0.00031702878,0.004448861,0.008083915,0.009946114,0.000999257,0.0036599487,0.0015011579,0.04901676,0.035888255,0.040648222,10.891113,22.40104,0.8322296,1.567276,0.029154897,0.0011051297,0.011217713,0.023945928,0.03660494,0.009159356,0.030467644,0.012173697,0.311195,0.23669887,0.27344322,96.343414,108.2266,8.339066,7.559967,0.20687664,0.0072817802,0.07545817,0.14222753,0.21994686,0.51033103,1.9695579,22.40104,IDLE
0.24722235,0.165396,0.24430685,0.14318845,0.5024516,0.5142684,77.603874,78.593925,176.35114,177.83292,1.4351285,0.48161077,0.9745428,1.3660632,0.7732102,0.00068076694,0.001017484,0.0007964991,0.012265932,0.0025618274,0.0070770234,0.96794254,3.108626,0.4069803,0.15864383,0.003698583,0.00025713182,0.0032728189,0.0042568496,0.004640239,0.24590957,0.16402908,0.24329835,0.11983669,0.49773636,0.50655496,76.1233,74.84859,175.63715,177.50769,1.4289814,0.48110324,0.96938133,1.3590169,0.76860386,0.24853803,0.1668118,0.24609569,0.16934034,0.50783867,0.52439684,79.29386,83.33225,177.0874,178.0685,1.4424179,0.4820955,0.978035,1.3739858,0.78079414,0.0026284605,0.0027827173,0.0027973354,0.049503654,0.010102302,0.017841876,3.1705627,8.483665,1.4502563,0.5608063,0.013436437,0.0009922683,0.008653641,0.014968872,0.012190282,0.00012457217,0.00018177772,0.00034933974,0.0025746427,0.0006863907,0.001504639,0.19240306,0.6229953,0.12397398,0.0706724,0.0014649342,9.35834e-05,0.0005366761,0.0010159591,0.00074024446,0.00016762018,0.00023773598,0.00045938723,0.003996239,0.0009369909,0.0024355892,0.24749541,1.0131637,0.17254059,0.0915419,0.0019380822,0.00012696697,0.0007809163,0.0013949972,0.0010754577,0.0005675107,0.00062556565,0.0011584014,0.018669426,0.0030074716,0.007208407,0.65595245,2.716034,0.46862793,0.23971558,0.0061148405,0.00029742718,0.0024616718,0.0041179657,0.002616942,0.0036125928,0.005271554,0.010130852,0.07466464,0.019905329,0.043634534,5.579689,18.066864,3.5952454,2.0494995,0.04248309,0.0027139187,0.015563607,0.029462814,0.02146709,0.0679545,0.26609543,2.716034,IDLE
0.24950522,0.16582242,0.24463171,0.14456473,0.5164694,0.52844745,83.26416,85.22676,177.09703,177.72304,1.4405729,0.47777113,0.971006,1.3626549,0.7839086,0.0004594578,0.00079012226,0.00084485277,0.008273979,0.0039615636,0.0031112097,2.1118298,1.8853296,0.17000763,0.24814777,0.0042414665,0.0018904309,0.0016326745,0.0042004394,0.003247432,0.24866469,0.16454305,0.24318275,0.13727833,0.50316614,0.52182746,77.07306,81.40856,176.76018,177.34457,1.4357663,0.47489345,0.969175,1.3574941,0.7736928,0.25014174,0.16722757,0.2458706,0.16450468,0.5206353,0.5326338,85.691376,88.95141,177.38387,178.06424,1.4484162,0.481049,0.97475916,1.3713139,0.7873043,0.0014770478,0.0026845187,0.0026878566,0.027226344,0.017469168,0.010806322,8.618317,7.5428467,0.62368774,0.7196655,0.012649894,0.0061555505,0.0055841804,0.013819814,0.0136114955,0.00013805772,0.00019628837,0.00030916466,0.0019229008,0.000749773,0.0009108309,0.3062923,0.4047386,0.056511715,0.052223995,0.0013525445,0.000212544,0.00038232474,0.0008966347,0.0006235242,0.00017221694,0.00027449257,0.00042123708,0.0025180026,0.0012344653,0.0011451225,0.47457215,0.48569757,0.069542654,0.07470025,0.0019360351,0.00024304504,0.0006186548,0.0012692416,0.0010193139,0.0003761202,0.0006839633,0.0011766553,0.00823313,0.0054329634,0.0030794144,2.0747147,1.7371674,0.17802429,0.26327515,0.0046465397,0.0010125935,0.00202626,0.0031414032,0.004280746,0.004003674,0.005692363,0.008965775,0.055764124,0.021743417,0.026414096,8.882477,11.737419,1.6388397,1.5144958,0.03922379,0.006163776,0.011087418,0.026002407,0.018082201,0.05516408,0.1967422,2.0747147,IDLE
0.2488993,0.16539879,0.24303149,0.14275812,0.52820057,0.54977524,88.055466,97.844894,177.26945,177.8073,1.441235,0.4727515,0.96873766,1.3570344,0.79718,0.00043179936,0.0005343159,0.0006352671,0.0039949366,0.002992642,0.0103245815,0.82093936,4.63425,0.4171077,0.23471272,0.005358487,0.0005753547,0.0018021954,0.0031029154,0.0046964446,0.24832752,0.16455877,0.24209426,0.13483189,0.52169716,0.53376937,85.97476,89.53688,176.84096,177.42244,1.4291927,0.47194812,0.96317804,1.346977,0.7884953,0.24985154,0.16612722,0.24444333,0.14915562,0.5316451,0.57350016,88.95905,108.41572,178.49013,178.16379,1.4485153,0.47467464,0.97074246,1.3603568,0.80724394,0.0015240163,0.0015684515,0.0023490638,0.014323726,0.009947956,0.039730787,2.984291,18.878838,1.6491699,0.74134827,0.019322634,0.002726525,0.0075644255,0.013379812,0.018748641,9.223151e-05,0.00016768945,0.00025032717,0.0012746674,0.0007573654,0.0017954769,0.19520095,0.8012109,0.11454142,0.0763192,0.0017800701,0.0001574169,0.000557546,0.0010033558,0.00084236986,0.00011910164,0.00023390974,0.0003685932,0.0019008699,0.0011092725,0.0021639904,0.29738703,0.9458145,0.15117782,0.1106872,0.002636294,0.00022889808,0.00072763546,0.0014068994,0.001012409,0.000325948,0.0006841272,0.0009995699,0.006461337,0.0030978322,0.006237805,1.0084381,3.067192,0.45744324,0.3951416,0.0079654455,0.00088751316,0.0021024942,0.003783226,0.0035167336,0.0026747137,0.004862994,0.007259488,0.036965355,0.021963596,0.05206883,5.6608276,23.235115,3.321701,2.2132568,0.051622033,0.00456509,0.016168833,0.029097319,0.024428725,0.07973006,0.3000021,3.067192,IDLE
0.24902235,0.16443968,0.24398276,0.15182728,0.5194706,0.55683327,85.70613,102.53602,177.16371,178.1801,1.441853,0.47266975,0.96925366,1.355986,0.79502887,0.00042252606,0.0006475216,0.00044394145,0.008321528,0.002490087,0.013163637,0.8470498,5.909513,0.51265514,0.3216749,0.0082356185,0.00030560634,0.0037091034,0.0071566864,0.0066917734,0.2484226,0.16336015,0.24309167,0.14177895,0.5156547,0.5304759,84.98378,89.91752,176.41641,177.64565,1.4258608,0.471965,0.96279305,1.3437521,0.7818336,0.24969992,0.16598502,0.24502023,0.16583107,0.52402043,0.5733544,87.65604,109.338646,178.48557,178.83984,1.4561348,0.47307986,0.9735936,1.3698735,0.8065784,0.0012773275,0.0026248693,0.001928553,0.024052128,0.00836575,0.04287851,2.6722565,19.421127,2.0691528,1.1941986,0.030274034,0.0011148751,0.01080054,0.026121378,0.024744809,8.5102074e-05,0.00018280334,0.00027390698,0.0017938691,0.0006924128,0.0023086523,0.1850444,1.0047886,0.13423525,0.098104544,0.0014225327,8.6487365e-05,0.0005183857,0.0010705735,0.0012737081,0.00011135148,0.00022569907,0.00036164813,0.0025523119,0.0010178838,0.002680509,0.28361034,1.1653643,0.15700242,0.12950334,0.0019125236,0.000120156175,0.00075770245,0.0011266537,0.0013664708,0.0003222376,0.0004799217,0.0009677261,0.006985426,0.0028170347,0.0069949627,0.9257202,2.9137878,0.46998596,0.38882446,0.005649686,0.00034177303,0.0023714304,0.0038996935,0.0039940476,0.0024679601,0.0053012967,0.007943302,0.052022204,0.02007997,0.06695092,5.366287,29.13887,3.8928223,2.8450317,0.041253448,0.0025081336,0.0150331855,0.031046629,0.036937535,0.095458746,0.34409198,2.9137878,IDLE
0.25083524,0.16702685,0.24496125,0.11705461,0.51534057,0.5135177,83.125404,80.25095,177.04367,177.4916,1.4581244,0.47314352,0.97481954,1.3718077,0.7726644,0.0006345906,0.00040796545,0.0008988941,0.012960571,0.0028847526,0.009192203,0.97854096,4.2779803,0.4097014,0.22563471,0.0035494342,0.0006726329,0.0018506722,0.0028575552,0.004628152,0.2496507,0.16602401,0.24309272,0.10068438,0.5107768,0.4992597,81.73574,74.28298,176.36887,177.13913,1.4529693,0.47174788,0.97180176,1.3686676,0.76538247,0.2518586,0.1674991,0.24603222,0.1413853,0.51993454,0.5291003,85.00308,89.22124,177.6713,178.02083,1.4641335,0.47392163,0.9770993,1.3759956,0.7807872,0.0022078902,0.0014750808,0.0029395074,0.04070092,0.009157717,0.029840589,3.2673416,14.938255,1.3024292,0.8816986,0.011164188,0.0021737516,0.0052975416,0.0073280334,0.015404761,0.00011426365,7.196747e-05,0.00030877057,0.0017416747,0.0005319673,0.0012068748,0.15681721,0.5500462,0.09596989,0.058688987,0.0013601328,0.000101077145,0.00040726416,0.0006421229,0.00057101663,0.00013037183,9.242011e-05,0.00047410536,0.0028401697,0.0006088647,0.0013348876,0.20253426,0.68434125,0.12432881,0.06996469,0.0018630509,0.00012742775,0.00058861653,0.001110119,0.00065821677,0.00044843554,0.00023552775,0.0016138703,0.012210377,0.0017829537,0.0045719147,0.6767578,2.5538177,0.38235474,0.22348022,0.00554955,0.00046378374,0.0016763806,0.004257202,0.002206087,0.0033136457,0.0020870566,0.008954346,0.050508566,0.015427053,0.03499937,4.547699,15.95134,2.7831268,1.7019806,0.03944385,0.0029312372,0.01181066,0.018621564,0.016559482,0.057905298,0.22303584,2.5538177,IDLE
0.25173834,0.16594955,0.24675211,0.117367305,0.51768774,0.5197626,83.74073,81.92305,177.0953,177.26656,1.4526776,0.4720211,0.97023994,1.3659365,0.7743005,0.00028939964,0.0005932684,0.001157037,0.005169383,0.0022479875,0.007702254,0.44849113,2.868299,0.21502842,0.17702131,0.0057546212,0.00075545214,0.0010166167,0.002655938,0.003034872,0.2511809,0.16479677,0.24509636,0.1049401,0.51265216,0.499995,82.18196,73.81926,176.5122,176.8629,1.4419901,0.47084624,0.9683567,1.3610964,0.7654569,0.25232142,0.16706662,0.24869841,0.12942213,0.5203786,0.52673024,84.25497,84.82253,177.56787,177.62549,1.4606231,0.47375894,0.97216374,1.3690482,0.7770802,0.0011405349,0.0022698492,0.0036020577,0.024482027,0.007726431,0.026735246,2.0730057,11.003273,1.0556641,0.7625885,0.018633008,0.0029127002,0.0038070083,0.007951856,0.011623263,0.00014522672,0.00017199537,0.00029208537,0.002079699,0.0004318932,0.0012571441,0.12712018,0.51351666,0.10941236,0.07507061,0.0018708583,0.00011033436,0.00031094716,0.0009934738,0.00049622305,0.00020883125,0.00028139312,0.00047665412,0.0033222397,0.00062014605,0.0013200487,0.18013993,0.5716646,0.13867404,0.09835439,0.002880237,0.00014077636,0.00052594754,0.0015474085,0.00062450394,0.0005378723,0.0010204762,0.0020978749,0.011714876,0.0023936033,0.004536867,0.6289444,1.9368973,0.29640198,0.2748108,0.010860801,0.0005721152,0.0021908283,0.0060528517,0.0019160509,0.004211575,0.0049878657,0.008470476,0.060311273,0.012524903,0.03645718,3.6864853,14.891983,3.1729584,2.1770477,0.05425489,0.0031996965,0.0090174675,0.02881074,0.014390469,0.05555198,0.17990303,1.9368973,IDLE
0.25148585,0.16557537,0.2466529,0.1266343,0.5165235,0.5249622,83.34603,84.11381,177.1482,177.48526,1.4526165,0.47048235,0.96966004,1.3640308,0.7740752,0.00053443026,0.00037002398,0.001352448,0.009455213,0.0036168075,0.0023381843,0.873862,1.2123296,0.25973955,0.13405256,0.0029123626,0.0001472793,0.00082499336,0.0017746415,0.0008876486,0.25080535,0.16490221,0.24461742,0.11519522,0.51088625,0.5211392,81.76328,82.30763,176.67125,177.22517,1.4462315,0.47021627,0.9679593,1.3605795,0.771963,0.25265548,0.16608165,0.24887815,0.14504668,0.52073884,0.5300449,84.42268,86.906555,177.58832,177.73497,1.4572266,0.47071338,0.9712558,1.3664224,0.77527785,0.0018501282,0.0011794418,0.0042607337,0.029851459,0.009852588,0.008905709,2.659401,4.5989227,0.9170685,0.50979614,0.01099515,0.00049710274,0.0032964945,0.005842924,0.0033148527,0.00012220597,0.00013610566,0.00032954226,0.0028931664,0.00063569384,0.0009252162,0.18636848,0.43838555,0.077575155,0.07254028,0.0010934,7.643165e-05,0.00033736846,0.00079345703,0.0003564584,0.00016474535,0.00018787927,0.00043206158,0.0039414484,0.00088258134,0.0012581919,0.29508677,0.557902,0.102812104,0.09027282,0.001620884,0.000107869804,0.00042184268,0.0010870196,0.0005122443,0.00047266483,0.00045773387,0.0012812912,0.009966373,0.0030212402,0.0027436614,0.9000015,1.3103561,0.26287842,0.16822815,0.0037788153,0.00035488605,0.0010415316,0.0024279356,0.0014616251,0.003543973,0.0039470643,0.009556726,0.08390182,0.01843512,0.02683127,5.404686,12.713181,2.2496796,2.1036682,0.031708598,0.002216518,0.009783685,0.023010254,0.010337293,0.052171234,0.16179954,1.3103561,IDLE
0.2503185,0.16543032,0.24377745,0.13016674,0.5065868,0.5255083,80.592445,85.221825,177.47166,176.84735,1.448284,0.47265908,0.9703434,1.3647902,0.77386004,0.00029636282,0.00044226827,0.0008469863,0.013782479,0.003299726,0.005811321,1.3338379,3.79697,0.2153021,0.27873278,0.0037028668,0.0019276298,0.0008463826,0.0019664462,0.0017233884,0.24984449,0.16453868,0.24196069,0.10652627,0.50193685,0.51366925,78.95457,78.590256,177.1742,176.4331,1.441161,0.47005254,0.96894395,1.3616316,0.770196,0.250895,0.16613396,0.24512024,0.1500109,0.5124067,0.53487957,82.419685,90.64879,178.07208,177.31532,1.4548069,0.4758119,0.97230494,1.3694551,0.7762462,0.0010505021,0.0015952736,0.0031595528,0.04348463,0.010469854,0.021210313,3.4651184,12.058533,0.8978882,0.8822174,0.013645887,0.0057593584,0.0033609867,0.007823467,0.0060501695,8.928467e-05,0.00014030984,0.00045200513,0.0019164243,0.000564271,0.0011359227,0.14249763,0.5639814,0.10357666,0.06638099,0.0017896685,0.000203369,0.0003846267,0.0009786097,0.00032755014,0.00011070009,0.00020584573,0.0006014578,0.0028581917,0.0006313099,0.0013477829,0.1557525,0.6753192,0.1367072,0.081358135,0.0025803966,0.0001806945,0.000535907,0.0015166089,0.00047419447,0.00022473931,0.0007440299,0.0017480254,0.0107905045,0.00178653,0.0030938387,0.47079468,1.8052216,0.31277466,0.24667358,0.0067358017,0.00080254674,0.0015172958,0.005152583,0.001777947,0.0025892556,0.0040689856,0.013108149,0.055576302,0.01636386,0.03294176,4.132431,16.355461,3.0037231,1.9250488,0.051900387,0.005897701,0.011154175,0.028379679,0.009498954,0.05896125,0.19551565,1.8052216,IDLE
0.25163695,0.16682309,0.24446873,0.13502716,0.5046157,0.51306015,78.66616,76.8312,177.37605,176.87277,1.4606643,0.47744292,0.97560924,1.3770334,0.7705566,0.0008193471,0.0005506896,0.0005270702,0.011865208,0.0016306655,0.0065781795,0.44308537,4.021141,0.26969522,0.1780426,0.004742498,0.00071782945,0.0019532202,0.0037660403,0.0031872985,0.25039166,0.16594467,0.2435064,0.11289,0.5025281,0.50201106,77.82338,69.780304,176.94427,176.45769,1.4520805,0.47585535,0.972205,1.3706167,0.76495695,0.2532089,0.16790125,0.24515185,0.1574636,0.5076752,0.52278155,79.50434,82.147766,177.96544,177.18388,1.4687219,0.47860092,0.9784475,1.382519,0.7748038,0.0028172433,0.001956582,0.0016454458,0.044573598,0.0051470995,0.02077049,1.6809616,12.367462,1.021164,0.7261963,0.016641378,0.0027455688,0.0062425137,0.011902332,0.009846866,0.00020298875,0.00014308814,0.00025175666,0.0023666369,0.0004531104,0.0013567086,0.15330058,0.6594012,0.106907815,0.06881609,0.0014885992,0.00012157909,0.00028875162,0.00078016316,0.00063212984,0.0002932392,0.0002067817,0.00035912788,0.0027799692,0.0006182706,0.0015842384,0.19478047,0.7372543,0.1701548,0.09526738,0.0021389276,0.00012471483,0.00035567628,0.0010860878,0.00076193304,0.00095170736,0.00064459443,0.0010269284,0.009575129,0.0015729666,0.0041272044,0.6033554,2.2276993,0.4945221,0.2861328,0.00546062,0.00030839443,0.0009448528,0.0030497313,0.0024134517,0.005886674,0.004149556,0.007300943,0.06863247,0.013140202,0.03934455,4.445717,19.122635,3.1003265,1.9956665,0.04316938,0.0035257936,0.008373797,0.022624731,0.018331766,0.06643408,0.21121381,2.2276993,IDLE
0.25331938,0.16734317,0.24371314,0.13775828,0.49773633,0.4965197,75.723404,68.5626,177.2885,176.86696,1.4619023,0.4783592,0.9779961,1.3787868,0.76080334,0.00030023154,0.00076354557,0.00046781154,0.008373541,0.0022808225,0.0019352566,0.8023321,0.86694515,0.25576624,0.16955686,0.0038168593,0.0011674921,0.00081979134,0.0024473518,0.0015121868,0.25238785,0.16567488,0.24247992,0.122762166,0.49382058,0.4934001,74.769135,67.57271,176.74945,176.64809,1.4536009,0.47588128,0.976938,1.373059,0.75922275,0.25367054,0.16798764,0.24494664,0.15024897,0.50238764,0.50137573,77.85977,70.16361,177.5808,177.26016,1.4689795,0.47963566,0.9797337,1.3821905,0.76428664,0.001282692,0.0023127645,0.0024667233,0.027486809,0.008567065,0.007975638,3.0906372,2.5909042,0.8313446,0.6120758,0.015378594,0.0037543774,0.0027956963,0.009131432,0.0050638914,0.00019347771,0.00012689932,0.00035101382,0.001264994,0.0005638825,0.0005410601,0.15368731,0.20811094,0.11170749,0.07197308,0.0017588632,0.00017341253,0.0003419683,0.0009202875,0.0002597077,0.00029301687,0.00016459313,0.00047101526,0.0018708742,0.00074080663,0.0007186252,0.18923317,0.28744635,0.14351383,0.1054847,0.0025267696,0.00021231758,0.0005658183,0.0012998511,0.0003418156,0.000931859,0.0005788952,0.0012782216,0.0066327304,0.002010107,0.0021267235,0.5518875,0.72665405,0.29989624,0.29760742,0.005913019,0.00054326653,0.0019289255,0.0037804842,0.0013130903,0.0056108534,0.0036800802,0.0101794,0.036684826,0.016352594,0.015690744,4.456932,6.0352173,3.2395172,2.0872192,0.051007032,0.005028963,0.00991708,0.026688337,0.0075315237,0.036798295,0.095365435,0.72665405,IDLE
0.2529029,0.16850783,0.24158998,0.1372719,0.5108192,0.49041322,80.41653,66.89038,177.45024,177.3978,1.4641606,0.4724312,0.9733516,1.3770449,0.76147336,0.00045731175,0.0011856288,0.0018676519,0.008921134,0.004230183,0.0024034616,2.136128,1.8539804,0.26353398,0.17760493,0.0060035754,0.0017616634,0.0017001325,0.0041635297,0.00083653675,0.2521049,0.16569601,0.23970251,0.119108945,0.501988,0.48679516,76.07677,65.218735,176.82164,177.01837,1.4536015,0.47059488,0.9696971,1.369462,0.76023626,0.25356653,0.16969405,0.24499467,0.14661829,0.51605785,0.49638042,82.47893,70.37984,177.8763,177.70645,1.476269,0.47589278,0.97794354,1.384124,0.7629255,0.0014616251,0.003998041,0.0052921623,0.027509347,0.014069855,0.009585261,6.4021606,5.1611023,1.054657,0.68807983,0.022667527,0.0052978992,0.008246422,0.014662027,0.0026892424,0.00018780807,0.00019735508,0.0003318391,0.0016066266,0.0005500995,0.00074454834,0.24451262,0.27086562,0.08189339,0.077428356,0.0021333077,0.00023212515,0.0004532111,0.0013622621,0.0002308529,0.00024609198,0.00024987326,0.0004240836,0.002152902,0.00077153515,0.0010502335,0.29618102,0.40416056,0.11160534,0.11042115,0.0030795038,0.00023687036,0.00068940537,0.0020745145,0.0003355095,0.0005659759,0.0008303821,0.0011430532,0.0068490803,0.0030830503,0.003091991,1.0608368,1.5536804,0.32180786,0.34580994,0.00897491,0.0006992221,0.002233982,0.0060698986,0.0010880232,0.005446434,0.0057232976,0.009623334,0.04659217,0.015952885,0.021591902,7.090866,7.8551025,2.3749084,2.2454224,0.061865926,0.0067316294,0.013143122,0.0395056,0.006694734,0.045515336,0.1458725,1.5536804,IDLE
0.25335455,0.17107534,0.24147746,0.14058097,0.5230822,0.48310977,84.99638,64.15502,177.20973,177.58119,1.474388,0.47072145,0.9781056,1.3810678,0.7631652,0.00015033042,0.0005786098,0.00056317804,0.0032913184,0.003911129,0.00222347,1.7104968,0.82446027,0.35678434,0.32747996,0.006825802,0.000251766,0.003163618,0.002862046,0.002350223,0.25292698,0.16975246,0.24047242,0.13383806,0.51514703,0.48067123,81.9702,63.025955,176.68793,177.09662,1.4626344,0.470065,0.97269785,1.3753166,0.7587421,0.25355634,0.17197204,0.24256411,0.14683805,0.52799255,0.48905408,87.432014,65.700775,177.77269,178.03448,1.4860826,0.47103852,0.9828085,1.3864474,0.7674618,0.00062936544,0.0022195727,0.002091691,0.012999997,0.012845516,0.008382857,5.461815,2.67482,1.0847626,0.9378662,0.02344811,0.00097352266,0.010110617,0.01113081,0.008719683,9.878134e-05,0.00011508064,0.00035797214,0.0009621243,0.0005895886,0.000790485,0.24844992,0.2444971,0.08431218,0.07484278,0.0013121243,0.00011242669,0.00046625632,0.00075099384,0.00047604996,0.00013129291,0.0001477624,0.00045973592,0.0013251064,0.0007326684,0.0011188826,0.25518757,0.41544864,0.12654944,0.111134015,0.0017702007,0.00018227396,0.0006820158,0.0010574937,0.00059903564,0.0003900826,0.0005019009,0.0010552853,0.005014062,0.002522111,0.0038536787,0.7116699,1.684475,0.3180542,0.36288452,0.00609684,0.0005533695,0.0024580956,0.0029568672,0.0015505552,0.0028646588,0.0033373386,0.010381192,0.027901605,0.01709807,0.022924066,7.2050476,7.090416,2.445053,2.1704407,0.038051605,0.003260374,0.013521433,0.021778822,0.013805449,0.04387559,0.13369176,1.684475,IDLE
0.25292188,0.17155404,0.24047591,0.14418072,0.52756226,0.48596278,87.914635,66.68487,176.88991,177.9505,1.4827883,0.471739,0.98427767,1.3865185,0.7688933,0.00036870458,0.0002886289,0.00057743944,0.0012817646,0.0014163518,0.0009863488,0.7458106,0.68232155,0.13399431,0.12777387,0.0026259276,0.0003965929,0.0012681666,0.0015322979,0.0011766149,0.25230852,0.17095596,0.23941319,0.14290956,0.5253336,0.4836126,87.23414,65.6423,176.59158,177.66927,1.4792408,0.47085834,0.9823185,1.383785,0.7669281,0.25349528,0.17211796,0.24177586,0.14796185,0.53154254,0.4877181,90.29845,67.621925,177.18263,178.17242,1.4885255,0.4724131,0.9861001,1.3893129,0.77088857,0.0011867583,0.0011620075,0.0023626685,0.0050522983,0.0062089562,0.0041055083,3.0643082,1.9796219,0.5910492,0.50315857,0.009284735,0.0015547574,0.003781557,0.005527854,0.00396049,0.00014001234,0.00013286184,0.0002711667,0.00046266717,0.00045097902,0.0003911483,0.16118044,0.14734598,0.07534316,0.05736989,0.00124644,0.0001445577,0.00038198766,0.00054025237,0.00025963166,0.0002321916,0.00018955948,0.0003635727,0.0006750133,0.00060594874,0.0006477103,0.22284369,0.23821874,0.090862855,0.08498998,0.0014827758,0.00021012427,0.0006359724,0.0007056831,0.00035093524,0.0007176697,0.00067438185,0.0008766353,0.0020539165,0.0017579794,0.0024287403,0.78842926,0.8674469,0.20617676,0.25741577,0.0030893087,0.00054606795,0.002141595,0.0016809702,0.00090128183,0.004060358,0.0038529932,0.0078638345,0.013417348,0.013078392,0.0113433,4.6742325,4.273033,2.1849518,1.6637268,0.03614676,0.0041921735,0.011077642,0.01566732,0.0075293183,0.029710744,0.08877588,0.8674469,IDLE
0.25198755,0.17109537,0.2376179,0.15007906,0.5387186,0.4829482,93.73653,67.28126,177.08691,178.24033,1.4783987,0.4708484,0.98126644,1.3831878,0.7752028,0.00035772708,0.00034066127,0.0005098606,0.0019224018,0.003151031,0.00061444694,1.4301733,0.22622292,0.13158906,0.13482969,0.0024171423,0.00054524955,0.00083608564,0.0013597436,0.001516377,0.25140673,0.17043015,0.23696901,0.1463381,0.530585,0.48190373,90.07394,66.52736,176.81657,177.95222,1.4733304,0.4699592,0.97959673,1.3800933,0.7709758,0.25259334,0.17170592,0.23895732,0.15324613,0.5426688,0.48407134,95.3722,67.74289,177.49106,178.53918,1.48211,0.47199294,0.9833268,1.3855231,0.7772012,0.0011866093,0.0012757629,0.0019883066,0.0069080293,0.012083828,0.0021676123,5.2982635,1.2155304,0.67448425,0.58695984,0.008779645,0.0020337403,0.0037300587,0.0054297447,0.0062253475,0.000117599964,0.00011233163,0.00022005213,0.0007984782,0.0010257219,0.00023659138,0.4323799,0.12084698,0.082717896,0.08041487,0.0010960266,0.00013793747,0.00036969472,0.00053746125,0.000438386,0.00015840732,0.00014585668,0.00027844674,0.0010443161,0.0014697058,0.0003097934,0.5695619,0.15265873,0.13189213,0.12554565,0.0015941896,0.00018677648,0.0005893591,0.00079425104,0.0006700595,0.0004799366,0.00039753318,0.000817135,0.0028539002,0.0051385164,0.0007685125,1.8563309,0.41812134,0.41845703,0.4316101,0.0038981438,0.00047802925,0.0016974211,0.0027526617,0.0021628141,0.003410399,0.0032576174,0.0063815117,0.023155868,0.029745936,0.0068611503,12.539017,3.5045624,2.398819,2.3320312,0.031784773,0.004000187,0.010721147,0.015586376,0.012713194,0.04809666,0.15917051,1.8563309,IDLE
0.25122046,0.1699504,0.23850156,0.1542749,0.54135185,0.47689933,94.96496,63.908527,176.92767,178.02568,1.4713683,0.46858978,0.9733878,1.3715641,0.7698907,0.0003170706,0.0002290473,0.0008347456,0.0012107659,0.001846922,0.0026427768,0.6900678,1.2942181,0.13373761,0.17569831,0.0049960725,0.00097114634,0.0037541247,0.004925759,0.0030842812,0.25064832,0.16924405,0.23687644,0.15223867,0.53709483,0.47396743,93.84853,62.699104,176.52545,177.69626,1.4644173,0.46724898,0.969485,1.3664671,0.766683,0.251874,0.17031172,0.2398753,0.15649529,0.5445403,0.48382863,96.14536,67.12381,177.16132,178.47832,1.4791776,0.47015175,0.98025393,1.3821614,0.77625024,0.0012256801,0.0010676682,0.0029988587,0.004256621,0.0074454546,0.009861201,2.2968292,4.4247055,0.63586426,0.7820587,0.014760256,0.002902776,0.01076895,0.01569426,0.009567261,0.00014759241,9.541779e-05,0.00023181274,0.00059849845,0.00062046177,0.00052827183,0.17994164,0.22690688,0.06400694,0.06610002,0.0013252703,0.00014796545,0.00050586666,0.00092173443,0.00042205842,0.00019015599,0.00012723562,0.00033054754,0.00073801994,0.0008327039,0.0007446036,0.2391476,0.31077552,0.09763911,0.09702861,0.0019806444,0.00021513065,0.0007501018,0.0015957456,0.0005059312,0.00048801303,0.00037832558,0.00087954104,0.0017114729,0.0023231506,0.0030083358,0.733078,1.1610641,0.32022095,0.27194214,0.0058306456,0.0007683933,0.0029110909,0.006042123,0.0015151501,0.0042801797,0.0027671158,0.0067225695,0.017356455,0.01799339,0.015319884,5.2183075,6.5802994,1.8562012,1.9169006,0.038432837,0.004290998,0.014670134,0.026730299,0.012239695,0.036166694,0.10665555,1.1610641,IDLE
0.2519746,0.16931334,0.24043415,0.14954738,0.54020756,0.4784501,94.5808,65.02744,176.72797,178.0289,1.4700862,0.46805784,0.9698423,1.3689094,0.76788306,0.00042178336,0.00011071386,0.0005509876,0.0033641288,0.0012682974,0.0011746014,0.34095305,0.7317107,0.104027726,0.1329346,0.004763238,0.0004384659,0.0019635567,0.0031102127,0.00051868526,0.2512791,0.16915543,0.23946224,0.14447777,0.53809047,0.47539747,94.017395,63.294388,176.56227,177.69453,1.4604394,0.46736902,0.96588707,1.3613713,0.76627916,0.25264868,0.1696191,0.24139556,0.15719992,0.5420816,0.4797418,95.21197,66.022285,177.03743,178.26685,1.4778732,0.4686274,0.97260857,1.3743213,0.7688412,0.0013695955,0.00046366453,0.0019333214,0.0127221495,0.003991127,0.004344344,1.1945724,2.7278976,0.4751587,0.5723114,0.017433763,0.0012583733,0.0067214966,0.012950063,0.002562046,0.00017742145,9.916414e-05,0.00022373426,0.0014111775,0.0006379958,0.00049099943,0.2517303,0.22281042,0.069853686,0.07194729,0.0015220148,9.445898e-05,0.00056975876,0.0009693195,0.000292295,0.0002357657,0.00013375124,0.00028410886,0.002096224,0.00085411995,0.000636015,0.3409933,0.30336586,0.09817413,0.097976096,0.0021119528,0.00012906676,0.0007812435,0.0014245536,0.00034867323,0.0008056164,0.0003901273,0.0006984472,0.0059099346,0.0023272634,0.0013675392,0.718132,0.8725052,0.28579712,0.266922,0.006119609,0.00028538704,0.0020359159,0.003386736,0.0005963445,0.005145222,0.0028757602,0.0064882934,0.040924147,0.018501878,0.014238983,7.3001785,6.461502,2.0257568,2.0864716,0.04413843,0.0027393103,0.016523004,0.028110266,0.008476555,0.041522004,0.11657859,0.8725052,IDLE
0.2381277,0.12936406,0.19904992,0.29019833,0.78644377,0.6341302,171.23105,166.87592,175.803,174.62605,1.3334879,0.25181657,0.7023016,1.0823135,0.8038047,0.059986997,0.03701098,0.075946964,0.10620462,0.083618626,0.15290007,5.6839204,26.941822,4.2154202,6.075589,0.36942297,0.07605029,0.242096,0.32670513,0.11402174,0.07182033,0.034489054,0.070425235,0.04773791,0.64881045,0.34364286,160.26707,32.270657,163.44687,163.34999,0.758716,0.17112106,0.3284279,0.59896255,0.569173,0.28280726,0.15994878,0.30670023,0.44414517,0.90380627,0.83131874,179.7747,179.90022,179.93083,179.61838,1.7189151,0.40251988,0.941895,1.4043453,0.93985367,0.21098693,0.12545973,0.23627499,0.39640725,0.25499582,0.48767588,19.50763,147.62956,16.483963,16.268387,0.9601991,0.23139882,0.6134671,0.8053827,0.3706807,0.018984832,0.009670198,0.011490209,0.045723915,0.030435303,0.06684743,2.5685077,14.949764,1.8932179,1.0759203,0.041897096,0.009856453,0.023410147,0.031031942,0.04221082,0.035034813,0.016327025,0.015706105,0.07197877,0.04032752,0.0982682,3.585735,37.34243,3.1188323,2.5918188,0.049591657,0.009295027,0.030970369,0.039518226,0.059889853,0.10817267,0.04968727,0.05620327,0.24017334,0.10447991,0.28574795,9.619324,140.1606,11.568878,12.840515,0.14659488,0.03128463,0.120079756,0.16316271,0.1722492,0.5505601,0.28043574,0.33321607,1.3259935,0.8826238,1.9385755,74.486725,433.54315,54.90332,31.20169,1.2150158,0.28583714,0.6788943,0.8999263,1.2241138,1.3879313,9.645681,140.1606,MOVING
0.25935727,0.16133584,0.25635082,0.44832858,0.77865493,0.7904228,176.1677,177.81877,178.37935,179.47878,1.4795789,0.45504802,0.9485036,1.3561283,0.9856085,0.0032459823,0.0014164291,0.0060367924,0.030807424,0.014580889,0.012100146,1.2306992,1.3496522,0.42521128,0.32530507,0.036898836,0.015541744,0.0042528627,0.011437003,0.011300387,0.25562742,0.15888293,0.25065216,0.3703828,0.7589289,0.7652629,173.90982,174.26996,177.60449,178.81187,1.443973,0.41065592,0.9395315,1.3393955,0.9526953,0.26898533,0.1658411,0.27948534,0.4776635,0.82220316,0.825726,178.71503,179.61903,179.48573,179.98671,1.593917,0.46964455,0.9549668,1.3793894,0.99702203,0.0133579075,0.0069581717,0.02883318,0.1072807,0.063274264,0.06046307,4.8052063,5.3490753,1.8812408,1.1748352,0.14994407,0.05898863,0.015435278,0.039993882,0.044326723,0.0007763505,0.000722304,0.0018134796,0.0040130913,0.0044521955,0.006374939,0.2866048,0.5848878,0.28844005,0.18767732,0.007697915,0.0029408706,0.0009061941,0.0028539032,0.004195692,0.0009618663,0.0010304158,0.0028155376,0.0056730853,0.005370503,0.0097482195,0.34166875,0.8136213,0.37093273,0.254612,0.009722919,0.004053123,0.00137215,0.0043324535,0.0062132706,0.0022052824,0.0031720847,0.01120773,0.019710928,0.013379931,0.02441293,0.8017731,1.9620667,0.8522644,0.8316345,0.027356744,0.012119383,0.0038508773,0.016153812,0.014647603,0.022514164,0.020946816,0.052590907,0.11637965,0.12911367,0.18487322,8.311539,16.961746,8.364761,5.442642,0.22323954,0.08528525,0.026279628,0.082763195,0.121675074,0.09229045,0.24214157,1.9620667,MOVING
0.2915815,0.18429977,0.28464144,0.5265251,0.86667275,0.85386103,179.11913,175.35336,179.33525,179.042,1.6604601,0.35373273,0.92300314,1.3730044,0.9284084,0.019266007,0.011525877,0.0097808475,0.033069476,0.04528355,0.031604066,0.74262726,1.6461697,0.59710777,0.41625482,0.08909203,0.047142576,0.010760285,0.02017442,0.02292597,0.26482138,0.16354674,0.2640612,0.4795174,0.7894834,0.80011684,177.44241,172.59598,177.48532,178.05904,1.4990077,0.26756614,0.89015687,1.3480971,0.90807307,0.33236295,0.2052036,0.29899353,0.5730753,0.94521177,0.91955787,179.98862,178.78842,179.9887,179.89842,1.8011476,0.44144884,0.9464509,1.4082597,0.98613614,0.06754157,0.04165685,0.034932315,0.093557894,0.15572834,0.11944103,2.5462036,6.192444,2.5033722,1.839386,0.30213988,0.1738827,0.056294024,0.060162663,0.07806307,0.002744793,0.0025105698,0.003903911,0.0043626684,0.0065777837,0.010861142,0.52771467,0.7178271,0.32050875,0.23941146,0.011165479,0.005995955,0.002396672,0.0037259643,0.0049078525,0.002784668,0.0030563152,0.0050779167,0.005480204,0.006439328,0.013929672,0.6844489,0.9475888,0.42460287,0.34721932,0.009162245,0.0033595962,0.0040840553,0.007094076,0.0059919264,0.008710712,0.008464664,0.014066458,0.018369734,0.017825186,0.028708339,1.690094,2.3889618,1.1471405,1.093811,0.030658841,0.011891872,0.020601809,0.029098034,0.017099798,0.07959899,0.07280652,0.11321342,0.12651739,0.19075572,0.31497312,15.303726,20.816986,9.294754,6.942932,0.3237989,0.1738827,0.069503486,0.10805297,0.14232773,0.124307655,0.31042045,2.3889618,MOVING
0.29235744,0.19244657,0.2712697,0.8678921,0.8008543,0.7722071,149.59213,145.38698,177.91135,178.75175,1.7888907,0.23976822,0.88697743,1.3362691,0.6436628,0.066085726,0.0354696,0.01597292,0.19325241,0.12597546,0.12730208,23.90253,25.035305,1.2791709,1.0836596,0.07800629,0.02324116,0.020532992,0.050793283,0.19693936,0.0041822754,0.025336294,0.23905724,0.19162409,0.6356142,0.62253195,111.12016,105.79716,174.13672,176.0674,1.4776971,0.20860897,0.85701454,1.1737268,0.3891126,0.344272,0.21322879,0.29843393,1.0620611,0.9822523,1.0041825,179.84544,179.98848,179.87238,179.79991,1.8619927,0.2972713,0.9426953,1.4064558,0.91671205,0.3400897,0.1878925,0.059376687,0.87043697,0.34663808,0.3816505,68.72528,74.19132,5.7356567,3.7325134,0.38429558,0.08866234,0.08568078,0.23272896,0.52759945,0.02361435,0.016077323,0.007835424,0.06842707,0.023581283,0.029161334,6.408759,5.800604,0.5425247,0.6938182,0.03371829,0.0051137004,0.0055966605,0.018600862,0.031428114,0.07048218,0.038856648,0.013040598,0.15523137,0.03197749,0.04077729,9.046206,8.193242,0.960498,1.127483,0.076459646,0.006437761,0.0072352993,0.035365295,0.047952928,0.3400897,0.17486279,0.05573429,0.571992,0.09249663,0.10979587,21.163834,21.841995,3.9612122,3.5389557,0.32489312,0.015915424,0.020802677,0.15586567,0.11425644,0.6848162,0.46624234,0.22722727,1.984385,0.6838572,0.8456787,185.85402,168.21751,15.733215,20.120728,0.9778304,0.14829731,0.16230315,0.539425,0.91141534,0.91392404,3.052504,21.841995,MOVING
0.2734122,0.17660488,0.27394712,0.46504396,0.76452297,0.7824221,158.20766,162.07574,178.6249,179.12587,1.5968643,0.4205043,0.961467,1.3910906,0.9182049,0.019431842,0.014051189,0.020049823,0.17063436,0.14581785,0.121558465,37.572666,29.899807,1.0470359,0.7904353,0.14198029,0.048537984,0.009742104,0.044541143,0.09329584,0.24596258,0.15291642,0.24675281,0.11827033,0.33673605,0.45386782,46.05781,67.63786,176.57123,177.32469,1.407386,0.30438453,0.93207395,1.3101705,0.6432351,0.3113313,0.20571648,0.31258023,0.8509108,0.9152139,0.9552339,179.90689,179.92415,179.97035,179.96777,1.8414255,0.4639402,0.97307587,1.4655261,0.9936708,0.06536873,0.05280006,0.065827414,0.73264045,0.57847786,0.501366,133.84908,112.286285,3.3991241,2.6430817,0.4340396,0.15955567,0.041001916,0.15535557,0.35043573,0.0023569716,0.0022088727,0.003908764,0.03507566,0.025919802,0.02409418,5.640893,5.5196476,0.42052433,0.33898136,0.017140692,0.0055601043,0.004032914,0.008760773,0.021956528,0.0031637812,0.0034070495,0.005265797,0.045407113,0.037731364,0.03311847,10.678015,10.338703,0.5952782,0.49632576,0.018077893,0.006081315,0.0061474526,0.012496078,0.03796149,0.013418704,0.0150259435,0.01471132,0.12900102,0.11602068,0.11435211,41.465668,45.597992,2.0400238,1.4474182,0.047742367,0.022654891,0.015616477,0.032317877,0.108890176,0.06835218,0.064057305,0.11335416,1.0171942,0.7516743,0.6987312,163.58589,160.06978,12.195206,9.83046,0.4970801,0.16124302,0.116954505,0.2540624,0.6367393,0.80473745,3.9797435,45.597992,MOVING
0.2377747,0.16596718,0.2305651,0.26701578,0.3289585,0.32521543,58.14582,45.094368,177.53061,178.45627,1.4175335,0.44131038,0.9483421,1.3132994,0.5388699,0.008143132,0.002208365,0.019979555,0.15208705,0.19864263,0.12984069,66.00041,52.009888,0.6672437,0.65010124,0.01759132,0.014532469,0.011197835,0.012132772,0.14657359,0.22064179,0.16070569,0.19532412,0.0482407,0.11978552,0.15999116,0.29901522,2.348397,175.7931,177.19815,1.3869891,0.41221362,0.92752004,1.2912229,0.35644117,0.2456779,0.16924012,0.2567441,0.47197703,0.63652235,0.517062,178.71648,150.23355,178.60866,179.31778,1.4449098,0.4633969,0.964111,1.3411473,0.7606249,0.025036111,0.008534431,0.061419964,0.42373633,0.51673687,0.35707086,178.41747,147.88515,2.8155518,2.119629,0.057920694,0.051183283,0.036590934,0.049924374,0.40418372,0.0018648012,0.0011146526,0.0039674286,0.02016415,0.030084368,0.02765022,11.394737,12.76061,0.25097498,0.21532625,0.004818826,0.0038027342,0.0025404156,0.004122541,0.028735956,0.002855049,0.0014761265,0.0050569307,0.027897589,0.051930405,0.041948043,31.86988,29.68061,0.34115967,0.2895956,0.006260194,0.00512244,0.003941117,0.006470243,0.04566306,0.008705705,0.0033985525,0.013043717,0.07798108,0.16772854,0.1276378,154.27571,135.95839,1.0806732,0.5890808,0.014061451,0.012815952,0.012354672,0.021056175,0.14765525,0.054079235,0.032324925,0.11505543,0.58476037,0.87244666,0.8018564,330.4474,370.05768,7.2782745,6.244461,0.13974595,0.11027929,0.073672056,0.119553685,0.83334273,1.6500345,11.13636,154.27571,MOVING
0.22517268,0.16279478,0.22275063,0.23419853,0.14197154,0.1457116,57.34463,58.424442,176.65974,177.56133,1.4363818,0.44358185,0.9614881,1.3366898,0.27231762,0.009560065,0.0033029688,0.016206428,0.09149496,0.1073317,0.07233952,16.53161,25.823586,0.5832009,1.3036971,0.04355117,0.003351912,0.015341458,0.027660606,0.10204701,0.21839389,0.1583159,0.19927725,0.15399085,0.07317401,0.09062424,26.301872,9.218454,175.61879,175.67152,1.3774248,0.43584526,0.94364864,1.3002051,0.2120808,0.24753344,0.16778435,0.25586662,0.43667427,0.46737155,0.4138171,76.0174,88.1974,177.45052,179.9009,1.5169618,0.4479993,0.985613,1.3863127,0.61164796,0.029139549,0.009468451,0.056589365,0.28268343,0.39419755,0.32319286,49.71553,78.97895,1.8317261,4.22937,0.13953698,0.012154043,0.041964352,0.08610761,0.39956716,0.0012103253,0.00065288716,0.0033216903,0.013576022,0.014563282,0.014747392,3.505733,4.082454,0.19158672,0.33178607,0.0088285785,0.00057387765,0.0021323664,0.005106404,0.015204011,0.0020127022,0.00093207613,0.003930616,0.019192247,0.026783794,0.025470588,5.9305573,5.8084354,0.30125588,0.5623548,0.010892251,0.00060276734,0.0029655502,0.0063162697,0.029990755,0.009108409,0.0026534349,0.008114591,0.06688374,0.10660285,0.0968796,20.588463,15.678505,1.1670837,2.535553,0.032762647,0.0016469359,0.00750196,0.019061685,0.11323196,0.035099432,0.018933728,0.09632902,0.39370465,0.42233518,0.42767438,101.66626,118.39117,5.556015,9.621796,0.25602877,0.016642451,0.061838627,0.14808571,0.44091633,0.5460985,2.126028,20.588463,MOVING
0.23187265,0.16959864,0.2321746,0.17904225,0.17309265,0.19023919,22.710835,25.914547,178.11235,179.0904,1.4463664,0.44057652,0.95217633,1.3303306,0.3870645,0.012687778,0.0038746737,0.006892056,0.03318177,0.07292012,0.054709233,13.961748,20.226116,0.38904202,0.58603567,0.042108715,0.006529872,0.020272017,0.028319517,0.087547526,0.2203825,0.16449314,0.22153723,0.12639965,0.083109714,0.13087882,2.0604727,0.21673065,177.47314,178.14168,1.3818984,0.4325564,0.92292356,1.2901263,0.26121283,0.2556248,0.17634112,0.24930418,0.24898118,0.35339484,0.36185467,45.294235,65.518745,178.6475,179.98817,1.5146037,0.45447063,0.98183453,1.3735385,0.59250474,0.035242304,0.011847973,0.027766943,0.12258153,0.27028513,0.23097585,43.23376,65.30202,1.1743622,1.8464966,0.13270533,0.021914244,0.058910966,0.08341217,0.3312919,0.0014076284,0.0004452467,0.001890961,0.010854413,0.010574643,0.012351983,2.6488764,4.6513824,0.15614529,0.16824657,0.007163837,0.0011378342,0.0035414943,0.004826036,0.01175879,0.0018394147,0.00044619062,0.0021939615,0.0153160645,0.011278785,0.015361477,3.8691952,6.2660093,0.24110222,0.25785667,0.009131773,0.0013345486,0.0050378432,0.0069752233,0.010970396,0.0071431547,0.0012297034,0.004668087,0.048893094,0.035542786,0.048734188,13.92674,15.782589,0.9598236,0.82196045,0.020938277,0.0034818351,0.014290333,0.02044487,0.039757162,0.040821224,0.012912154,0.054837868,0.31477797,0.30666465,0.35820752,76.81741,134.89009,4.5282135,4.8791504,0.20775127,0.03299719,0.10270333,0.13995504,0.3410049,0.5127069,1.8529643,15.782589,MOVING
0.25936085,0.18006524,0.25872073,0.15705226,0.43949845,0.44685766,40.455116,48.65893,178.05284,177.85123,1.4932404,0.44720337,0.9614163,1.3605198,0.65985394,0.0022006165,0.0031935,0.00465381,0.034107585,0.027215602,0.051253136,17.22141,14.52464,0.3865469,0.32761526,0.014085515,0.011312324,0.0030675665,0.0063226055,0.047802232,0.25603685,0.1755394,0.2522556,0.10562945,0.3607895,0.35662296,13.034893,24.630741,177.6121,177.28636,1.4571745,0.41588432,0.9537977,1.3431323,0.57354164,0.2640364,0.18537563,0.26806718,0.21372779,0.47249728,0.5076416,59.113228,66.04031,178.73546,178.49939,1.5227791,0.4579149,0.9657352,1.36728,0.7124399,0.007999539,0.009836227,0.015811592,0.108098336,0.11170778,0.15101865,46.078335,41.409573,1.123352,1.213028,0.06560457,0.042030573,0.011937499,0.024147749,0.13889825,0.0010280301,0.000610091,0.00127326,0.004885814,0.006785076,0.009773622,2.8947477,2.5658832,0.111580685,0.164515,0.0031180177,0.0015715505,0.0005746833,0.0016082566,0.008661427,0.0012765493,0.00080223184,0.0016143342,0.006087403,0.011042809,0.013665878,3.9556305,3.6559417,0.125302,0.21265753,0.0032066365,0.001775066,0.00081765855,0.0027656613,0.012679892,0.0032340586,0.0027602613,0.0035924315,0.019659683,0.043355405,0.0389556,10.183153,10.332645,0.23382568,0.68995667,0.009581804,0.005850613,0.003327489,0.008832097,0.043519616,0.029812872,0.01769264,0.03692454,0.14168862,0.19676721,0.28343505,83.947685,74.410614,3.2358398,4.770935,0.09042251,0.045574963,0.016665816,0.046639442,0.25118136,0.3851078,1.3436539,10.332645,MOVING
0.30174163,0.2097953,0.27779362,0.17251284,0.3943667,0.40219828,26.476519,24.711628,177.71971,178.52971,1.6944537,0.32652047,0.9382914,1.3795611,0.4821073,0.017850704,0.013958468,0.010020308,0.03143062,0.027772227,0.020090923,3.7988367,1.9910729,0.3191219,0.50973064,0.10187409,0.05188774,0.009647683,0.02828973,0.054615375,0.26621267,0.18633111,0.25971165,0.1264264,0.3520304,0.3605738,19.487345,21.160303,176.93039,177.71655,1.5303648,0.2526821,0.9189589,1.3516347,0.4167928,0.320487,0.23274001,0.291859,0.21930748,0.44374233,0.4410193,33.955738,28.67374,178.10892,179.41582,1.8535802,0.41306192,0.9549061,1.4278355,0.5696509,0.05427432,0.046408907,0.032147348,0.09288108,0.09171194,0.0804455,14.468393,7.5134373,1.1785278,1.6992645,0.32321548,0.16037983,0.035947204,0.07620072,0.15285808,0.0028486499,0.0021167875,0.0048862305,0.0062977034,0.007300416,0.007627815,0.85459435,0.77465385,0.2054275,0.24697298,0.011867092,0.0055303387,0.001521836,0.0030540433,0.005850619,0.003210617,0.0020133934,0.0067382935,0.008569096,0.008444636,0.009872043,1.0648433,1.0128733,0.28585154,0.3206312,0.008915814,0.0031807078,0.001865234,0.0034029183,0.005210251,0.008467436,0.0050454885,0.019328117,0.022121906,0.017646223,0.021571696,2.9427013,2.504095,0.8390198,0.698761,0.028211117,0.01170522,0.006550312,0.010045886,0.016973495,0.082610846,0.06138684,0.14170069,0.1826334,0.21171206,0.22120664,24.783236,22.464962,5.9573975,7.162216,0.34414566,0.16037983,0.044133246,0.08856726,0.16966796,0.14270334,0.38965482,2.9427013,MOVING
0.28406587,0.19248627,0.27082053,0.37226,0.63107187,0.6961907,97.73377,92.34324,177.24171,177.65474,1.7992963,0.2665155,0.91224957,1.3772582,0.67496485,0.06775464,0.053716943,0.019963508,0.20618698,0.2703987,0.290074,63.729618,79.68232,1.5505805,2.5197153,0.030291116,0.013310059,0.013426782,0.05453227,0.2641467,0.03571684,0.0502461,0.22929999,0.111539416,0.29066935,0.34463766,29.355766,5.0647025,172.5267,171.14467,1.7441478,0.24828926,0.8963793,1.2846766,0.37941557,0.33059597,0.23815386,0.29888448,0.6977481,0.95376223,1.059275,172.76411,179.14995,179.23064,179.81374,1.8498518,0.2915622,0.95446014,1.4989686,0.9822135,0.29487914,0.18790776,0.06958449,0.5862087,0.66309285,0.7146374,143.40836,174.08525,6.7039337,8.669067,0.10570407,0.043272942,0.058080852,0.21429205,0.6027979,0.03265386,0.018931838,0.014277226,0.07823009,0.031039549,0.03612009,6.314548,7.336641,1.0249276,1.3089236,0.017236624,0.0021393916,0.0052849753,0.01722578,0.028335854,0.07307375,0.038882803,0.020981241,0.15091398,0.04658074,0.06102975,14.923948,22.662273,1.5444645,2.2530634,0.021823553,0.0025356514,0.010327177,0.03167515,0.052223753,0.2734111,0.1636942,0.06715281,0.515449,0.20034787,0.259288,76.4855,121.740135,5.7466583,8.105698,0.047536016,0.0078315735,0.043335974,0.12862802,0.2074027,0.94696194,0.5490233,0.41403955,2.2686727,0.9001469,1.0474826,183.12189,212.76259,29.7229,37.958786,0.49986207,0.062042356,0.15326428,0.4995476,0.8217398,1.0844345,7.184884,121.740135,MOVING
0.23914497,0.15371054,0.24891776,0.3457648,0.7776931,0.80489,173.21463,160.15315,172.48058,174.82304,1.6267356,0.36899716,0.9255382,1.3674245,0.9482562,0.021627383,0.02261455,0.028959826,0.12575047,0.073057234,0.118672565,3.7895749,10.211431,3.1862376,3.271175,0.12898342,0.048553597,0.012640176,0.036414623,0.014847004,0.21184908,0.12523878,0.2110916,0.2097211,0.6657289,0.6933049,166.62463,143.87595,162.42108,165.38931,1.4378823,0.29378593,0.9028795,1.2527224,0.92048943,0.27552843,0.19303803,0.30080846,0.62891686,0.9144671,1.0361581,179.94304,175.16422,176.2588,178.53265,1.8216797,0.44990253,0.95666015,1.4382572,0.9753284,0.06367935,0.067799255,0.08971687,0.41919577,0.24873817,0.3428532,13.318405,31.288269,13.837723,13.143341,0.3837974,0.1561166,0.053780675,0.18553483,0.054838955,0.003840154,0.003950953,0.005086851,0.02111139,0.011091169,0.017106855,1.6818953,2.2927582,1.6574144,1.8196884,0.017908795,0.0054280655,0.006625465,0.018266222,0.007540565,0.004760728,0.0048244614,0.005584555,0.02767364,0.010382936,0.023090634,2.3790314,3.3780057,2.5985453,2.7347383,0.020038024,0.0040175985,0.010641263,0.030353215,0.010700414,0.013637036,0.011230588,0.011284083,0.07799584,0.026784956,0.0827291,7.297165,13.01622,6.752655,7.8486176,0.06216967,0.015208393,0.028493762,0.10348332,0.031816483,0.11136447,0.114577636,0.14751868,0.6122303,0.3216439,0.49609882,48.774963,66.48999,48.065018,52.770966,0.51935506,0.1574139,0.1921385,0.5297204,0.21867639,0.5046475,1.3556521,13.01622,MOVING
0.2465014,0.15795492,0.24730311,0.43959525,0.75139874,0.79098856,175.66626,175.00728,178.2202,179.4662,1.4580255,0.47110146,0.96627074,1.3689969,0.9996432,0.009546073,0.0072349953,0.0072947587,0.047671076,0.021244533,0.01891614,1.4663664,3.6565404,0.95510393,0.4785378,0.02117105,0.009983262,0.0039419155,0.01154715,0.0069362856,0.2241758,0.13410504,0.2319567,0.31352234,0.7048595,0.76064694,172.95549,168.6613,175.01086,178.09358,1.4379684,0.44649392,0.9601759,1.3475361,0.98387873,0.25398266,0.16857904,0.25840697,0.48304573,0.7731045,0.83324885,178.88065,179.74707,179.80624,179.95651,1.5154645,0.48296878,0.97212386,1.383218,1.0098205,0.029806867,0.034474,0.026450261,0.16952339,0.06824499,0.072601914,5.9251556,11.08577,4.7953796,1.8629303,0.07749617,0.036474854,0.011947989,0.035681963,0.02594173,0.0013905389,0.0014185541,0.0014571275,0.0067170714,0.0037844735,0.0061264285,0.5587084,0.4716313,0.3946912,0.24782167,0.0040313373,0.0022421007,0.0010569794,0.0027524768,0.003029289,0.0015146192,0.0018771458,0.0015655212,0.0078383135,0.0039392165,0.006949545,0.82308453,0.65358716,0.5987154,0.34769848,0.00491021,0.0028897135,0.0015970231,0.004836895,0.003959948,0.0045746863,0.0076235235,0.0042357445,0.023672104,0.011199474,0.0141662955,2.926178,2.4107666,2.1025238,1.3282928,0.011683583,0.007390678,0.003990233,0.018376589,0.008926153,0.040325627,0.041138068,0.042256698,0.19479507,0.109749734,0.17766643,16.202545,13.677307,11.446045,7.1868286,0.11690879,0.06502092,0.030652404,0.079821825,0.08784938,0.113790594,0.31935978,2.926178,MOVING
0.25040722,0.1597543,0.26645336,0.41179535,0.78411853,0.84442866,170.32687,165.72089,175.52193,177.36958,1.5929078,0.37580243,0.92677265,1.353908,0.9345534,0.0077059045,0.010689666,0.0068157217,0.051645447,0.017902983,0.037343983,2.6788812,7.584033,1.5275747,1.2487634,0.046017453,0.0375064,0.022267194,0.020030387,0.03365438,0.23951523,0.14096448,0.2550404,0.32836655,0.75248617,0.80118465,164.90334,154.0777,173.39441,175.65572,1.5135652,0.33316875,0.9004446,1.3213518,0.90065765,0.2723152,0.17512812,0.28225636,0.48708132,0.8168837,0.9350004,175.23618,179.16934,178.21951,179.9923,1.6949664,0.44315642,0.9606269,1.3809114,0.9932649,0.032799974,0.03416364,0.027215958,0.15871477,0.064397514,0.13381577,10.33284,25.091644,4.8251038,4.3365784,0.18140125,0.109987676,0.060182273,0.059559584,0.09260726,0.0028973848,0.0036206245,0.0026621355,0.014808251,0.0073683243,0.009096454,1.6781653,1.9024264,0.48240557,0.55153733,0.009507031,0.0038741312,0.0028339275,0.0062759416,0.0062289503,0.0033438366,0.0043959613,0.0030758632,0.017951906,0.009324087,0.014758385,2.061493,2.573417,0.5475142,0.7249132,0.010465846,0.0028431981,0.003730772,0.00815565,0.0098779425,0.0069696903,0.00874348,0.00838986,0.041943908,0.026134849,0.058922768,6.0000763,6.693268,1.3149719,2.125824,0.028011203,0.0093045235,0.010402322,0.019224882,0.04321754,0.08402416,0.10499811,0.07720193,0.42943928,0.2136814,0.26379716,48.666794,55.170364,13.989761,15.994583,0.2757039,0.11234981,0.0821839,0.1820023,0.18063956,0.31224716,0.8286167,6.693268,MOVING
0.2794984,0.1804805,0.27904972,0.5227791,0.8344582,0.8733318,178.35402,178.06107,179.01634,177.88452,1.662453,0.37364778,0.9364633,1.4012631,0.9449267,0.011296491,0.010405835,0.01392468,0.044294782,0.028332964,0.053463038,1.168775,1.6771191,0.6120841,0.9757124,0.07767146,0.036178682,0.0111909965,0.023647904,0.015075778,0.2598964,0.16115637,0.25093535,0.4546235,0.782519,0.7898979,175.661,173.33142,177.14194,175.90428,1.5074865,0.33256412,0.91356564,1.3642893,0.9218503,0.29930755,0.19643092,0.29428652,0.5985537,0.87961125,0.93441886,179.92697,179.8976,179.878,179.75984,1.7434525,0.43997645,0.9484967,1.4380131,0.98171586,0.039411157,0.03527455,0.043351173,0.14393023,0.09709227,0.14452094,4.265976,6.5661774,2.7360687,3.8555603,0.23596609,0.10741234,0.034931064,0.07372379,0.059865534,0.002244077,0.0027366271,0.0022835527,0.009690451,0.006445626,0.0066130613,1.1965417,0.7086171,0.43698278,0.6103226,0.010016384,0.0037177955,0.0019508189,0.0052567925,0.004420677,0.002584511,0.0031274264,0.0029333679,0.012752726,0.008108251,0.0070303823,1.3256407,0.84147596,0.55907196,0.71052843,0.011283967,0.003488805,0.0027078278,0.0070535126,0.005492319,0.005037099,0.0064106435,0.0101418495,0.03161052,0.019408882,0.016641676,2.5240784,1.7553558,1.4659119,1.4819336,0.033983827,0.01259315,0.007878661,0.01744318,0.013174593,0.06507823,0.079362184,0.066223025,0.2810231,0.18692315,0.19177878,34.699707,20.549896,12.672501,17.699356,0.29047513,0.10781607,0.05657375,0.15244699,0.12819964,0.20052266,0.42669415,2.5240784,MOVING
0.25034732,0.15809566,0.24774949,0.4221779,0.7539347,0.76344687,178.88454,179.16904,178.77905,179.5554,1.4382383,0.47049543,0.945067,1.3435401,0.9856626,0.005813603,0.002591689,0.0039245696,0.020800931,0.014590401,0.032863498,0.5695559,0.5301857,0.74399155,0.2337308,0.030678699,0.010904351,0.0023357815,0.010790035,0.008516713,0.24127103,0.15165158,0.24176586,0.3913555,0.72269243,0.72269857,177.73917,177.93059,177.11536,179.17381,1.3875005,0.44422632,0.93931437,1.323725,0.97168434,0.26123863,0.16201311,0.25488222,0.45971438,0.7859377,0.8135756,179.88187,179.97017,179.99559,179.99878,1.5006708,0.48005915,0.948362,1.3619021,1.0015695,0.0199676,0.010361537,0.01311636,0.06835887,0.0632453,0.090877056,2.1427002,2.0395813,2.8802338,0.82496643,0.113170266,0.035832822,0.009047627,0.038177133,0.029885173,0.00091954606,0.0008383049,0.0009899643,0.0031698048,0.0034295279,0.0065286774,0.31632522,0.46064863,0.31610477,0.17328933,0.0040710797,0.0012698214,0.0006078769,0.0025358077,0.0038228508,0.0009900032,0.0010348606,0.001346372,0.0031847158,0.0043140384,0.009325412,0.42428097,0.5688874,0.42393094,0.21301217,0.0045967875,0.0012219198,0.0009878536,0.0040539177,0.0050489055,0.0024472177,0.0023180842,0.004055023,0.009103924,0.01543963,0.031412482,1.0962677,1.2289886,1.0802765,0.4600067,0.020115376,0.0039765835,0.0033215284,0.0151366,0.0149194,0.026666835,0.024310842,0.028708965,0.09192434,0.09945631,0.18933165,9.173431,13.35881,9.167038,5.0253906,0.118061304,0.036824822,0.017628431,0.07353842,0.11086267,0.08630341,0.20368548,1.2289886,MOVING
0.2510681,0.16153128,0.24977215,0.41595158,0.7500752,0.7678223,175.90425,177.11009,179.45863,179.25224,1.453429,0.4551864,0.94242835,1.34003,0.96977997,0.0061897873,0.0054795863,0.008490095,0.015760396,0.015351142,0.019572498,1.7619432,2.0028727,0.24275343,0.75166476,0.059972905,0.02961976,0.005323809,0.01005677,0.023526443,0.24348046,0.15452275,0.24161182,0.39076737,0.71869904,0.7520992,171.90277,173.18433,178.97887,177.16203,1.3898522,0.3811624,0.9244188,1.3245093,0.9094351,0.26752996,0.17412353,0.27073807,0.45046255,0.77859306,0.8176297,177.95694,179.88457,179.98012,179.99377,1.5689007,0.47949553,0.94760644,1.3592825,0.9962908,0.024049506,0.019600779,0.029126242,0.059695184,0.059894025,0.06553048,6.0541687,6.700241,1.0012512,2.8317413,0.17904854,0.09833312,0.023187637,0.03477323,0.08685571,0.0013012881,0.0011075591,0.0017862218,0.00382549,0.0051548625,0.0046844236,0.6591181,0.76227546,0.18593045,0.3217521,0.006404153,0.0034410707,0.0013174209,0.0030852475,0.004179533,0.0018310642,0.0013178127,0.002488131,0.004816679,0.0063873986,0.0067125927,0.92206013,1.0592192,0.22146618,0.42667273,0.0065994957,0.0038533215,0.0018074175,0.0049787858,0.0055026277,0.006324142,0.004082799,0.0071418285,0.012417048,0.020528376,0.016636968,2.4998932,3.3014069,0.4745636,0.9085083,0.023586154,0.01674974,0.0045051575,0.018790245,0.022470951,0.037737355,0.032119215,0.05180043,0.110939205,0.14949101,0.13584828,19.114426,22.105988,5.391983,9.330811,0.18572044,0.09979105,0.038205206,0.089472175,0.12120646,0.13102423,0.36325496,3.3014069,MOVING
0.30232683,0.19404365,0.284732,0.59457046,0.8804044,0.7834169,174.38394,141.027,179.2297,179.05225,1.7377068,0.32896906,0.92825645,1.3944573,0.8702055,0.018428337,0.014945115,0.008847158,0.1067033,0.05478514,0.18411763,4.9951944,59.643806,0.46376473,0.5851579,0.08307202,0.038979948,0.019422084,0.023152038,0.11373209,0.26503968,0.17704281,0.26185906,0.43516344,0.77421796,0.3807338,165.52309,12.15768,178.34117,178.03908,1.5678076,0.23829646,0.8725658,1.342637,0.5869458,0.33612916,0.22756098,0.30172053,0.8084015,0.9525492,0.93226165,179.83826,179.59622,179.97783,179.99747,1.8469168,0.3785136,0.9467242,1.4321821,0.952749,0.07108948,0.05051817,0.03986147,0.3732381,0.17833126,0.55152786,14.31517,167.43854,1.6366577,1.9583893,0.27910924,0.14021714,0.07415837,0.08954513,0.36580324,0.003223369,0.0027315072,0.0032222262,0.018558754,0.008806311,0.03126462,0.8991178,7.3322124,0.3140527,0.27017266,0.010903749,0.0049200538,0.0041015106,0.007834332,0.019278158,0.003370546,0.0029326482,0.0041380413,0.026560387,0.010741696,0.057425622,1.0622463,18.909195,0.40851757,0.3397026,0.01072387,0.0047853375,0.006452245,0.01169291,0.034514707,0.0100726485,0.008392513,0.010137469,0.122352004,0.02770418,0.21567929,2.3990784,88.45961,0.98812866,0.7196808,0.036735535,0.01957868,0.021554708,0.042760253,0.12782043,0.093477696,0.07921371,0.093444556,0.53820384,0.255383,0.906674,26.074417,212.63416,9.107529,7.8350067,0.31620872,0.14268155,0.11894381,0.22719562,0.5590666,0.59536,5.0749164,88.45961,MOVING
0.25953037,0.1627269,0.2282331,0.6806479,0.85430926,0.4958111,172.82439,99.869286,178.43704,178.50072,1.6996417,0.25619462,0.86638296,1.3211712,0.673755,0.07557114,0.05944261,0.051583786,0.26977652,0.10142411,0.21488579,8.322367,63.854256,1.9166261,1.4561611,0.1094766,0.04247097,0.04848298,0.086634435,0.13725016,0.01032959,0.008922122,0.10706984,0.09437553,0.56708765,0.24801637,147.67746,4.8828363,170.00967,172.74583,1.3199205,0.17731589,0.7617452,1.0904462,0.5087213,0.34012628,0.22878185,0.2833854,1.0274454,0.94249725,0.9009368,178.96992,177.46039,179.98466,179.87541,1.8319052,0.3159413,0.9534832,1.4375577,0.92528963,0.32979667,0.21985972,0.17631555,0.9330699,0.3754096,0.6529204,31.292465,172.57755,9.974991,7.1295776,0.5119847,0.13862541,0.19173801,0.34711146,0.41656834,0.05201402,0.035074405,0.02179496,0.1644585,0.04540645,0.15006474,3.1562521,33.98229,1.2569864,1.0667535,0.075446226,0.016049502,0.022281721,0.05087312,0.09802855,0.09262517,0.06067799,0.033669695,0.23667423,0.081383124,0.23243718,6.5685277,53.60374,2.5488167,1.7215797,0.11229391,0.027170787,0.03631858,0.08002257,0.1415744,0.26913857,0.15605535,0.09239513,0.49193648,0.31730562,0.6192477,25.729996,134.37137,8.285919,5.2634277,0.3576696,0.10020885,0.11607885,0.2259084,0.37641716,1.5084065,1.0171578,0.63205385,4.7692966,1.316787,4.351877,91.53131,985.4863,36.452606,30.935852,2.1879406,0.46543556,0.6461699,1.4753205,2.8428278,2.679585,13.715441,134.37137,MOVING
0.24926873,0.17056157,0.23529531,0.80488783,0.7915208,0.25581646,177.34198,48.54924,178.55775,179.44904,1.5061545,0.41919997,0.9388761,1.3442274,0.6514572,0.0096631255,0.0061240387,0.0073281955,0.056945015,0.029964175,0.08204005,1.7517473,30.16201,0.4058029,0.33123052,0.06165369,0.034843303,0.009602625,0.014746894,0.020673236,0.23451215,0.16213499,0.2246433,0.7396218,0.7661212,0.1260867,173.99788,17.264019,177.66954,178.70998,1.4376855,0.33535224,0.9082539,1.3218143,0.5999834,0.27021828,0.18455638,0.25786394,0.9406005,0.87566566,0.3781701,179.9032,117.76818,179.20743,179.94582,1.6507715,0.45532706,0.9482892,1.3678045,0.6724831,0.035706133,0.02242139,0.033220634,0.2009787,0.109544456,0.25208342,5.905319,100.504166,1.5378876,1.2358398,0.21308601,0.11997482,0.040035307,0.04599023,0.07249969,0.0014406278,0.0009877147,0.002894184,0.013934214,0.0055035045,0.01919711,0.37419286,11.8710575,0.24823472,0.2462153,0.0074335337,0.0041996418,0.0019305698,0.0030220828,0.0039139576,0.0014735919,0.00096895715,0.004362393,0.017555425,0.008242874,0.025243295,0.5243936,21.480648,0.3294961,0.2896782,0.007809713,0.004346262,0.002796727,0.0043881508,0.004650541,0.0046759844,0.0031455308,0.015883625,0.04503554,0.032031953,0.06512138,1.5411835,69.137535,0.81959534,0.5605774,0.028233767,0.0163894,0.009539962,0.01373899,0.012157917,0.041778207,0.028643727,0.08393134,0.4040922,0.15960163,0.5567162,10.851593,344.26068,7.198807,7.1402435,0.21557248,0.121789604,0.055986524,0.087640405,0.11350477,0.8536105,5.4869075,69.137535,MOVING
0.2255699,0.15971118,0.22370069,0.67532897,0.7300555,0.14065471,178.11703,24.757936,177.91872,177.82935,1.3916699,0.46102044,0.93962795,1.3013352,0.66696393,0.00390796,0.0025755223,0.0031645282,0.026377525,0.01260232,0.022425918,1.2064201,12.600623,1.1399242,1.4819664,0.01916111,0.005144638,0.0052697137,0.01554851,0.01581397,0.2200388,0.15467665,0.21772388,0.63303983,0.70330346,0.10767768,175.706,0.65282774,176.02808,174.01257,1.3632123,0.45468134,0.93261355,1.2779586,0.6471188,0.23516735,0.16396776,0.22924712,0.7181313,0.75145704,0.18925743,179.80646,37.99389,179.8408,179.95334,1.4255226,0.46859252,0.9554526,1.3332378,0.70499146,0.015128553,0.009291112,0.011523247,0.08509147,0.04815358,0.081579745,4.100464,37.34106,3.812729,5.9407654,0.06231022,0.013911188,0.02283907,0.055279136,0.057872653,0.0012653285,0.00122928,0.0008955618,0.0071938406,0.005157035,0.007601153,0.57990605,1.7778298,0.42345822,0.7285714,0.0043934253,0.0005785864,0.0012522361,0.003968317,0.0033925606,0.0015876158,0.0015894057,0.0011956656,0.009332732,0.007282391,0.008957853,0.74547446,1.9806538,0.5743064,1.0022199,0.0056876894,0.00072756875,0.0018716935,0.0054338034,0.0039193234,0.0042550266,0.004025206,0.0029442012,0.030071557,0.02384007,0.022100508,2.056717,6.6595783,1.7233124,3.1296082,0.014823079,0.0025695562,0.005484104,0.015088201,0.009346306,0.036694527,0.03564912,0.025971293,0.20862138,0.14955401,0.22043344,16.817276,51.557064,12.280289,21.12857,0.12740934,0.016779006,0.036314845,0.11508119,0.09838426,0.23644616,0.6654105,6.6595783,MOVING
0.23781988,0.16394399,0.23696664,0.62710303,0.75917244,0.24540025,179.18726,1.8050911,179.18564,179.28209,1.4592046,0.471394,0.96219426,1.3618864,0.7341028,0.0017388056,0.001761178,0.003322358,0.009547462,0.013945947,0.017076973,0.5867307,1.214451,0.28152025,0.38755938,0.011778538,0.0017647987,0.0018536586,0.009809406,0.011452553,0.23518863,0.16059645,0.22986199,0.6047286,0.7403204,0.20199655,177.83855,0.039464753,178.7237,178.41444,1.4316847,0.46847403,0.95667315,1.3409274,0.71455944,0.24141228,0.16643763,0.24205312,0.64529103,0.78707236,0.2641751,179.9336,3.9849353,179.69632,179.95047,1.4837456,0.47384584,0.96562266,1.3845595,0.75465435,0.006223649,0.0058411807,0.012191132,0.04056245,0.046751976,0.062178537,2.095047,3.9454706,0.97262573,1.536026,0.052060843,0.005371809,0.008949518,0.04363215,0.040094912,0.0010216257,0.0007770914,0.0008830613,0.004345273,0.0048308372,0.0032357296,0.36951104,0.47227138,0.15339503,0.17763177,0.0029533813,0.0004442149,0.0007599181,0.0023637845,0.0033870484,0.0014510606,0.0010891162,0.0010553915,0.0061525996,0.007250666,0.0047260206,0.495879,0.54096377,0.21013921,0.23549306,0.003794811,0.00060840417,0.0010201944,0.0034945174,0.004608752,0.0035270452,0.0031668544,0.0023869276,0.013442993,0.018006742,0.014138833,1.2458344,1.4465306,0.5430298,0.60931396,0.011544824,0.0016639829,0.0031289458,0.011552453,0.012197137,0.029627144,0.022535652,0.025608778,0.12601292,0.14009428,0.09383616,10.71582,13.69587,4.448456,5.1513214,0.08564806,0.012882233,0.022037625,0.06854975,0.0982244,0.079854086,0.19152342,1.4465306,MOVING
0.23443253,0.16169819,0.22882257,0.65485686,0.7580359,0.21313377,178.43993,3.2216496,178.91983,179.67114,1.4673778,0.45722434,0.9567172,1.3630353,0.7092578,0.0055687637,0.0040129526,0.005482075,0.01474006,0.015000191,0.010974444,0.94218475,1.2311878,0.25164214,0.2102479,0.03186878,0.016425243,0.005862886,0.010107588,0.013789638,0.22800227,0.15811808,0.22137678,0.6242022,0.7309842,0.19909224,176.39348,1.4235365,178.54297,179.13074,1.4296174,0.41441262,0.94256055,1.3450572,0.6723852,0.24766552,0.17194636,0.23860672,0.6785289,0.7876852,0.23850457,179.92172,5.1293674,179.57445,179.97435,1.5337603,0.4719172,0.96560013,1.3847246,0.7335695,0.01966326,0.013828278,0.017229944,0.054326713,0.056701005,0.039412335,3.528244,3.7058308,1.0314789,0.8436127,0.104142904,0.057504594,0.02303958,0.039667368,0.061184287,0.0010848575,0.0006880395,0.0015269292,0.0045793387,0.004842187,0.0027455832,0.36652032,0.29469302,0.122778006,0.11506443,0.006840636,0.0021033636,0.0013974535,0.004820191,0.0028097464,0.0013355233,0.00094021927,0.0021419087,0.0066604153,0.0066471966,0.003312157,0.49282,0.41935214,0.15990861,0.1351517,0.008664386,0.0028579028,0.0024218687,0.0074541587,0.004015896,0.0032656342,0.0036034137,0.0054570436,0.01889807,0.016863525,0.0072546005,1.2522125,1.564507,0.34339905,0.27861023,0.022434711,0.010920435,0.010964572,0.023576617,0.014455676,0.031460866,0.019953147,0.044280946,0.13280082,0.14042342,0.07962191,10.629089,8.546098,3.5605621,3.3368683,0.19837844,0.060997546,0.04052615,0.13978553,0.08148265,0.062166274,0.16467199,1.564507,MOVING
0.27637336,0.19223349,0.2597349,0.74205136,0.8697012,0.25690806,178.73192,2.69597,179.17857,178.89607,1.6996554,0.32951447,0.9118449,1.37495,0.6284615,0.01692579,0.010240361,0.008266334,0.0481589,0.052878175,0.026290506,0.78914297,1.0087723,0.34491372,0.61644393,0.0893047,0.032578405,0.007717005,0.03514537,0.017796356,0.24746808,0.17307538,0.23861212,0.66196376,0.7739193,0.22522685,176.85696,1.0614508,178.54057,177.39276,1.5459889,0.29899105,0.9038923,1.3149252,0.60501945,0.2995841,0.202413,0.27113265,0.8073485,0.9267421,0.36107066,179.99008,4.6708946,179.8886,179.81505,1.7863601,0.40121824,0.93491113,1.4130795,0.6832222,0.052116007,0.029337615,0.032520533,0.14538473,0.15282279,0.13584381,3.1331177,3.6094437,1.3480225,2.422287,0.24037123,0.10222718,0.031018853,0.09815431,0.078202724,0.002180638,0.0017672166,0.0027259907,0.011798472,0.009166074,0.0068891,0.62378615,0.61618215,0.1635458,0.17384075,0.00954942,0.0037722094,0.0019301504,0.0064081363,0.0062183617,0.0025228814,0.0024454014,0.0037219077,0.016906783,0.011543298,0.01393066,0.8138,0.81361103,0.21565133,0.25695965,0.01096506,0.0048826346,0.0034416742,0.010123448,0.010293496,0.008212268,0.006694153,0.014155224,0.06291795,0.04114127,0.06964031,1.9035339,2.0499032,0.532959,0.9535217,0.03556645,0.015414923,0.012129545,0.028696656,0.03904426,0.0632385,0.05124928,0.07905373,0.3421557,0.26581615,0.1997839,18.089798,17.869282,4.7428284,5.041382,0.2769332,0.10939407,0.055974364,0.18583596,0.18033248,0.10931737,0.29090786,2.0499032,MOVING
0.2742892,0.17662667,0.27002874,0.5116945,0.83531475,0.7962956,179.15506,154.8633,179.046,178.5736,1.6120023,0.40540594,0.94028753,1.3883526,0.9505021,0.0127097815,0.01052607,0.013221417,0.03610278,0.041897744,0.124889545,0.74710584,53.034,0.5864684,0.8882577,0.09326781,0.05009096,0.016926851,0.009345159,0.08726624,0.25366226,0.16165408,0.24961281,0.45050925,0.76493376,0.46251208,177.50816,10.940597,177.85204,176.94032,1.4729574,0.3169339,0.9179722,1.3732419,0.727702,0.30042994,0.20215262,0.29038125,0.61324334,0.9114275,0.9049945,179.94704,179.65518,179.97961,179.82428,1.7688992,0.47614127,0.9607721,1.4134223,1.0134516,0.04676768,0.04049854,0.040768445,0.16273409,0.14649373,0.4424824,2.4388733,168.71458,2.1275787,2.883957,0.29594183,0.15920737,0.04279989,0.040180445,0.28574955,0.0020062728,0.0017658544,0.0028411027,0.008319267,0.0073650028,0.021908475,0.447243,6.3380475,0.28411445,0.22715127,0.010350926,0.0054899096,0.0019510182,0.0027361985,0.012209167,0.0023979554,0.0022159638,0.003448853,0.012847025,0.007285363,0.042912837,0.58218986,25.46364,0.3832184,0.30690134,0.007675586,0.002831563,0.002356087,0.0038691633,0.021627415,0.008799523,0.008781508,0.008220464,0.060347617,0.017358303,0.1744771,1.1763916,139.5119,0.87060547,0.89305115,0.03582108,0.01145947,0.006985426,0.0113132,0.08964062,0.05818191,0.051209778,0.08239198,0.24125874,0.21358508,0.63534576,12.970047,183.80338,8.239319,6.587387,0.30017686,0.15920737,0.05657953,0.079349756,0.35406584,0.4915666,6.7249303,139.5119,MOVING
0.24523379,0.15334691,0.24926983,0.39906216,0.74935895,0.7654068,177.16728,168.95793,178.11954,179.48492,1.4287218,0.48027393,0.9535229,1.3592782,0.9946485,0.0042086183,0.0044745095,0.0014815722,0.0327635,0.012021947,0.016412506,1.5080373,3.6124613,0.37795573,0.35908714,0.016412193,0.0036360614,0.005340722,0.011466108,0.013209705,0.23910382,0.14589114,0.24691151,0.35762244,0.7311612,0.73414654,175.0182,163.51329,177.04958,178.75581,1.4068282,0.47261536,0.94544697,1.3402009,0.9701811,0.25230548,0.16051307,0.2516733,0.47056028,0.7676711,0.79942316,179.89365,176.1617,178.81427,179.98074,1.469501,0.48570055,0.96263254,1.3789538,1.0168405,0.013201654,0.014621928,0.0047618,0.11293784,0.03650993,0.06527662,4.8754425,12.648407,1.7646942,1.2249298,0.06267285,0.0130851865,0.017185569,0.038752913,0.04665935,0.0012817722,0.0015340294,0.0007099704,0.0067936215,0.0037330328,0.005083117,0.6334644,0.97056895,0.30071494,0.24342872,0.0042955135,0.0006991111,0.0011451408,0.00247,0.0036113798,0.0016302319,0.0018182558,0.0009735846,0.008353626,0.006224128,0.00816289,0.78538185,1.2668055,0.39019614,0.3359825,0.005900591,0.0008910816,0.0014963502,0.0035582692,0.0063069775,0.0043144226,0.0039390773,0.0027615875,0.019237697,0.023886323,0.03446448,2.355362,2.8878326,1.1108246,0.8988342,0.014637589,0.0024762154,0.0040488243,0.011104107,0.024920344,0.037171394,0.04448685,0.020589143,0.19701502,0.10825795,0.1474104,18.370468,28.1465,8.720734,7.059433,0.12456989,0.020274222,0.033209085,0.07163,0.10473001,0.14530225,0.38229907,2.8878326,MOVING
0.27308896,0.17555472,0.2725475,0.5396802,0.83514416,0.82255256,178.0447,178.1918,179.13503,179.65974,1.5661623,0.40891007,0.94069564,1.3635547,0.956322,0.019836597,0.013417457,0.018784426,0.06322336,0.063175224,0.04599584,1.562842,1.1967076,0.66914284,0.19867934,0.09594177,0.053360075,0.01660321,0.010107923,0.023805477,0.25111586,0.16142811,0.24947515,0.47218168,0.7515492,0.7566797,174.50893,175.72925,177.8262,179.29355,1.4394464,0.31082225,0.91569185,1.3437365,0.906398,0.31748292,0.204849,0.30030555,0.68210953,0.94045067,0.8905092,179.81613,179.90508,179.98508,179.98518,1.7532206,0.47112176,0.96057457,1.3894497,0.9814403,0.06636706,0.043420896,0.050830394,0.20992786,0.18890148,0.13382947,5.307205,4.175827,2.1588745,0.69163513,0.3137741,0.16029951,0.044882715,0.045713186,0.07504231,0.002326395,0.0017077331,0.0028126682,0.00944433,0.0075998427,0.009276625,0.4701501,0.7672945,0.23464018,0.117614746,0.0108197965,0.0055275694,0.0020718286,0.0027763925,0.004314883,0.0024862443,0.0019580773,0.0037985041,0.011450742,0.0078972075,0.0118688205,0.62240237,1.0061702,0.3013869,0.15126057,0.007811407,0.005079394,0.0027256194,0.0038388388,0.005568302,0.0094483495,0.0063289255,0.014588296,0.033079922,0.026688337,0.027886927,1.4020233,2.8239899,0.7633972,0.41151428,0.03422296,0.019327432,0.007951796,0.011273146,0.017197251,0.067465454,0.049524263,0.08156738,0.27388558,0.22039545,0.2690221,13.634354,22.251541,6.8045654,3.4108276,0.3137741,0.16029951,0.06008303,0.080515385,0.1251316,0.10989185,0.29839262,2.8239899,MOVING
0.29111513,0.16603974,0.28105688,0.55938023,0.9368406,0.92180234,173.36255,170.04799,178.5832,178.10553,1.8426012,0.2505576,0.8970091,1.3698971,0.8935198,0.07183618,0.0597704,0.02242245,0.19583163,0.036396977,0.02749077,9.128397,6.9596877,0.923787,1.9210142,0.09313679,0.026772754,0.023548542,0.05859427,0.016966647,0.034822345,0.01869389,0.22449365,0.048542365,0.84675026,0.8815698,144.99077,139.48851,175.49728,173.38727,1.4983065,0.21845132,0.85352683,1.1707733,0.85795146,0.34107396,0.20920692,0.30961907,0.7298564,1.0027853,0.9830837,179.69356,179.7045,179.8025,179.99757,1.9642668,0.30165672,0.9263747,1.405527,0.9241159,0.30625162,0.19051303,0.08512542,0.681314,0.15603507,0.10151392,34.70279,40.21599,4.3052216,6.610306,0.46596026,0.0832054,0.07284784,0.23475373,0.066164434,0.03267699,0.023081232,0.010484346,0.10073055,0.02088526,0.016240872,4.270416,5.0454655,0.71100694,1.0620317,0.037016746,0.0030769391,0.0050797095,0.019083653,0.009570411,0.07099814,0.045522142,0.01626786,0.185764,0.02994487,0.021943703,8.745012,10.803985,1.1041766,1.5529144,0.08494582,0.0037488672,0.009703862,0.04042486,0.014948703,0.2972869,0.1700636,0.054351524,0.6390406,0.074632585,0.05176276,29.876663,40.21599,3.1042786,3.879303,0.3804958,0.014215112,0.04373586,0.16873693,0.04404682,0.94763273,0.66935575,0.30404603,2.921186,0.60567254,0.4709853,123.84206,146.3185,20.619202,30.79892,1.0734856,0.08923124,0.14731157,0.5534259,0.27754194,0.7577898,3.5538735,40.21599,MOVING
0.29792222,0.18690345,0.29130635,0.4803783,0.95439696,0.91016,175.70834,169.32318,179.10376,178.65897,1.9096653,0.26869974,0.90705526,1.4457959,0.9219747,0.04533596,0.021894174,0.021845413,0.10598039,0.08605667,0.058773033,4.108137,1.676285,0.5027405,0.71112764,0.10213691,0.05211729,0.010344583,0.025955347,0.020012427,0.22420219,0.1421895,0.2585236,0.30315495,0.77763325,0.77247787,161.9515,165.38367,177.88702,176.88191,1.6496664,0.2143521,0.8805162,1.3832858,0.87971914,0.35921025,0.2155585,0.33280757,0.6268898,1.0672443,0.9840969,179.13876,173.05861,179.94727,179.92804,2.022722,0.37678966,0.92378294,1.4821963,0.96143436,0.13500807,0.073369,0.07428396,0.32373488,0.28961104,0.21161902,17.187256,7.674942,2.0602417,3.0461273,0.37305558,0.16243756,0.043266773,0.09891057,0.081715226,0.0054806685,0.0039034532,0.0057134507,0.017473515,0.017553153,0.011941127,1.1749141,0.94861263,0.29879075,0.42080426,0.017127817,0.005806102,0.0035391944,0.008675271,0.0078012,0.005275571,0.005183328,0.007572585,0.028376888,0.022863237,0.0145800635,1.8250806,1.2859588,0.4272926,0.5477539,0.019244658,0.004959624,0.004597422,0.012487829,0.010414019,0.013655126,0.013187021,0.021625757,0.13015601,0.06983125,0.047870874,7.29187,3.9285278,1.3195953,1.1673126,0.05028689,0.014744163,0.011358619,0.03333974,0.027853847,0.15893939,0.11320014,0.16569006,0.5067319,0.5090414,0.34629267,34.07251,27.509766,8.664932,12.203323,0.49670672,0.16837695,0.102636635,0.25158286,0.2262348,0.19654244,0.5764094,7.29187,MOVING
0.23656449,0.16146818,0.2300804,0.16234119,0.2953945,0.32622078,44.91231,53.089924,177.24359,178.29121,1.4332782,0.44152945,0.9525367,1.3321904,0.5438933,0.015060301,0.008927629,0.02278976,0.10631405,0.24058574,0.26439747,50.22484,71.18388,0.81682825,1.3636465,0.09493335,0.017412424,0.012174028,0.042027466,0.21561398,0.21731976,0.13990836,0.20147833,0.029541211,0.09004959,0.085328765,4.867629,0.15261853,176.31871,175.88614,1.3327181,0.3877601,0.92619395,1.2811174,0.35398632,0.25734803,0.1703571,0.2607155,0.32882756,0.7719651,0.7700627,153.0907,172.78291,179.76129,179.94351,1.6483973,0.4608878,0.9701579,1.4006107,0.9255805,0.040028274,0.030448735,0.059237182,0.29928634,0.6819155,0.6847339,148.22307,172.6303,3.4425812,4.057373,0.3156792,0.07312769,0.04396397,0.119493246,0.5715942,0.002918633,0.001597049,0.0038899814,0.01228,0.025586823,0.025592024,5.640707,7.503594,0.31160343,0.31468096,0.01291749,0.0033700343,0.0028686852,0.0049964767,0.021434838,0.0042957235,0.0024183588,0.0051765465,0.0140136015,0.03404719,0.039397348,8.930748,30.47115,0.3712703,0.4691882,0.014807469,0.004579788,0.0045183203,0.0053318543,0.03298096,0.013037026,0.007699847,0.015868276,0.05133529,0.10541707,0.13924566,33.859673,165.94257,0.83148193,1.557373,0.06461501,0.013842583,0.0153566,0.015505075,0.100141644,0.084640354,0.04631442,0.112809464,0.35612002,0.74201787,0.74216866,163.5805,217.60422,9.036499,9.125748,0.3746072,0.097730994,0.08319187,0.14489782,0.6216103,0.9258692,8.345102,165.94257,MOVING
0.22772838,0.16364807,0.20670207,0.024905043,0.1608914,0.14840966,26.355549,20.046078,177.48477,179.02293,1.33022,0.45374587,0.94143784,1.287449,0.43524918,0.003126352,0.0010995297,0.0017112421,0.005641309,0.016907174,0.015791254,2.3422732,1.6742884,0.26499623,0.298747,0.009354134,0.0063413666,0.0063311844,0.009252577,0.021240698,0.22049561,0.16200197,0.20365348,0.018158637,0.11822868,0.10777236,21.071194,17.064669,176.83981,178.4148,1.3170694,0.4458333,0.93413955,1.276932,0.38564095,0.2342344,0.16536891,0.21095961,0.04116981,0.17869379,0.16333291,30.09034,22.428608,178.02544,179.60739,1.3584176,0.46265382,0.9570564,1.3100941,0.45860505,0.013738781,0.0033669472,0.0073061287,0.023011174,0.060465105,0.05556055,9.019146,5.3639393,1.1856232,1.1925964,0.04134822,0.01682052,0.022916853,0.033162117,0.0729641,0.00095753785,0.00058091816,0.00077934616,0.0018862599,0.0025444927,0.0025562216,0.640383,0.4661213,0.16562626,0.20795888,0.0024024413,0.0006443817,0.0009472699,0.0014827498,0.0025171523,0.0010846643,0.0007395673,0.0010887373,0.0022816544,0.0025464254,0.0032208727,0.8133201,0.583364,0.22061636,0.24742933,0.00331603,0.0007171577,0.0010789876,0.0018568926,0.002214767,0.0029359162,0.002020821,0.00361301,0.006135877,0.007908896,0.007937081,2.0513725,1.6346073,0.65830994,0.5913391,0.007963777,0.002478987,0.0030258298,0.004940629,0.00712201,0.027768597,0.016846627,0.022601038,0.054701537,0.07379029,0.07413042,18.571108,13.517517,4.8031616,6.0308075,0.0696708,0.01868707,0.027470827,0.042999744,0.07299742,0.099825874,0.2537701,2.0513725,MOVING
0.23942064,0.16701527,0.23307636,0.18899049,0.28657806,0.3114313,18.918133,25.58507,177.32353,178.18556,1.400286,0.47295254,0.9682278,1.3333653,0.556549,0.0055882703,0.002376857,0.013037457,0.084172264,0.103686,0.13473861,22.608704,42.627758,0.50783646,1.1079848,0.016976357,0.0056503806,0.0030788458,0.0076142102,0.101677716,0.23378427,0.15871322,0.20956248,0.04951909,0.18109329,0.16118938,9.050118,5.0489635,175.70581,175.72531,1.3676507,0.46433875,0.96273196,1.3167043,0.4600364,0.25397766,0.17016199,0.24952202,0.37422413,0.5529231,0.668123,105.87853,173.53596,178.03297,179.67212,1.4391235,0.48020762,0.9720363,1.3498174,0.832922,0.020193383,0.011448771,0.039959535,0.32470503,0.3718298,0.5069336,96.828415,168.487,2.3271637,3.9468079,0.071472764,0.015868872,0.009304345,0.033113122,0.37288558,0.0009482076,0.0009057013,0.0014390051,0.013221719,0.012896292,0.019335909,3.8132582,8.591812,0.2034749,0.29636884,0.0034069892,0.0010795213,0.0012185163,0.00176833,0.013409126,0.0012134062,0.0015525325,0.0014150732,0.016975757,0.019695332,0.031764314,12.901048,24.734533,0.3044912,0.414055,0.0036377816,0.0015515707,0.0019177713,0.0020364725,0.02356594,0.0037830025,0.0065642297,0.0061420947,0.06718555,0.09981629,0.1301012,69.50818,115.66701,0.96221924,1.2317505,0.0116432905,0.0053111315,0.0056915283,0.0055724382,0.10852373,0.027498022,0.026265338,0.04173115,0.38342986,0.37399247,0.56074136,110.58449,249.16255,5.900772,8.594696,0.098802686,0.031306118,0.03533697,0.05128157,0.38886464,0.8649695,7.326651,115.66701,MOVING
0.2600272,0.16305055,0.2563868,0.46205613,0.7700109,0.798197,174.81229,177.8887,178.59818,178.95537,1.4872576,0.45663515,0.9522888,1.3664019,0.98460644,0.003259382,0.004510278,0.0028199868,0.042706497,0.032063685,0.01486634,6.532524,2.1759703,0.8267748,0.7908952,0.019358914,0.0056723747,0.0075800843,0.009419934,0.018562106,0.2506196,0.15407345,0.24819943,0.39251235,0.6584161,0.7357912,151.10284,172.7349,177.35681,176.16605,1.4515389,0.44119787,0.9285668,1.3406575,0.9142095,0.26352564,0.16804998,0.26040748,0.50897443,0.8089249,0.81197065,179.93008,179.9945,179.9396,179.9803,1.5204589,0.46274632,0.9613428,1.3819387,1.0069542,0.012906045,0.013976529,0.0122080445,0.11646208,0.15050882,0.076179445,28.82724,7.259613,2.5827942,3.8142548,0.06892002,0.02154845,0.032775998,0.041281223,0.09274471,0.00085040106,0.0010565966,0.0008364587,0.007663704,0.0102312835,0.0064067882,1.7174467,0.65677303,0.2891856,0.30759245,0.0060573774,0.0007618008,0.0015004133,0.0035125345,0.006684283,0.001339834,0.0014069619,0.0010364195,0.01165027,0.01767922,0.009396255,3.3120067,0.9463505,0.42525852,0.4337136,0.007883035,0.0010655402,0.0023184333,0.005398806,0.011408733,0.0052478015,0.0037058592,0.0031944513,0.0355877,0.07391697,0.033890963,15.847229,3.0658875,1.4236908,1.5971985,0.022265673,0.0050626397,0.010035634,0.01949501,0.048792362,0.02466163,0.030641302,0.024257302,0.22224742,0.2967072,0.18579686,49.805954,19.046417,8.386383,8.920181,0.17566395,0.022092223,0.043511987,0.1018635,0.1938442,0.20110397,0.9031624,15.847229,MOVING
0.26843828,0.17510734,0.27071697,0.47512957,0.80590427,0.8274776,177.16696,178.6421,179.04874,179.39034,1.5568383,0.4189029,0.93467987,1.3621589,0.9652184,0.005695676,0.007878622,0.008208717,0.034495093,0.024423169,0.016772833,2.4263618,1.2450187,0.62651885,0.3691486,0.055129692,0.012318586,0.008863056,0.02493583,0.008502354,0.25687826,0.15602373,0.25669867,0.39766863,0.7507317,0.7913623,171.88483,174.64236,177.65294,178.59601,1.4538273,0.38975,0.9223361,1.329725,0.93985546,0.2765431,0.1840251,0.29068094,0.5232777,0.8400314,0.85250914,179.80609,179.91159,179.96065,179.94824,1.6323997,0.43806374,0.946671,1.4002707,0.98103946,0.019664854,0.028001368,0.033982277,0.12560907,0.08929968,0.061146855,7.9212646,5.269226,2.3077087,1.3522339,0.17857242,0.048313737,0.024334908,0.07054567,0.041184008,0.0011721922,0.0015898532,0.0018498342,0.0072887787,0.0066810064,0.0051510725,0.71908677,0.5584822,0.3769084,0.32179788,0.0075378623,0.0017200749,0.0017083534,0.0044077593,0.004347156,0.0012688295,0.0020335244,0.002205875,0.0091148475,0.008837635,0.0064422837,0.9753439,0.7566014,0.46445283,0.38739714,0.007708974,0.0016135126,0.002649021,0.006735994,0.0054944954,0.0031043887,0.0052374005,0.006362647,0.02797407,0.028311431,0.014262259,3.261261,1.9746094,0.96250916,0.96310425,0.022578835,0.0067444146,0.008438587,0.02112317,0.013911903,0.033993572,0.046105742,0.053645194,0.21137458,0.19374919,0.1493811,20.853516,16.195984,10.930344,9.332138,0.21859801,0.049882174,0.04954225,0.12782502,0.12606752,0.1346486,0.3320798,3.261261,MOVING
0.30219117,0.17415492,0.28330842,0.5826075,0.92717564,0.93003714,174.93155,175.18321,178.59418,178.21054,1.7784232,0.28692487,0.88231087,1.3414274,0.92997545,0.06619678,0.045012884,0.02784685,0.14690469,0.04336792,0.039575215,4.322526,5.226176,0.9689137,1.6563238,0.08546493,0.0554256,0.037715696,0.04342745,0.014505666,0.0030183527,0.03922641,0.23439428,0.098983355,0.8377806,0.85920465,165.22754,163.80844,175.85886,174.39981,1.6391293,0.2161585,0.8214412,1.2308879,0.8980247,0.35281083,0.2303872,0.32680205,0.72427684,1.0107863,1.0155503,179.67337,179.8004,179.67827,179.99934,1.9369969,0.38707572,0.9253118,1.3872683,0.96420586,0.34979248,0.19116078,0.09240776,0.6252935,0.1730057,0.1563456,14.445831,15.991959,3.8194122,5.599533,0.29786766,0.17091723,0.10387063,0.15638041,0.06618118,0.027490636,0.014364461,0.009232519,0.049182538,0.018062374,0.013543335,1.8269106,2.4955056,0.5200969,0.7635472,0.030277021,0.0065853726,0.005251009,0.013938353,0.0069199307,0.07397408,0.03778889,0.015054068,0.14269847,0.028244749,0.016238695,3.0255876,4.1321006,0.7591996,1.1627587,0.05002987,0.005488612,0.0069573247,0.02371193,0.009293307,0.34154043,0.1872278,0.0637604,0.5676201,0.090601265,0.029627323,11.025925,13.280548,2.1516876,4.1773224,0.1914568,0.016195983,0.021325946,0.077628374,0.028148055,0.79722846,0.41656938,0.26774305,1.4262936,0.52380884,0.3927567,52.980408,72.36966,15.082809,22.142868,0.87803364,0.1909758,0.15227926,0.40421224,0.20067799,0.38672715,1.3161906,13.280548,MOVING
0.30707052,0.1752108,0.2685997,0.5735869,0.93705237,0.9724539,175.4162,174.55646,178.44724,178.43951,1.84016,0.27293295,0.88038516,1.380782,0.96487635,0.07130449,0.049303066,0.036459718,0.1255383,0.036555886,0.047090866,4.8513193,5.966893,0.74371135,1.4638745,0.08521919,0.04464252,0.023839207,0.032218944,0.02082826,0.045975067,0.01548403,0.17730965,0.138051,0.8675363,0.8831866,157.29324,151.0337,176.14285,174.97466,1.6589652,0.21388668,0.81563663,1.3025465,0.9260322,0.35322258,0.22078437,0.31110942,0.7090021,0.9828749,1.029569,179.96815,179.97353,179.43217,179.90363,1.9793673,0.3714584,0.9082927,1.4327333,1.0102351,0.30724752,0.20530033,0.13379978,0.5709511,0.115338564,0.14638245,22.674911,28.93982,3.289322,4.9289703,0.32040203,0.15757173,0.092656076,0.1301868,0.084202886,0.028169787,0.016961442,0.010163642,0.069385275,0.014943668,0.012294853,3.0389566,4.0054846,0.55379146,0.8051895,0.020448023,0.0057286797,0.00511087,0.013688844,0.007758231,0.0716392,0.035969533,0.019609213,0.14396225,0.025468845,0.016413998,5.3055286,7.0794506,0.842484,1.2832935,0.028095135,0.0046183188,0.008070913,0.022693353,0.014970907,0.2862564,0.13736396,0.070786744,0.5453781,0.10533726,0.050423443,18.43451,24.69664,2.8090057,3.5608826,0.082185864,0.01581806,0.030477345,0.073899865,0.06676948,0.8169238,0.49188182,0.2947456,2.012173,0.43336636,0.35655075,88.129745,116.15906,16.059952,23.350494,0.59299266,0.1661317,0.14821523,0.39697647,0.2249887,0.5738717,2.246976,24.69664,MOVING
0.25822985,0.16512568,0.25944078,0.43970332,0.7970991,0.7857059,178.67351,177.36395,179.05988,179.72125,1.5077606,0.4710434,0.9689754,1.3972092,1.006192,0.0120028155,0.010265049,0.012461692,0.03290681,0.030413525,0.04911165,0.8948831,1.8152527,0.6161889,0.25067514,0.07434631,0.033358067,0.0138948895,0.023698233,0.0099143665,0.24440551,0.15366092,0.2463705,0.40358257,0.7643642,0.7330047,176.80046,172.73819,178.09459,178.9797,1.4257107,0.38563877,0.915265,1.3639054,0.9690199,0.28055435,0.18648449,0.28993753,0.50570714,0.87325215,0.8893896,179.98584,179.92332,179.94183,179.98988,1.6436605,0.49964064,0.9807559,1.4292562,1.0182028,0.036148846,0.032823563,0.04356703,0.10212457,0.10888797,0.15638489,3.185379,7.185135,1.8472443,1.0101776,0.21794987,0.11400187,0.0654909,0.06535077,0.04918289,0.001407018,0.0015643049,0.0026984133,0.0042057447,0.005623791,0.009307031,0.4113964,0.37814805,0.17186922,0.13251995,0.008342307,0.0039529596,0.002737666,0.003917435,0.0041319747,0.0011055741,0.0014212639,0.0039701825,0.004582843,0.007142694,0.01159724,0.5128271,0.4193193,0.20441946,0.18718551,0.00763378,0.004386565,0.0052719517,0.0062264935,0.005717848,0.0028571486,0.0033281446,0.011769652,0.013628036,0.02219528,0.026441872,1.2371521,1.2591553,0.5228882,0.5725403,0.02215612,0.019974023,0.022275746,0.021676779,0.015262485,0.040803522,0.04536484,0.078253984,0.1219666,0.16308993,0.2699039,11.930496,10.966293,4.984207,3.8430786,0.24192691,0.114635825,0.079392314,0.11360562,0.11982727,0.07612149,0.18244146,1.2591553,MOVING
0.24747317,0.15922782,0.24497828,0.431536,0.7503536,0.74985737,179.30061,176.1829,178.84822,179.48431,1.4228112,0.4882904,0.9566298,1.3518634,0.99446505,0.0017969412,0.0017051598,0.002032922,0.005107199,0.006653443,0.008047457,0.52402097,2.7551665,0.6847664,0.3459787,0.0073128277,0.00620543,0.006323191,0.0044513494,0.008047847,0.24291135,0.15630205,0.2407533,0.42046058,0.7394386,0.7364564,178.15822,171.78944,177.80142,178.92152,1.4116805,0.48000982,0.9476149,1.3457581,0.9842693,0.24989127,0.16167761,0.24818474,0.44079953,0.7656437,0.7648467,179.92563,179.93909,179.98056,179.99074,1.4350126,0.49949414,0.9698542,1.3641535,1.0172834,0.0069799125,0.005375564,0.0074314475,0.020338953,0.026205122,0.028390288,1.7674103,8.149643,2.1791382,1.0692139,0.023332119,0.019484311,0.022239268,0.018395424,0.03301412,0.0007615994,0.0006486254,0.0007078622,0.0025715376,0.0025998908,0.0038228096,0.4044263,0.63683295,0.21283801,0.11224418,0.0018528536,0.00067498354,0.0010906745,0.001545236,0.0021252015,0.0010692141,0.00082067476,0.0009424047,0.0035091382,0.00362406,0.005404689,0.49038047,0.7700576,0.28134736,0.15648153,0.0030109584,0.0005672803,0.0013493474,0.0024944958,0.0031406353,0.0028619915,0.0021124035,0.0025496334,0.012427837,0.01178807,0.017757058,1.00383,1.6369171,0.74594116,0.5020294,0.011506081,0.0025833845,0.0032337308,0.008475184,0.009679079,0.022086382,0.018810138,0.020528004,0.07457459,0.075396836,0.11086148,11.728363,18.468155,6.1723022,3.2550812,0.053732753,0.019574523,0.031629562,0.044811845,0.061630845,0.09231618,0.24016628,1.6369171,MOVING
0.25115,0.16519646,0.25177637,0.4416577,0.7560908,0.77633274,178.26788,174.36421,178.63602,179.54619,1.469582,0.46370557,0.9519785,1.3603376,0.9792748,0.0017057011,0.0016979646,0.0037865455,0.0084204925,0.006245002,0.01062208,0.8286428,0.9891595,0.6313017,0.27707323,0.016352035,0.0064546624,0.0015697234,0.0051471554,0.008085721,0.24844028,0.16135024,0.24574408,0.4229318,0.7477628,0.75228703,176.71199,172.09909,176.85321,178.80853,1.4323826,0.45658892,0.9499569,1.3467886,0.96902907,0.25443152,0.16827972,0.2589581,0.4563116,0.7705435,0.79347986,179.90094,176.7775,179.569,179.90523,1.497819,0.47765243,0.95673525,1.3699801,1.0028074,0.0059912354,0.006929487,0.013214022,0.033379823,0.022780716,0.04119283,3.1889496,4.678406,2.7157898,1.096695,0.06543636,0.021063507,0.0067783594,0.023191452,0.03377831,0.0017319332,0.00193318,0.0010071289,0.0053695287,0.0042943545,0.005089433,0.7833494,0.9490835,0.5979041,0.24001339,0.0032949366,0.00083549885,0.0006441125,0.0019359753,0.0034152865,0.0021440184,0.0022429458,0.0012415721,0.006550544,0.0063489014,0.007893425,0.9460203,1.1082207,0.7670263,0.28802934,0.0032546262,0.001031353,0.00082725653,0.0026493464,0.006164273,0.0051074624,0.0049859583,0.0037534684,0.014874041,0.021335244,0.030648828,2.144516,2.1540222,2.2284546,0.54185486,0.007716894,0.0041494668,0.002167225,0.0077058077,0.027108073,0.050226063,0.05606222,0.029206738,0.15571633,0.124536276,0.14759356,22.717133,27.523422,17.339218,6.960388,0.09555316,0.024229467,0.018679261,0.056143284,0.09904331,0.17332678,0.3970183,2.2284546,MOVING
0.25232503,0.16414562,0.25844246,0.42652747,0.75961876,0.7743159,177.21637,177.79503,179.4678,179.52249,1.4871802,0.4551636,0.9526483,1.3598244,0.9695673,0.00846101,0.004265668,0.0044628703,0.028399767,0.017107293,0.022600137,2.4853234,1.1283991,0.2837662,0.17100471,0.01419448,0.0036725292,0.0055479947,0.01405823,0.0144339735,0.2294021,0.15406656,0.24739495,0.36824957,0.7246796,0.7272617,172.31259,176.09714,179.00249,179.1439,1.4574589,0.44939208,0.9437096,1.3411608,0.9401436,0.25872326,0.16882488,0.2646326,0.4575494,0.78019065,0.7991678,179.99648,179.7118,179.99338,179.93817,1.5079267,0.46088988,0.959443,1.3815362,0.9885118,0.029321164,0.014758319,0.017237663,0.08929983,0.055511057,0.07190609,7.6838837,3.6146698,0.9908905,0.79426575,0.05046785,0.011497796,0.015733361,0.04037547,0.048368216,0.0013488387,0.0009574556,0.0012490364,0.0038424248,0.003948921,0.0046555502,0.7537563,0.42321777,0.18291342,0.15628526,0.002561072,0.0005468603,0.00064105,0.0026005302,0.003664654,0.0018869278,0.0013936758,0.0017209863,0.0041410155,0.005724221,0.006223491,0.99832565,0.5543565,0.23460776,0.19879833,0.0035480624,0.0006608649,0.0012716583,0.004874583,0.00516964,0.0075770915,0.005805284,0.00489223,0.012668103,0.022318423,0.02060318,2.7596436,1.3548279,0.62420654,0.50865173,0.0143466,0.001876235,0.005744636,0.022357225,0.018735766,0.039116323,0.027766213,0.036222056,0.11143032,0.1145187,0.13501096,21.858932,12.273315,5.304489,4.5322723,0.07427108,0.015858948,0.01859045,0.07541537,0.10627496,0.10281261,0.28986382,2.7596436,MOVING
0.20675498,0.13359039,0.23413189,0.29897645,0.71211416,0.689242,173.98712,173.14395,176.95636,178.2253,1.4375119,0.4602266,0.9504979,1.3616359,0.95246464,0.011532255,0.008657965,0.007771205,0.030149272,0.0079483995,0.016863002,1.3958489,1.194788,0.75200665,0.60385954,0.015634347,0.013093409,0.006568757,0.0069020237,0.007917043,0.19010703,0.12147643,0.22290078,0.26459956,0.70205504,0.67255664,170.95905,171.6741,175.67703,177.14917,1.407499,0.4483313,0.9433205,1.3499768,0.9409373,0.22729021,0.15161459,0.24861935,0.36888963,0.729928,0.73090833,176.53084,175.96486,178.34058,179.2332,1.4655819,0.4870804,0.9610113,1.372746,0.9720317,0.03718318,0.030138165,0.02571857,0.10429007,0.02787298,0.058351696,5.5717926,4.290756,2.6635437,2.0840302,0.05808294,0.0387491,0.017690778,0.022769213,0.031094432,0.0022810851,0.0017674601,0.0014901942,0.0058015124,0.002051442,0.0033669493,0.8169235,0.4245211,0.33413434,0.27094978,0.0036159672,0.0013750874,0.001086083,0.0017356708,0.0019291886,0.0027500044,0.0022591443,0.0017734191,0.0077143502,0.0026925819,0.004849779,0.98187584,0.51680213,0.45882308,0.35335097,0.0043002837,0.0013078932,0.0014214857,0.0025532283,0.0023967046,0.0071076155,0.006333202,0.0046214163,0.022482067,0.0073190928,0.015721023,2.177414,1.1512909,1.3740845,0.90364075,0.012677908,0.004232049,0.0039191246,0.0068403482,0.006956458,0.06615147,0.051256344,0.043215632,0.16824386,0.059491813,0.09764153,23.69078,12.311111,9.689896,7.857544,0.10486305,0.039877534,0.031496406,0.050334454,0.05594647,0.12486862,0.29849747,2.177414,MOVING
0.23283884,0.15030184,0.24259713,0.3376054,0.7139539,0.7056468,174.88773,177.60297,179.31334,179.32277,1.412926,0.46702805,0.9454027,1.3336471,0.95173573,0.0052143,0.006007526,0.0042965556,0.035354238,0.006261883,0.010057386,1.0024226,1.6431344,0.5684157,0.35986117,0.018291494,0.033025213,0.021657221,0.015395998,0.029070083,0.22197123,0.13870086,0.23546977,0.24231085,0.69967455,0.6851905,172.0639,173.95729,178.1804,178.66498,1.3882099,0.3914371,0.89900076,1.3021474,0.8844456,0.23837629,0.15881598,0.25257027,0.36327735,0.72523946,0.7241787,176.2893,179.31879,179.99023,179.9958,1.4486256,0.49392295,0.9633225,1.3630881,0.9819025,0.01640506,0.020115122,0.017100498,0.120966494,0.025564909,0.038988173,4.225403,5.361496,1.8098297,1.3308258,0.060415626,0.102485836,0.06432176,0.060940742,0.09745687,0.0012247188,0.0013136149,0.0015772206,0.005266464,0.0040092487,0.0047643697,0.39562568,0.7327849,0.21139474,0.2350727,0.0036469493,0.0037353635,0.0025825747,0.0036761595,0.004519689,0.0019431369,0.0016291714,0.002095943,0.009482744,0.00541766,0.0066241412,0.46733174,1.1460863,0.35570863,0.2976716,0.0041773343,0.004160814,0.0037380361,0.0051129856,0.0050203656,0.0077873617,0.0036972165,0.004645422,0.036159217,0.013544381,0.017654538,1.1116638,3.4250183,1.3923492,0.6858673,0.009152412,0.013050616,0.012005866,0.015923977,0.015704572,0.035516843,0.038094833,0.045739397,0.15272745,0.11626822,0.13816673,11.473145,21.250763,6.1304474,6.817108,0.10576153,0.10832554,0.07489467,0.10660863,0.13107097,0.107412964,0.32642397,3.4250183,MOVING
0.14874087,0.08834207,0.18565369,0.2419325,0.72116536,0.6492824,170.42892,159.03815,169.6163,175.4717,1.4628633,0.34084728,0.88642496,1.2915226,0.8786018,0.055912264,0.037329,0.034327663,0.11847687,0.05337276,0.050022848,2.756757,13.057054,10.656617,4.0824075,0.08001517,0.018359385,0.042142216,0.061652157,0.043732103,0.043612577,0.010403967,0.1387411,0.089380264,0.6285496,0.5838056,164.58937,139.85133,141.94951,161.76967,1.228613,0.30671847,0.8327697,1.1628507,0.80714905,0.22144604,0.13586873,0.23697825,0.4634371,0.80644345,0.71655774,175.78848,179.91933,179.74312,179.75888,1.5643387,0.38247687,0.96075165,1.3836247,0.9446775,0.17783347,0.12546477,0.09823714,0.37405685,0.17789388,0.13275212,11.199112,40.067993,37.79361,17.989212,0.33572567,0.0757584,0.12798196,0.22077394,0.13752842,0.012571326,0.009769361,0.004460168,0.023985222,0.016580842,0.011179291,1.8475826,3.419649,3.8751452,2.0293527,0.03386921,0.006425872,0.007985853,0.019013688,0.012709067,0.017425062,0.014116801,0.005833294,0.030132558,0.022615837,0.016071713,2.3690765,4.5511274,5.6949806,2.721024,0.05806064,0.007766187,0.013599968,0.03293957,0.018098827,0.05280187,0.05315902,0.018171087,0.09239885,0.063376546,0.052783072,5.6033936,13.019104,17.846283,6.611664,0.24762022,0.015036374,0.05572903,0.1445657,0.05427271,0.36456847,0.28331146,0.12934488,0.6955714,0.48084444,0.32419944,53.579895,99.169815,112.37921,58.851227,0.98220706,0.18635029,0.23158973,0.55139697,0.36856294,0.75535196,1.9767143,17.846283,MOVING
0.19476095,0.096040875,0.1473666,0.3036743,0.5827367,0.60876817,156.44263,158.03537,168.77557,161.06761,1.2399192,0.42066726,0.9162956,1.242401,0.9007998,0.07840439,0.043353707,0.01983021,0.1836097,0.10462304,0.0444293,25.657356,14.709703,10.817443,29.07722,0.21016932,0.018991621,0.023400286,0.077429324,0.032218155,0.023250781,0.0220429,0.11710521,0.057650212,0.41064808,0.50769603,93.59559,131.82396,144.95216,80.40954,0.74804956,0.37115416,0.8511952,1.049234,0.8524185,0.26597357,0.14930144,0.17462036,0.54576105,0.7474897,0.660221,179.76958,177.99258,179.42383,179.94705,1.5288141,0.44726598,0.94347656,1.3347334,0.96333164,0.24272278,0.12725854,0.05751515,0.48811084,0.3368416,0.15252495,86.17399,46.168625,34.471664,99.53751,0.7807645,0.07611182,0.09228134,0.28549933,0.11091316,0.02078044,0.01520322,0.007359026,0.057891242,0.02072491,0.020903023,9.077295,5.2005124,3.8412087,9.27384,0.06854664,0.004369889,0.0064351577,0.02885545,0.010572144,0.030655468,0.022820419,0.010731059,0.10991649,0.031284712,0.027229665,15.252824,8.216669,5.9004464,17.670717,0.09635762,0.0053315028,0.008707923,0.04925476,0.013215082,0.08511835,0.06831639,0.03520041,0.47718713,0.11213052,0.061287284,47.70887,27.108627,15.794357,51.91181,0.3250388,0.012809306,0.027685821,0.21148598,0.030859828,0.60263276,0.44089338,0.21341175,1.678846,0.60102236,0.60618764,263.24158,150.81487,111.39505,268.94135,1.9878525,0.12672678,0.18661958,0.8368081,0.30659217,1.8436332,6.3156953,51.91181,MOVING
0.14580461,0.08245103,0.18532205,0.16419996,0.6480849,0.6952735,163.97112,162.23149,154.88252,156.50887,1.3454404,0.40575913,0.95786947,1.3386067,0.9310343,0.049707662,0.021726994,0.021390058,0.086856686,0.025649425,0.044632845,3.8523252,3.7403414,13.888844,16.247763,0.16784322,0.006418378,0.011244452,0.052750655,0.015986552,0.023985025,0.03785881,0.15799604,0.030431423,0.6148338,0.62754637,156.60274,149.75316,122.07033,105.93168,1.0005655,0.3925265,0.9362469,1.2380295,0.8962635,0.21618074,0.12315186,0.22551154,0.2980078,0.7017299,0.76420516,169.91196,166.26271,172.89279,177.07173,1.5997523,0.4197218,0.97137296,1.4243639,0.9587625,0.19219571,0.085293055,0.06751549,0.26757637,0.08689612,0.13665879,13.309219,16.509552,50.822464,71.14005,0.5991868,0.027195305,0.03512609,0.18633437,0.062499046,0.0066807754,0.0046527884,0.002788126,0.011538553,0.004654685,0.005836201,2.2671745,1.4515344,5.719718,6.7991233,0.056396488,0.0019138609,0.0026438688,0.014929089,0.0050824513,0.007595346,0.004968674,0.0025441756,0.012463448,0.0050583677,0.0076565254,2.8313177,2.1342132,8.969745,12.249431,0.0792897,0.0024236639,0.0038795017,0.020715473,0.0074080518,0.036676634,0.013344247,0.0066697896,0.035847783,0.012020409,0.031870723,6.503067,5.5848083,28.001526,50.59249,0.21193886,0.0070327222,0.008831382,0.052105308,0.021321237,0.19374248,0.13493086,0.08085565,0.33461803,0.13498586,0.16924983,65.74806,42.094498,165.87183,197.17458,1.6354982,0.055501968,0.0766722,0.43294358,0.14739108,1.0903112,3.8862214,50.59249,MOVING
0.25535533,0.16547921,0.25108972,0.44574687,0.78827226,0.81065863,175.65077,173.39798,177.69704,178.80128,1.5452021,0.4124321,0.9254568,1.3573844,0.9675351,0.017019525,0.018145652,0.011051424,0.06897358,0.038051333,0.018233856,3.8757932,6.5718784,2.0327418,0.8681032,0.010338104,0.008091598,0.010016358,0.012016307,0.011122505,0.2131612,0.12812026,0.22529005,0.29816175,0.7050875,0.7634532,164.44322,161.5999,173.21236,177.0743,1.5303347,0.40070632,0.913419,1.3387449,0.93688595,0.27423307,0.18454234,0.26165846,0.5298125,0.8225296,0.8383493,179.87474,179.98396,179.97398,179.90614,1.565653,0.42724657,0.9558902,1.3941864,0.9808147,0.061071873,0.056422085,0.036368415,0.23165077,0.11744213,0.0748961,15.431519,18.384064,6.761627,2.8318481,0.035318255,0.02654025,0.04247117,0.0554415,0.043928742,0.0032469362,0.0025760748,0.002046408,0.010940296,0.004684592,0.0054002013,1.06418,0.869068,0.54730594,0.41977718,0.0042380793,0.0013168084,0.002831015,0.0039682183,0.0029576852,0.0044216807,0.0030312352,0.002261396,0.0140370345,0.0076394686,0.0068534412,1.3433843,1.3294704,0.707182,0.5634841,0.0056023174,0.0014870132,0.0038294194,0.0052597723,0.0040588537,0.016508698,0.0083859265,0.007520303,0.03900665,0.029756963,0.021487892,3.6613617,5.4282837,1.9478302,1.7355347,0.012968302,0.004212439,0.008933544,0.0122100115,0.01090616,0.09416115,0.07470617,0.059345827,0.31726858,0.13585317,0.15660584,30.861221,25.202972,15.871872,12.173538,0.1229043,0.038187444,0.08209944,0.11507833,0.08577287,0.1963025,0.5462864,5.4282837,MOVING
0.25241855,0.16559663,0.251183,0.4481446,0.7718623,0.77433705,178.95932,178.68973,178.89676,178.56178,1.4953129,0.45124063,0.95182824,1.3637549,0.9739161,0.004208001,0.0033988652,0.0063746725,0.0041914475,0.021776062,0.022247124,0.5246349,0.4637949,0.37133723,0.31685355,0.03861788,0.011483812,0.0033900167,0.016881922,0.008689959,0.24616401,0.16061799,0.24261595,0.4372607,0.74561596,0.7488285,178.08473,177.73376,178.13275,177.95625,1.4551041,0.42725807,0.9423073,1.3356678,0.9582696,0.25898555,0.1732093,0.26333,0.45471764,0.806039,0.81225836,179.8265,179.82108,179.88907,179.31819,1.5552996,0.4670525,0.95696044,1.3885257,0.98533857,0.01282154,0.012591302,0.02071406,0.017456949,0.060423017,0.06342989,1.7417755,2.0873108,1.7563171,1.3619385,0.10019553,0.039794415,0.014653146,0.052857876,0.027068973,0.0010479899,0.0007298589,0.0013745103,0.0022870426,0.0035501411,0.004953524,0.37017086,0.2758121,0.19113001,0.22467619,0.004111002,0.0013817087,0.0010804308,0.0038152153,0.0035670996,0.0013975988,0.00094667956,0.0016399426,0.0027058667,0.004662987,0.0060022688,0.4630448,0.34057546,0.2665955,0.27568874,0.005229638,0.0010429347,0.0018494752,0.0054429723,0.0045778947,0.004330218,0.002496928,0.004821986,0.005969614,0.013413012,0.016617358,1.097229,0.7570801,0.68196106,0.59757996,0.014609337,0.004392326,0.005307436,0.013025284,0.0111833215,0.030391708,0.021165907,0.0398608,0.066324234,0.10295409,0.1436522,10.734955,7.9985504,5.5427704,6.5156097,0.119219065,0.04006955,0.031332493,0.11064124,0.10344589,0.07264584,0.16402198,1.097229,MOVING
0.24702758,0.15868816,0.24679121,0.4102124,0.75131595,0.7692893,179.28194,179.1618,179.56364,178.91167,1.4561112,0.4738833,0.9579009,1.3613567,0.99277014,0.0015027225,0.0012824127,0.0032714556,0.008675061,0.006083644,0.018478492,0.5764776,0.7274337,0.4076096,0.55460817,0.0059703505,0.0034829082,0.003727829,0.008261185,0.011372689,0.24446733,0.15689872,0.24193805,0.39142907,0.7390788,0.74037015,177.74675,177.30267,178.38779,177.70622,1.4485662,0.46751612,0.9522703,1.3446629,0.9682025,0.2496682,0.16197456,0.25536627,0.428231,0.7659101,0.81095266,179.9808,179.99545,179.97511,179.80345,1.4760723,0.47877914,0.96382344,1.3830291,1.0127363,0.005200863,0.005075842,0.013428211,0.036801934,0.02683127,0.07058251,2.2340546,2.6927795,1.587326,2.097229,0.027506113,0.011263013,0.011553109,0.0383662,0.04453385,0.00060056715,0.00060935575,0.0005740616,0.0028955413,0.0034724372,0.003742516,0.39464176,0.3322675,0.17612956,0.22299142,0.0022838938,0.00057897385,0.0007124502,0.002728154,0.0025911867,0.00082896074,0.00077652844,0.0009960374,0.0035731338,0.004591228,0.004545015,0.4808322,0.4362384,0.20147662,0.30980697,0.0031527379,0.000735838,0.00084545906,0.0035106645,0.00328912,0.0022975504,0.0016832203,0.004932046,0.0071225464,0.011296928,0.011422694,0.9113617,1.5529938,0.42036438,0.8345642,0.009891391,0.0020168126,0.001964867,0.009830236,0.010150492,0.017416447,0.017671317,0.016647786,0.083970696,0.10070068,0.108532965,11.444611,9.635757,5.1077576,6.466751,0.06623292,0.016790241,0.020661056,0.07911646,0.07514441,0.07645462,0.17894188,1.5529938,MOVING
0.24933581,0.1654995,0.2572934,0.43483838,0.7645036,0.8430887,175.8986,174.60939,178.91937,179.4893,1.532684,0.43675566,0.9559571,1.389421,0.9926776,0.0066600638,0.006131777,0.0051025953,0.020448986,0.014427901,0.012935129,0.8523673,1.9257717,0.47667104,0.3556413,0.04224555,0.017395614,0.0042557423,0.009782524,0.020848349,0.2432791,0.15757012,0.24949074,0.41287953,0.7397702,0.8164036,174.30986,170.79008,177.86563,178.79399,1.4796684,0.41549784,0.9500136,1.3781207,0.9678977,0.26508975,0.1768591,0.26701656,0.4857749,0.794163,0.86327726,177.49658,177.10548,179.99373,179.98428,1.6001718,0.47126615,0.96446604,1.4072359,1.0303292,0.02181065,0.019288972,0.017525822,0.07289538,0.054392815,0.04687363,3.1867218,6.315399,2.1280975,1.1902924,0.120503426,0.05576831,0.014452457,0.0291152,0.062431514,0.0013272732,0.0018388429,0.0014245058,0.003962757,0.00545565,0.008296231,0.58731395,0.5831625,0.37683,0.24022911,0.004624153,0.0020025065,0.0010195806,0.0021795076,0.006302926,0.0017165405,0.0023436456,0.0019324946,0.0048302035,0.0070243897,0.011206926,0.7615247,0.74467295,0.44182262,0.314299,0.004205561,0.0021048067,0.0014317335,0.0029095483,0.007841728,0.004834011,0.006387219,0.004801348,0.01213187,0.015266657,0.031248987,1.8349457,1.7866211,0.8650055,0.8028717,0.015048623,0.007953703,0.0046892166,0.007434368,0.020280719,0.03849092,0.053326443,0.041310668,0.11491996,0.15821385,0.24059069,17.032104,16.911713,10.92807,6.9666443,0.13410044,0.058072686,0.029567838,0.06320572,0.18278486,0.1217313,0.28396636,1.8349457,MOVING
0.26832646,0.1782014,0.26881906,0.48643622,0.7937766,0.82786286,178.14589,177.98753,179.19235,178.49022,1.5908343,0.40926045,0.9390556,1.3779444,0.95047414,0.0031607545,0.0033155254,0.0019707389,0.018030057,0.011263006,0.018544625,0.8447699,0.9141566,0.33296138,0.38820735,0.008054892,0.0041422774,0.0068867886,0.011413121,0.012228956,0.26233384,0.17165262,0.2646275,0.45791474,0.7672074,0.8064202,176.17993,176.21861,178.47269,177.79442,1.5741758,0.4028715,0.9309758,1.3617101,0.9273797,0.27224824,0.18225165,0.27282324,0.5125975,0.8165494,0.8626037,179.98735,179.73044,179.9087,179.29565,1.6031659,0.41617894,0.95100856,1.3958644,0.97209275,0.009914398,0.010599032,0.008195758,0.05468276,0.049342036,0.056183517,3.8074188,3.5118256,1.4360199,1.501236,0.02899003,0.013307452,0.020032763,0.034154296,0.04471302,0.0011445099,0.0014625818,0.00081412855,0.0032723227,0.0058402955,0.0035377783,0.4950246,0.4067604,0.2463984,0.24600536,0.0032151362,0.00058456743,0.0010546405,0.002858577,0.0039176736,0.0016417637,0.0019572799,0.0011808329,0.0037499873,0.008956427,0.005071382,0.5897926,0.5144747,0.30444026,0.3440911,0.0042136093,0.0006651288,0.0012884515,0.0040273126,0.005323184,0.0053749084,0.0056583434,0.004301667,0.009030759,0.02759558,0.015080631,1.4235687,1.1888123,0.66622925,0.908371,0.012351036,0.002103418,0.003229618,0.013178349,0.011975944,0.033190787,0.042414874,0.023609728,0.09489736,0.16936857,0.10259557,14.355713,11.796051,7.1455536,7.1341553,0.09323895,0.016952455,0.030584574,0.082898736,0.11361253,0.09479274,0.21457727,1.4235687,MOVING
0.26786646,0.1747223,0.26918575,0.46267134,0.81850594,0.8254758,178.83878,177.81274,179.23294,178.5858,1.5765661,0.42297447,0.9426524,1.3759017,0.97841436,0.0018912005,0.0011245499,0.0017387762,0.0058003427,0.012607234,0.008036221,0.6355065,0.51419026,0.3428726,0.35332024,0.012705599,0.017102487,0.014550641,0.014462353,0.014526688,0.26324034,0.17140171,0.26661465,0.4492389,0.80079377,0.81131214,177.58041,176.40652,178.5262,177.67273,1.5605612,0.4018864,0.9220009,1.3494976,0.9487159,0.2726326,0.17743284,0.27237824,0.4726526,0.841475,0.8416256,179.85643,178.7022,179.66992,179.16724,1.605721,0.44988614,0.9643887,1.3972844,0.99161446,0.0093922615,0.006031126,0.0057635903,0.023413718,0.040681243,0.030313432,2.2760162,2.2956696,1.1437225,1.4945068,0.045159817,0.04799974,0.042387843,0.04778683,0.042898536,0.0010612884,0.00074352475,0.00094813004,0.0031738353,0.0033755158,0.0037071253,0.33061692,0.39335948,0.17527981,0.19233336,0.002612788,0.0016972094,0.001786008,0.0028143916,0.0023837048,0.0013287643,0.0010750206,0.001239135,0.004291452,0.0049463036,0.004431826,0.4159123,0.50525975,0.22002172,0.25073338,0.0031063757,0.001160238,0.0017416396,0.003604823,0.0034356515,0.002967298,0.002905205,0.0031536818,0.014906138,0.01998061,0.011462629,1.0968628,1.2086334,0.4794922,0.7543793,0.009084821,0.003694594,0.0042057037,0.009231329,0.013223708,0.030777365,0.021562219,0.027495772,0.092041224,0.09788996,0.10750663,9.587891,11.407425,5.0831146,5.577667,0.075770855,0.049219072,0.05179423,0.081617355,0.06912744,0.07439287,0.17483172,1.2086334,MOVING
0.25121316,0.16343424,0.25529134,0.4282326,0.7713409,0.7825335,179.59904,178.61333,179.66476,179.31593,1.4855034,0.46771523,0.96087325,1.3668594,0.9923442,0.006952626,0.0048087193,0.0076490375,0.018070145,0.0148351565,0.026245927,0.2676412,0.678056,0.21167095,0.3991806,0.038156714,0.008445703,0.0028131742,0.014305769,0.004936469,0.24317919,0.15859601,0.24522111,0.40934837,0.7533715,0.74313885,178.96684,177.40764,179.22977,178.38144,1.4367461,0.45167887,0.9571886,1.3532282,0.9843857,0.26629102,0.17331354,0.2679179,0.4674039,0.8039643,0.8225653,179.99326,179.94481,179.934,179.84875,1.5584582,0.481861,0.9667227,1.3974571,1.0018886,0.023111835,0.014717534,0.022696793,0.05805552,0.05059284,0.07942647,1.026413,2.5371704,0.7042389,1.4673157,0.12171209,0.030182123,0.009534121,0.04422891,0.017502904,0.0010686538,0.00061692606,0.0013080075,0.0029908027,0.0033130029,0.003946152,0.20044945,0.4438645,0.12008825,0.17392178,0.0045713596,0.0010437883,0.00073534047,0.0023804451,0.0025240963,0.0012661387,0.0008109579,0.0015099938,0.0036330114,0.0043225875,0.004788689,0.2652821,0.5933137,0.15890463,0.22417004,0.0040143086,0.0007565017,0.001089332,0.003585339,0.0036614747,0.004572034,0.0026992857,0.0039616823,0.0129007995,0.014012933,0.013290167,0.8048401,1.5380707,0.32017517,0.5389557,0.013765097,0.0029484034,0.0028537512,0.0112320185,0.011490107,0.030990958,0.017890856,0.037932217,0.08673328,0.096077085,0.114438415,5.813034,12.87207,3.4825592,5.0437317,0.13256943,0.030269861,0.021324873,0.06903291,0.073198795,0.06418817,0.17126776,1.5380707,MOVING
0.24659576,0.15942326,0.24805303,0.4205852,0.7534972,0.7656505,179.1875,179.12936,179.75465,179.3224,1.4419206,0.48206455,0.959107,1.3563918,0.99655247,0.0023923034,0.00094908214,0.002159863,0.003526916,0.006189788,0.004712735,0.71546793,0.48747244,0.19847594,0.451951,0.0058916896,0.002757293,0.0030990385,0.0071671223,0.0065617813,0.24347572,0.15778579,0.24468166,0.41310704,0.74165636,0.7558977,177.54799,178.06044,179.12393,178.20294,1.4347882,0.4770556,0.95220035,1.3449512,0.98601496,0.25193694,0.16159265,0.25351802,0.42675835,0.76855975,0.7750771,179.99652,179.83868,179.97913,179.94888,1.4519463,0.48523343,0.9627701,1.3683627,1.010808,0.008461222,0.0038068593,0.008836359,0.013651311,0.02690339,0.019179404,2.448532,1.778244,0.8551941,1.7459412,0.017158031,0.008177817,0.010569751,0.023411512,0.024793029,0.0008073187,0.0006107174,0.0005976994,0.002034619,0.004018352,0.00294649,0.3329594,0.3666608,0.16294283,0.22992153,0.0018510325,0.00041481954,0.0008189082,0.002299576,0.0027890082,0.0010230588,0.0007938022,0.0007186352,0.0027092139,0.005192523,0.0042995755,0.39842373,0.4798878,0.19703433,0.30456313,0.0032956905,0.0005742658,0.0011991421,0.0038880028,0.0040213745,0.003914669,0.0024644136,0.00173226,0.006475836,0.012502313,0.014157236,0.84617615,1.1885223,0.41645813,0.7171936,0.014111996,0.0019087791,0.0034880042,0.012369871,0.014473736,0.023412243,0.017710805,0.017333284,0.05900395,0.11653221,0.085448205,9.655823,10.633163,4.725342,6.6677246,0.053679943,0.012029767,0.023748338,0.0666877,0.08088124,0.07411154,0.17156349,1.1885223,MOVING
0.26352498,0.17124213,0.2677665,0.45289198,0.794755,0.81247514,179.34439,179.15347,179.47244,179.20093,1.5318875,0.43236881,0.9416974,1.3586272,0.970409,0.008123923,0.006557223,0.013828745,0.018765045,0.030417323,0.027727338,0.6096903,0.7878587,0.43031266,0.40108135,0.066453114,0.033737686,0.010684943,0.009218975,0.021741187,0.25357446,0.16266502,0.25389394,0.42230368,0.7570922,0.7738814,177.34445,177.11897,178.41649,178.32297,1.4420656,0.37437132,0.92165923,1.3452408,0.92253625,0.27805322,0.18240505,0.29378533,0.48255768,0.84587765,0.8694617,179.98114,179.97734,179.92969,179.92888,1.6513876,0.47664854,0.9545777,1.3744302,0.9958799,0.024478763,0.01974003,0.039891392,0.060254008,0.08878547,0.09558034,2.6366882,2.858368,1.5131989,1.6059113,0.20932198,0.10227722,0.032918453,0.029189348,0.073343635,0.0013668897,0.0011016835,0.0019361716,0.0034794079,0.0048485934,0.0073431237,0.4021012,0.37379456,0.2811937,0.24924706,0.0072674956,0.003550993,0.0012975767,0.0030733799,0.0043258546,0.00169981,0.001390988,0.0032258402,0.0040032137,0.006780571,0.010132897,0.6292311,0.542817,0.39688578,0.35968024,0.005680176,0.003155157,0.0017798736,0.005164617,0.00580204,0.005874604,0.0038866699,0.013941646,0.011356056,0.025358379,0.030380607,2.3098602,1.7233276,1.1053009,1.1238556,0.025818467,0.009005606,0.0062689185,0.020940304,0.021071434,0.0396398,0.03194882,0.056148976,0.100902826,0.1406092,0.21295059,11.660934,10.840042,8.154617,7.2281647,0.21075737,0.102978796,0.037629724,0.08912802,0.12544978,0.08972852,0.23928228,2.3098602,MOVING
0.27784255,0.18292502,0.28221372,0.4920055,0.8409187,0.86970085,178.21458,179.12247,179.04942,178.36748,1.6446347,0.37605202,0.9207332,1.3782692,0.94957167,0.007467329,0.0061280853,0.0069737635,0.032511197,0.023673996,0.016065147,0.89775515,0.6506579,0.47998124,0.27780265,0.03495782,0.009625274,0.0031933961,0.01490062,0.007637135,0.26403797,0.16949196,0.26496142,0.43458885,0.78765166,0.8324924,176.37592,177.73602,178.23958,177.84937,1.5622427,0.36670166,0.9153386,1.3458793,0.93532205,0.2864851,0.19005442,0.2886574,0.5294533,0.87005305,0.8936587,179.82393,179.98,179.96413,178.93439,1.67355,0.39988023,0.9267163,1.3961004,0.97154987,0.022447139,0.020562455,0.023695976,0.09486443,0.082401395,0.061166286,3.4480133,2.2439728,1.7245483,1.085022,0.11130726,0.033178568,0.011377752,0.050221086,0.036227822,0.001241089,0.0011084655,0.0014432463,0.0048186285,0.0056404555,0.004509833,0.45939794,0.30791238,0.19699623,0.1612612,0.0047132107,0.0013577794,0.00080903235,0.0032249854,0.0037671144,0.0015581866,0.0014409361,0.0019233125,0.0057401033,0.00779463,0.0062410664,0.61614096,0.41544744,0.262028,0.20039451,0.006894629,0.0014574009,0.0010898974,0.0046371045,0.005019707,0.004037261,0.0039254576,0.0054942667,0.0149616,0.028550565,0.01700759,1.8068085,0.9932709,0.7362366,0.56073,0.020967603,0.003591001,0.0028204918,0.017931819,0.010817528,0.03599158,0.0321455,0.041854143,0.13974023,0.1635732,0.13078517,13.32254,8.929459,5.7128906,4.6765747,0.1366831,0.039375603,0.023461938,0.093524575,0.10924631,0.07721344,0.1966548,1.8068085,MOVING
0.2593354,0.16811399,0.25655484,0.45730355,0.795834,0.8021991,178.49847,177.97597,179.48834,178.30562,1.5242436,0.4490434,0.9558454,1.3814582,0.99325997,0.0075160763,0.0058823614,0.0067343353,0.019633701,0.020687668,0.022391118,0.9948836,0.9632591,0.32436368,0.41688323,0.039971992,0.021906799,0.01219685,0.011386556,0.009443688,0.24599312,0.15601209,0.24719016,0.4168827,0.76615363,0.76418656,176.96953,176.71375,179.0055,177.48308,1.4542829,0.4051536,0.9207511,1.3523474,0.9668062,0.2692743,0.17541881,0.26848927,0.48033455,0.83584076,0.83158827,179.97697,179.9179,179.99872,179.02199,1.5736264,0.48299348,0.965394,1.3956916,1.0064466,0.023281172,0.019406721,0.021299109,0.06345186,0.06968713,0.06740171,3.0074463,3.2041473,0.9932251,1.5389099,0.11934352,0.07783988,0.044642925,0.04334426,0.039640427,0.0012546495,0.00085283356,0.0017147743,0.0041083326,0.004395528,0.006033969,0.33196864,0.47939536,0.19972703,0.21187039,0.00501525,0.0026841338,0.0018678287,0.0029187284,0.0036759295,0.0015384388,0.00090671435,0.0021517267,0.0061407415,0.005572461,0.0083344765,0.4505119,0.57974094,0.25244904,0.30934286,0.005460405,0.0014655429,0.0022573532,0.0039871694,0.0045980276,0.004897952,0.002587691,0.0052093267,0.018529505,0.016407192,0.027794957,1.3414307,1.4492493,0.5913696,0.93826294,0.016256094,0.0058899224,0.007766962,0.01066184,0.011101186,0.036384836,0.024732172,0.049728453,0.11914164,0.12747031,0.17498511,9.62709,13.902466,5.7920837,6.1442413,0.14544225,0.07783988,0.054167032,0.084643126,0.10660195,0.08383223,0.19955315,1.4492493,MOVING
0.24962945,0.16167384,0.2475752,0.44207975,0.7619727,0.7630104,179.62442,179.14984,179.4879,179.28375,1.4545536,0.48278052,0.965368,1.3690091,0.99842477,0.0055106715,0.0044684233,0.0033598936,0.033375774,0.013330267,0.016120484,0.29654709,0.6483108,0.3624837,0.58726865,0.023807904,0.008484918,0.0016049675,0.01135773,0.011343695,0.24379747,0.15562901,0.2433852,0.4004233,0.7425667,0.7389447,178.82579,177.30702,178.4032,178.16621,1.4261237,0.4678293,0.96206737,1.3519981,0.9783942,0.25860927,0.16918525,0.2541232,0.48681024,0.7841621,0.8066457,179.97261,179.93866,179.94252,179.99577,1.499414,0.49196947,0.96776736,1.3930376,1.0151775,0.014811799,0.013556242,0.010738015,0.08638695,0.0415954,0.06770098,1.1468201,2.6316376,1.5393219,1.8295593,0.07329023,0.02414018,0.005699992,0.041039467,0.036783278,0.0010515508,0.00075254304,0.0009341918,0.0045839776,0.0040240022,0.0050068866,0.28636697,0.5968486,0.2482363,0.19883044,0.0037499254,0.001003253,0.0006138374,0.0032019904,0.003567819,0.0014077727,0.00091063074,0.0011797679,0.005751365,0.005164842,0.007685483,0.33936384,0.7993991,0.34385094,0.27159205,0.0044046715,0.0010323772,0.0008187526,0.004552406,0.005106222,0.0030892044,0.0031528175,0.0026469529,0.015928477,0.015914023,0.031526744,0.63237,2.1666718,1.0688019,0.7595215,0.009836912,0.0026451647,0.0018115044,0.013633132,0.017464101,0.030494973,0.021823749,0.027091563,0.13293535,0.11669606,0.14519972,8.304642,17.308609,7.1988525,5.766083,0.10874784,0.029094338,0.017801285,0.09285772,0.10346675,0.09058482,0.23443967,2.1666718,MOVING
0.25833058,0.17054558,0.2579214,0.4827362,0.7840572,0.80730134,178.20367,178.89154,179.02448,179.54482,1.5217474,0.45389137,0.9619661,1.3812195,0.98881346,0.0039000274,0.002999783,0.0020739126,0.0110326735,0.014576863,0.013692582,1.1038185,0.6503736,0.5253474,0.361912,0.013985094,0.0072738896,0.0041694827,0.005132654,0.019563453,0.25181603,0.1671328,0.25476837,0.4611892,0.75363004,0.7826785,175.95534,177.57018,178.20633,178.62363,1.498058,0.4447223,0.9552675,1.3740408,0.9607103,0.26459783,0.17674674,0.2633419,0.5024789,0.80758333,0.825694,179.87631,179.9016,179.9461,179.99274,1.5403571,0.46622103,0.96604717,1.3904393,1.0106304,0.012781799,0.009613946,0.008573532,0.041289687,0.05395329,0.04301554,3.9209747,2.331421,1.7397766,1.3691101,0.04229915,0.02149874,0.010779679,0.01639843,0.049920082,0.0011321707,0.0022092338,0.0009812055,0.0044683455,0.004123768,0.003877759,0.84578836,0.5997772,0.35435116,0.19301262,0.0025927855,0.00078829814,0.00058238464,0.0014995008,0.0026919306,0.0014819693,0.0028709515,0.001265649,0.0056666066,0.0056711463,0.004537049,1.1041559,0.818407,0.4515995,0.25872993,0.0037188241,0.0007325993,0.00089876575,0.0022180835,0.0035372246,0.0044608414,0.005715862,0.0034074783,0.015345246,0.01910311,0.009811997,2.5521393,2.0593872,1.0276947,0.7822113,0.009760976,0.0025961697,0.0038979053,0.007661104,0.0135566,0.03283295,0.06406778,0.02845496,0.12958202,0.11958927,0.11245501,24.527863,17.39354,10.276184,5.5973663,0.07519078,0.022860646,0.016889155,0.043485522,0.07806599,0.13452514,0.35507074,2.5521393,MOVING
0.25479543,0.16783945,0.25907892,0.4697828,0.76778346,0.7946487,178.80095,177.68831,179.55452,178.84714,1.5067381,0.44754553,0.9560217,1.3694283,0.9671573,0.00082844845,0.0013697535,0.0009778242,0.0092433775,0.005128589,0.011398578,0.6897523,0.71574926,0.32781535,0.41018355,0.004398938,0.0017041578,0.0009015488,0.0045004142,0.0074267522,0.2531194,0.1661638,0.25566575,0.4550162,0.75806856,0.77277887,177.33347,176.2199,178.77715,177.81288,1.497579,0.44491953,0.9544816,1.3618445,0.95583975,0.25630802,0.17079915,0.2607095,0.4879853,0.7801268,0.81294423,179.88995,179.12526,179.98163,179.42575,1.514481,0.45012695,0.95862484,1.3784152,0.97841346,0.00318861,0.004635349,0.005043745,0.032969117,0.022058249,0.040165365,2.556488,2.905365,1.204483,1.6128693,0.01690197,0.0052074194,0.004143238,0.016570687,0.02257371,0.0006555555,0.0005667086,0.0004942397,0.00292443,0.0029515892,0.0033440406,0.33830208,0.45213264,0.25287285,0.25581202,0.0015042116,0.000297086,0.0005173642,0.0022438518,0.0024630139,0.0008223006,0.0007237296,0.00060654944,0.0035294888,0.0036404713,0.0054400065,0.4789676,0.61042327,0.33904624,0.37944287,0.0023417966,0.00034058496,0.0007098248,0.0032292402,0.0036345504,0.0015530884,0.0022304654,0.0013744533,0.008293897,0.008846879,0.021679461,1.2878113,1.8205719,1.0230255,1.1923065,0.0078006983,0.0008698404,0.0020205379,0.008872271,0.0120177865,0.01901111,0.01643455,0.01433295,0.08480847,0.085596085,0.096977174,9.8107605,13.111847,7.333313,7.4185486,0.043622136,0.008615494,0.015003562,0.0650717,0.071427405,0.08780544,0.2232461,1.8205719,MOVING
0.2565003,0.16657086,0.2544405,0.46090704,0.78703934,0.7793534,178.91176,178.33041,178.9955,178.74907,1.512111,0.4556917,0.96076274,1.3770093,0.98398507,0.0033329844,0.0019431935,0.0024288055,0.007843287,0.011867081,0.009938857,0.6590069,1.2347172,0.39885375,0.8263688,0.008992696,0.0031790077,0.0036470415,0.007710446,0.011179223,0.25206378,0.16215017,0.25062332,0.44405156,0.770091,0.76353645,177.34874,174.51575,178.12256,177.18883,1.500033,0.45063514,0.9559691,1.3667046,0.9614838,0.26132557,0.16913614,0.26080123,0.4741756,0.80460674,0.7955218,179.94583,179.8375,179.88417,179.99141,1.5321183,0.46021324,0.96712255,1.3901185,1.0003058,0.009261787,0.0069859624,0.01017791,0.030124038,0.03451574,0.031985343,2.5970917,5.321747,1.7616119,2.8025818,0.0320853,0.009578109,0.01115346,0.023413897,0.038821995,0.0011399995,0.0009186766,0.00067381613,0.004397456,0.002829486,0.004401328,0.42657366,0.97430736,0.3622268,0.34097132,0.0024819374,0.0004944267,0.0007572421,0.0018940794,0.0031939992,0.0014007948,0.0012779364,0.0008196036,0.0056936983,0.003990081,0.00677985,0.63686293,1.3082238,0.45139825,0.42640156,0.0040301243,0.00061206816,0.001047596,0.0034169753,0.004336195,0.0027033687,0.0042113066,0.0023130178,0.012507886,0.012096584,0.017875671,1.7756653,2.7993011,0.9863434,0.841156,0.015544057,0.0012760758,0.0029307604,0.014076114,0.011962235,0.033059984,0.026641622,0.019540668,0.12752622,0.08205509,0.12763852,12.370636,28.254913,10.504578,9.888168,0.071976185,0.014338374,0.02196002,0.054928303,0.092625976,0.14181744,0.3836108,2.7993011,MOVING
0.322328,0.18349786,0.26932245,0.31071943,0.85685164,0.7844993,170.09084,154.82584,177.21562,178.84012,1.5408351,0.47398192,1.0021728,1.4400065,1.0656416,0.03808513,0.021441365,0.015548386,0.074587636,0.057578836,0.11925565,4.0847826,33.950485,1.6614157,0.7297988,0.114462815,0.008692369,0.026510457,0.069338396,0.11828943,0.2655651,0.15310721,0.24014805,0.1721149,0.76403314,0.47285497,160.02411,47.77963,174.0813,177.49657,1.2923908,0.46355656,0.95825505,1.3143599,0.83664,0.36628994,0.21368898,0.29463488,0.4274806,0.94588816,0.8912619,176.7823,177.17456,179.55167,179.87886,1.7078488,0.48945427,1.0461186,1.5592752,1.2035232,0.100724846,0.060581774,0.054486826,0.25536573,0.18185502,0.4184069,16.758194,129.39493,5.4703674,2.3822937,0.41545796,0.025897712,0.087863564,0.24491525,0.36688316,0.0040119784,0.003905937,0.003774187,0.014373588,0.012752348,0.019126432,1.6880704,5.1294246,0.749909,0.45916694,0.032732002,0.0017646654,0.0061071618,0.021005766,0.013551301,0.0044401716,0.0053383387,0.005267154,0.018515255,0.015119949,0.024697788,2.5386574,9.891038,1.0258194,0.6453181,0.04526825,0.002415167,0.008328764,0.028709201,0.013555639,0.016575843,0.017372325,0.014957562,0.05838351,0.037401855,0.08592495,9.06778,46.258724,3.370926,1.938858,0.10683203,0.0058238506,0.031867146,0.07867932,0.044421673,0.11634737,0.113272175,0.10945143,0.41683406,0.3698181,0.5546665,48.95404,148.75331,21.74736,13.315842,0.94922805,0.051175296,0.17710769,0.6091672,0.39298773,0.54397845,2.8278725,46.258724,PHONE_USAGE
0.24689993,0.16545941,0.23248559,0.23177052,0.41512042,0.3209828,53.43836,16.945112,176.8195,178.49464,1.4009304,0.46513516,0.95958877,1.330875,0.6221953,0.0063588307,0.0033874498,0.009552699,0.11055192,0.15388627,0.03598165,55.323914,4.3279457,1.0412785,0.7554285,0.026474355,0.004775886,0.0042616315,0.018274887,0.08239842,0.2405212,0.15933445,0.22349712,0.15026505,0.3135697,0.28594443,17.72711,11.861449,174.87494,177.45694,1.372037,0.4590745,0.9529462,1.309732,0.5643481,0.26378992,0.16987713,0.2586109,0.46797282,0.76137936,0.43337446,167.17767,32.99327,177.91771,179.83153,1.471354,0.47198385,0.9662142,1.3682572,0.8206517,0.02326873,0.010542676,0.03511378,0.31770778,0.44780967,0.14743003,149.45056,21.13182,3.0427704,2.374588,0.099316955,0.012909353,0.013267994,0.058525205,0.2563036,0.0013564553,0.00080964225,0.0013199094,0.012852903,0.01636094,0.0067519196,5.455043,1.0742347,0.22557858,0.25056562,0.003916243,0.00058411626,0.0010602351,0.002106753,0.009773976,0.0016258823,0.0009975927,0.001924294,0.02008978,0.027057236,0.010635397,13.228661,1.9165477,0.2808015,0.3068238,0.0043294663,0.00074632803,0.0015617104,0.0025208208,0.01595067,0.0042393506,0.0027934313,0.009976536,0.06768286,0.094175816,0.040176064,55.616196,8.376005,0.7108917,0.91851807,0.016388655,0.002161771,0.0053988695,0.010728955,0.05541736,0.039337203,0.023479626,0.038277373,0.3727342,0.47446725,0.19580567,158.19624,31.152805,6.5417786,7.266403,0.11357105,0.016939372,0.030746818,0.061095834,0.2834453,0.47082087,3.6538384,55.616196,PHONE_USAGE
0.24448796,0.1661765,0.22195703,0.17976628,0.3336542,0.35005423,24.55363,21.360445,177.8094,177.05002,1.367733,0.47127852,0.9621131,1.3219154,0.61584705,0.0025516192,0.0008448411,0.0016520657,0.008095412,0.009156816,0.008679457,0.7373136,2.6103706,0.22786777,0.17770432,0.0065714438,0.005371966,0.0034725538,0.004958678,0.013399477,0.23908347,0.16467442,0.21808761,0.16456944,0.31519616,0.32785973,23.375448,15.620071,177.18748,176.75842,1.3554649,0.45976025,0.9534782,1.3110596,0.58446264,0.24768886,0.16806343,0.22403419,0.1892435,0.34344682,0.35936028,25.675652,24.076895,178.23627,177.61195,1.3780563,0.47619605,0.96534956,1.3283174,0.6274143,0.008605391,0.0033890158,0.0059465766,0.024674058,0.028250664,0.031500548,2.3002033,8.456823,1.0487823,0.8535309,0.022591352,0.016435802,0.011871338,0.01725781,0.042951643,0.00056472985,0.00033206312,0.0005880851,0.0014906783,0.0014743537,0.0017180237,0.22637841,0.40599453,0.138071,0.15491775,0.0018448213,0.00058697624,0.0006062676,0.001088463,0.0016484178,0.0007354152,0.0004687238,0.0008522566,0.001770934,0.0020068353,0.002291826,0.30283272,0.47590646,0.20510119,0.2002521,0.0021135588,0.0006757283,0.0008952856,0.0016219306,0.001871284,0.0017068237,0.0011419803,0.002350971,0.0040225536,0.0069383085,0.0058995485,0.86966705,1.1714516,0.7533417,0.54196167,0.004569173,0.0024300814,0.0031703115,0.006132841,0.005494833,0.016377166,0.009629831,0.017054468,0.04322967,0.04275626,0.049822688,6.564974,11.773842,4.004059,4.4926147,0.053499818,0.017022312,0.01758176,0.031565428,0.047804117,0.062486973,0.16145147,1.1714516,PHONE_USAGE
0.23965125,0.16626236,0.21676375,0.17083153,0.32501525,0.32392523,24.032217,17.808083,177.45972,177.94785,1.3571736,0.4746631,0.9607139,1.3186008,0.60697085,0.0016940719,0.0015822578,0.0013491288,0.00652865,0.0030055789,0.010162685,0.8229547,1.4821614,0.31849945,0.45363373,0.0055152923,0.001421198,0.0018621823,0.0018279108,0.0074919914,0.23629577,0.16355422,0.21408828,0.16294926,0.3190544,0.31417757,22.836971,16.212105,176.92838,176.87549,1.3470193,0.47276133,0.95791095,1.3146654,0.6002897,0.24458778,0.16892666,0.21877123,0.18551867,0.33113205,0.3460597,25.784138,21.71573,178.11041,178.49821,1.3679801,0.47672275,0.96365154,1.3224403,0.62166905,0.0082920045,0.005372435,0.004682958,0.022569403,0.012077659,0.031882137,2.9471664,5.503626,1.1820374,1.6227264,0.020960808,0.003961414,0.005740583,0.00777483,0.021379352,0.0006929898,0.00047273986,0.00045406254,0.0017449954,0.0010648329,0.0015794788,0.27782446,0.34132373,0.20174487,0.21710941,0.0017097818,0.00019185604,0.00042187757,0.00085753,0.0008705813,0.0009797408,0.00055478094,0.0006219656,0.0021871077,0.0013873909,0.0022333905,0.38376525,0.4854319,0.257489,0.26369104,0.002407111,0.00020522342,0.0005666586,0.0012518362,0.0010772829,0.0032556057,0.0013588965,0.0017612278,0.0071303397,0.004516721,0.008026928,1.1693916,1.5964546,0.65374756,0.591568,0.007204056,0.0005388558,0.001554966,0.0041433573,0.003784418,0.020096704,0.013709456,0.013167813,0.050604865,0.030880153,0.045804888,8.05691,9.898388,5.850601,6.296173,0.049583673,0.0055638254,0.012234449,0.02486837,0.025246859,0.06987088,0.17710662,1.5964546,PHONE_USAGE
0.2400219,0.16797361,0.21712232,0.17250477,0.32090557,0.3149606,21.638395,17.199545,177.514,178.29727,1.3650663,0.47397387,0.9594585,1.319668,0.59903115,0.00029227964,0.0003453274,0.00050366385,0.0042611933,0.0018187918,0.0012508248,1.1331319,0.20281787,0.1404683,0.21359354,0.0054254457,0.00040955082,0.001181545,0.0029606228,0.0013156196,0.23955405,0.16749662,0.21642233,0.16104896,0.3175185,0.31198525,20.288826,16.709023,177.23825,177.90997,1.3576258,0.47299492,0.9567103,1.3140936,0.5956732,0.24057278,0.16863973,0.21815844,0.17677645,0.3235566,0.31675115,24.096046,17.64509,177.82812,178.78416,1.3760952,0.47448635,0.9615126,1.3250278,0.6009219,0.0010187328,0.0011431128,0.0017361045,0.01572749,0.0060380995,0.004765898,3.8072205,0.9360676,0.58987427,0.8741913,0.018469334,0.0014914274,0.004802346,0.010934234,0.0052487254,0.00015097138,0.00013759064,0.00021764122,0.00096944434,0.0006206087,0.0008736448,0.1566458,0.1076061,0.07393462,0.083970696,0.0012039563,0.00012047537,0.00043773858,0.0007990886,0.00051846995,0.00020056887,0.00022221268,0.0003137115,0.0012709127,0.000840664,0.0012913737,0.19731526,0.13770103,0.087653846,0.10815545,0.001969724,0.00016270526,0.00063985557,0.0011822795,0.0007325713,0.0006326586,0.0008406043,0.0010853708,0.004388958,0.0022270977,0.0035288036,0.85513306,0.3274517,0.19718933,0.26831055,0.007032633,0.00039547682,0.0020383,0.0035870075,0.0019385815,0.00437817,0.0039901286,0.0063115954,0.028113887,0.017997652,0.0253357,4.5427284,3.1205769,2.144104,2.4351501,0.034914732,0.0034937859,0.012694418,0.02317357,0.015035629,0.028547125,0.07409569,0.85513306,PHONE_USAGE
0.24029426,0.16794434,0.2172897,0.17308767,0.31892383,0.31097344,20.364174,17.308224,177.56546,178.30336,1.3594863,0.47485468,0.9583063,1.3162544,0.5966833,0.00020044576,0.00016825773,0.000644955,0.00079899695,0.0011713109,0.0007725693,0.18027067,0.14597486,0.067479886,0.11296506,0.0023297248,0.0005319058,0.0008643282,0.0018715115,0.00090147404,0.23978087,0.16757147,0.21618457,0.17168239,0.31687826,0.3091968,19.919333,16.947933,177.43457,178.11935,1.3560213,0.47424406,0.9567543,1.3129702,0.5944854,0.24051595,0.16821936,0.21865721,0.17470522,0.3210161,0.31288955,20.576002,17.510826,177.67938,178.54765,1.3642762,0.4766208,0.96026826,1.3201565,0.5977156,0.0007350743,0.0006478876,0.002472639,0.0030228347,0.004137844,0.0036927462,0.6566696,0.5628929,0.24481201,0.42829895,0.008254886,0.0023767352,0.0035139322,0.0071862936,0.0032302141,0.00011624601,8.371781e-05,0.00022002695,0.0006831196,0.0004158832,0.0005394878,0.072219655,0.09218288,0.05324107,0.06640204,0.0011224747,0.00015571817,0.00046647005,0.0005707864,0.00031974397,0.00015281215,0.000113679074,0.0002775521,0.0008987194,0.0005681941,0.0006762026,0.106761426,0.11367347,0.07052609,0.08232609,0.0017821435,0.00020339919,0.0006398889,0.00073685386,0.00040835663,0.00037179887,0.000350371,0.00070662796,0.0027343929,0.0019339323,0.001458466,0.4171009,0.24662781,0.17599487,0.19340515,0.005914569,0.0005274713,0.0020051003,0.0018894672,0.0013198256,0.0033711344,0.0024278164,0.0063807815,0.019810468,0.012060612,0.015645146,2.09437,2.6733036,1.5439911,1.9256592,0.032551765,0.0045158267,0.013527632,0.016552806,0.009272575,0.019249288,0.045337733,0.4171009,PHONE_USAGE
0.23956347,0.16705438,0.21359855,0.18562147,0.3174818,0.29995638,20.292952,13.342455,177.59247,178.24893,1.3553193,0.47774607,0.9604081,1.3196594,0.59544784,0.00080041,0.0005771402,0.0013403046,0.008188052,0.0008967132,0.013630506,0.592557,3.4271183,0.20817739,0.08436596,0.0074459007,0.00045163985,0.0022494018,0.0036622523,0.007024155,0.23794965,0.16624954,0.21162714,0.17351131,0.31579983,0.2724165,19.566248,7.9342217,177.13715,178.12509,1.3432964,0.47669423,0.95706964,1.3140297,0.5810126,0.24054006,0.16809933,0.21641806,0.19777562,0.31904888,0.31184718,21.710203,17.046495,177.90773,178.42558,1.365265,0.47851485,0.9631717,1.3239259,0.6024836,0.002590403,0.0018497854,0.004790917,0.024264306,0.0032490492,0.039430678,2.1439552,9.112274,0.7705841,0.30049133,0.021968603,0.0018206239,0.006102085,0.009896159,0.021470964,0.00010434975,0.0001286926,0.0002683689,0.0012757527,0.000544288,0.0019908352,0.114617445,0.35270587,0.06217062,0.042903505,0.0011824863,0.00014640648,0.0004812479,0.0006124768,0.0010985547,0.00010581855,0.00016824366,0.00031591332,0.001625878,0.000694184,0.003254385,0.16467242,0.44553974,0.08503828,0.0579085,0.0016676093,0.00020144781,0.0006442487,0.0008680189,0.0017839158,0.0002939999,0.00046029687,0.0008968115,0.006750196,0.0020398796,0.011272132,0.7025356,1.9496622,0.24975586,0.1415863,0.005012274,0.00069889426,0.0019737482,0.0022245646,0.0060201883,0.0030261427,0.0037320852,0.0077826977,0.036996827,0.015784353,0.05773422,3.323906,10.22847,1.802948,1.2442017,0.0342921,0.004245788,0.013956189,0.017761827,0.031858087,0.038682055,0.14246692,1.9496622,PHONE_USAGE
0.23908821,0.1681966,0.2125433,0.17816919,0.3154405,0.28548127,20.740099,13.316656,177.93707,178.3348,1.3581474,0.47698817,0.96058285,1.3204347,0.58853066,0.00071142794,0.0010534695,0.00043317687,0.0065661375,0.004100378,0.011943521,1.175001,1.9465694,0.16938576,0.14300503,0.0054340092,0.0011196268,0.001974093,0.0017544322,0.007950789,0.2378848,0.16654071,0.21165437,0.16288868,0.30758065,0.26763362,19.275846,9.840029,177.64185,178.09717,1.3510557,0.47473222,0.95711595,1.3166347,0.5775118,0.24009621,0.16980134,0.21306895,0.18939652,0.3207885,0.30053034,23.002174,16.06694,178.27866,178.67706,1.3659405,0.47875428,0.9638452,1.3233802,0.59809065,0.0022114068,0.0032606274,0.0014145821,0.02650784,0.013207853,0.032896727,3.726328,6.2269115,0.6368103,0.579895,0.01488471,0.004022062,0.006729245,0.006745577,0.020578861,0.0001602476,0.00015884278,0.00019479415,0.0014905329,0.0008293267,0.002039638,0.23306392,0.4733106,0.07556836,0.062385295,0.0011198521,0.00017744406,0.00047760585,0.0005631036,0.0011957164,0.00019532412,0.00025158067,0.00030005263,0.0016028412,0.0011079843,0.002780177,0.3064639,0.5722811,0.10345886,0.08669858,0.0016226001,0.0002543925,0.0007493709,0.0008361884,0.0016200738,0.00044114888,0.0011381656,0.0010622293,0.0034612715,0.0038222373,0.0068802238,0.7540951,1.2751751,0.27568054,0.21502686,0.0049592257,0.0009765625,0.0018854141,0.0020298958,0.004065275,0.0046471804,0.0046064407,0.00564903,0.043225452,0.024050474,0.059149504,6.758854,13.726007,2.1914825,1.8091736,0.03247571,0.0051458776,0.01385057,0.016330004,0.034675777,0.056849018,0.16412866,1.2751751,PHONE_USAGE
0.24249436,0.17040984,0.2124138,0.16751318,0.31135893,0.2657567,20.552692,14.29053,177.92499,178.4888,1.3726257,0.47085974,0.9618613,1.3268054,0.5735045,0.0011398718,0.0005641667,0.0008600096,0.0024276779,0.0017566988,0.0032571713,0.5086692,0.4303002,0.1826772,0.11485083,0.0063532484,0.0020245328,0.0015406363,0.0030414148,0.0025450487,0.24002664,0.16905305,0.2109734,0.16244389,0.3081293,0.26180384,20.103743,13.126932,177.56766,178.28746,1.3638643,0.46891907,0.9593995,1.3219132,0.56957924,0.24373168,0.17104247,0.21383943,0.17110755,0.3140437,0.27484268,22.021236,14.805899,178.16605,178.66708,1.3851887,0.47458497,0.96449065,1.3318473,0.5787933,0.0037050396,0.0019894242,0.0028660297,0.008663654,0.00591439,0.013038844,1.9174938,1.6789665,0.5983887,0.3796234,0.021324396,0.0056658983,0.0050911307,0.009934068,0.009214044,0.00020022587,0.00011983309,0.0003808973,0.00077843305,0.00044409468,0.0010511628,0.10963854,0.11082833,0.075146906,0.06520028,0.0015693492,0.00022535386,0.00043079155,0.00080178113,0.0005415246,0.0002645573,0.00016622816,0.0005320392,0.0010284953,0.00054288615,0.0014358774,0.16008277,0.14325869,0.10763777,0.087914556,0.0019194451,0.00027710345,0.00055177434,0.0010452004,0.00067410606,0.0008316636,0.0005813241,0.0013569146,0.0026614517,0.0013900697,0.004283726,0.49918938,0.45050907,0.26376343,0.25205994,0.0052028894,0.0011790395,0.0014483929,0.0027860403,0.002231598,0.0058065504,0.0034751594,0.011046022,0.022574559,0.012878746,0.030483723,3.1795177,3.2140217,2.1792603,1.8908081,0.045511127,0.006535262,0.012492955,0.023251653,0.015704215,0.024490502,0.064093605,0.49918938,PHONE_USAGE
0.24268174,0.17067014,0.21345639,0.16686507,0.31264958,0.26744455,20.207653,14.737488,177.98871,178.34674,1.3747647,0.4695118,0.9615654,1.3269317,0.5725778,0.00030945812,0.00023040619,0.0008005837,0.0014237405,0.0011015303,0.0033974226,0.15133537,0.3798978,0.20931435,0.19665305,0.0049745752,0.00042358148,0.0015352642,0.002660562,0.002353617,0.2421185,0.16996133,0.21205601,0.16353717,0.3109883,0.26143026,19.99377,14.099915,177.62415,177.98439,1.3646998,0.46880692,0.9589158,1.3224404,0.5687791,0.24328151,0.17099324,0.21488608,0.16887309,0.31535375,0.272984,20.558804,15.349565,178.31262,178.75671,1.3837601,0.47034502,0.96431553,1.3317869,0.57649404,0.0011630207,0.0010319054,0.0028300732,0.005335912,0.004365444,0.011553735,0.56503296,1.24965,0.68847656,0.7723236,0.019060254,0.0015380979,0.005399704,0.009346485,0.007714927,0.00016858248,0.00010162335,0.0003885596,0.0007007682,0.0005182758,0.0009389941,0.07480674,0.1325654,0.07129327,0.07494749,0.0014445453,9.82264e-05,0.00036325536,0.0007049051,0.0005146758,0.00022022097,0.00014237389,0.0005825129,0.000967465,0.00073542615,0.0014087706,0.10995864,0.17366627,0.09795232,0.10412659,0.0018625382,0.000114652255,0.0004771827,0.0009930613,0.0008187658,0.0005053282,0.00041931868,0.0018699169,0.00238128,0.0018936396,0.0038174987,0.30477142,0.4247856,0.29367065,0.2662964,0.0042642355,0.00032311678,0.00119102,0.0034694672,0.0023138523,0.004888892,0.0029470772,0.011268228,0.020322278,0.015029997,0.027230829,2.1693954,3.8443966,2.067505,2.1734772,0.041891813,0.0028485656,0.010534406,0.020442247,0.014925599,0.023970352,0.060857493,0.4247856,PHONE_USAGE
0.24158062,0.17040406,0.21143627,0.17167886,0.31269607,0.26737705,20.512136,14.075928,178.05635,178.4578,1.3680474,0.47055727,0.961181,1.323939,0.5749746,0.0003523809,0.00014074385,0.000554632,0.0047886646,0.0041924873,0.0015771664,0.3284322,0.3628133,0.15443157,0.17870845,0.003408465,0.00028055912,0.0010150239,0.0018317887,0.0016740604,0.2409408,0.17011338,0.2105825,0.1649657,0.30806598,0.2645488,19.938713,13.202167,177.79605,178.10074,1.3627914,0.47014374,0.95958316,1.3215021,0.5723475,0.24207886,0.17068917,0.2125752,0.18304378,0.32341188,0.27068114,21.115978,14.841718,178.34071,178.68102,1.3731128,0.47108048,0.96336913,1.3269279,0.5789747,0.0011380613,0.00057578087,0.0019927025,0.018078074,0.015345901,0.0061323345,1.1772652,1.6395512,0.5446625,0.5802765,0.010321379,0.0009367466,0.0037859678,0.005425811,0.006627202,0.00013579993,7.3525414e-05,0.00027526094,0.0011444262,0.0009196072,0.000811619,0.112833746,0.12540127,0.105783395,0.06664144,0.0011914762,0.00010467603,0.00046789646,0.0007103024,0.00050486776,0.00018808508,9.722133e-05,0.00038472717,0.0014154359,0.0011342362,0.00096047047,0.14662474,0.14983764,0.14119992,0.103673436,0.0017259249,0.00015962124,0.0006859964,0.0010348815,0.00055506895,0.00061663985,0.0002834797,0.0010441393,0.0042188615,0.0028244555,0.0017933547,0.39908218,0.41056538,0.35443115,0.31462097,0.0051882267,0.0004887581,0.0019059181,0.002542019,0.0010138154,0.003938198,0.002132237,0.007982567,0.033188358,0.026668608,0.02353695,3.2721786,3.6366367,3.0677185,1.9326019,0.034552813,0.003035605,0.013568997,0.02059877,0.014641166,0.027799953,0.066924535,0.41056538,PHONE_USAGE
0.24129567,0.16993992,0.21138449,0.1837557,0.3244537,0.27391586,20.411186,13.912139,178.03584,178.65533,1.3643268,0.47002313,0.9601675,1.3226643,0.5822865,0.00019913928,0.0001669855,0.00025000595,0.0017165251,0.0024112875,0.0054841624,0.64670074,0.60762846,0.116842344,0.101273835,0.0023435499,0.00034080143,0.0009614417,0.0013286948,0.0016683987,0.24096344,0.16962267,0.21098723,0.18063562,0.319614,0.26564878,19.689577,13.131655,177.82158,178.44336,1.3560789,0.46949017,0.9580495,1.3181491,0.57921624,0.24163915,0.17032465,0.21192586,0.18711464,0.32879522,0.28083336,21.386023,14.68565,178.27051,178.8155,1.3665133,0.47070777,0.9617635,1.3246439,0.58488595,0.00067570806,0.0007019788,0.00093863904,0.006479025,0.009181231,0.015184581,1.6964455,1.5539951,0.44892883,0.3721466,0.010434389,0.0012176037,0.003714025,0.0064947605,0.005669713,0.00011162151,7.694394e-05,0.00017658544,0.0005338788,0.0005407169,0.0006624871,0.09333722,0.08584118,0.040380016,0.047095988,0.0010795018,0.00015043595,0.00035185856,0.0006243648,0.00037260714,0.00015650172,9.4612624e-05,0.00023241388,0.00064835337,0.0007214792,0.00077339873,0.11626203,0.09029634,0.05913803,0.06319669,0.0016470335,0.00021726917,0.00046327178,0.0010757503,0.00046452324,0.0004172176,0.0001911521,0.00058968365,0.0016795397,0.0017538667,0.0027218163,0.27596283,0.21638298,0.15826416,0.1487732,0.0052736998,0.0007236302,0.0011273623,0.004324436,0.0013508797,0.003237024,0.0022313744,0.0051209778,0.015482485,0.01568079,0.019212127,2.7067795,2.4893942,1.1710205,1.3657837,0.03130555,0.0043626428,0.010203898,0.01810658,0.010805607,0.018089026,0.044362757,0.27596283,PHONE_USAGE
0.24221358,0.16992214,0.21171458,0.1779954,0.31643862,0.2855799,19.524054,15.326017,177.79057,178.56586,1.3670622,0.4707281,0.95998937,1.3231875,0.5850803,0.0010960647,0.00035723214,0.00048979506,0.002398449,0.0017747299,0.008883035,0.19378452,1.2554969,0.27103344,0.150843,0.00393995,0.0008076412,0.0008741276,0.0017075037,0.004546121,0.24104512,0.16928412,0.21076983,0.17424895,0.31395027,0.2769593,19.167732,14.110219,177.26674,178.40558,1.3608346,0.46926808,0.9581145,1.3203,0.58069044,0.24416508,0.17049412,0.2128246,0.18094917,0.31961304,0.3025887,19.985424,17.669703,178.06995,178.90765,1.374608,0.47187752,0.96197855,1.3269744,0.59377414,0.0031199604,0.0012100041,0.0020547658,0.0067002177,0.005662769,0.025629401,0.8176918,3.5594835,0.8032074,0.5020752,0.013773441,0.0026094317,0.00386405,0.006674409,0.013083696,0.00021503608,0.00010028225,0.00026689007,0.00040512302,0.0003365381,0.0012615529,0.09509593,0.16623296,0.07966035,0.0504424,0.0014126794,0.0001790133,0.00036071087,0.00059987756,0.0006022844,0.00029862692,0.00017599021,0.00034269664,0.00047732753,0.00043117334,0.001900508,0.13503687,0.22311662,0.1300073,0.08729475,0.0018329215,0.00024914442,0.00047220383,0.00077560195,0.00094686233,0.0010657609,0.000644058,0.0009907782,0.0013394654,0.0012984872,0.005621046,0.40497017,0.60292244,0.48583984,0.375885,0.00558877,0.0007394552,0.0014680028,0.001889348,0.0031158328,0.0062360466,0.0029081851,0.007739812,0.011748567,0.009759605,0.036585033,2.757782,4.820756,2.3101501,1.4628296,0.040967703,0.0051913857,0.010460615,0.01739645,0.017466247,0.026478108,0.078278854,0.60292244,PHONE_USAGE
0.24249594,0.1687358,0.20928901,0.17278118,0.3088102,0.2931586,19.602245,16.813265,177.73842,178.52615,1.3593315,0.4724061,0.9609363,1.3226198,0.5902727,0.00055686827,0.0003546865,0.00076052523,0.0027440463,0.0021660002,0.0054040444,0.2600232,0.23131119,0.1816265,0.14181861,0.0028359958,0.00093017024,0.00082092016,0.0013255156,0.0020292439,0.24157184,0.16798918,0.20809029,0.16750808,0.30521384,0.28571272,19.124208,16.368927,177.40567,178.27623,1.3531761,0.47078806,0.9599012,1.3200593,0.58773786,0.24330643,0.16921534,0.21103908,0.1766173,0.3132977,0.3008494,20.058994,17.323082,178.06758,178.74847,1.3636113,0.47374168,0.9626653,1.325249,0.5934542,0.0017345846,0.001226157,0.0029487908,0.009109214,0.00808385,0.015136689,0.93478584,0.95415497,0.661911,0.47224426,0.010435224,0.0029536188,0.0027641058,0.005189657,0.005716324,0.00012546418,0.000103562044,0.00027410532,0.00056270126,0.00047649906,0.0010137177,0.09439133,0.066340216,0.06448627,0.06119669,0.0011142986,0.00017569702,0.0004053198,0.0005789461,0.00039852076,0.00020517377,0.00014688782,0.0003410435,0.00071710587,0.0004981588,0.0012395807,0.124143936,0.090586744,0.09808612,0.0835614,0.0013883837,0.00023940715,0.0005371109,0.00079502584,0.0005120534,0.0007727593,0.0004938692,0.00077463686,0.001659885,0.0011193156,0.0031051338,0.31157303,0.27601814,0.27767944,0.20524597,0.0030254126,0.0007984638,0.0013710856,0.002052784,0.0014802814,0.0036384612,0.0030032992,0.007949054,0.016318336,0.013818473,0.029397815,2.7373486,1.9238663,1.8701019,1.774704,0.03231466,0.0050952137,0.011754274,0.016789436,0.011557102,0.01944289,0.048796102,0.31157303,PHONE_USAGE
0.24206577,0.1688967,0.20991047,0.16717003,0.30620056,0.2900941,19.925215,16.82619,177.88654,178.29155,1.3598156,0.47523108,0.96198124,1.3232894,0.590063,0.00034376595,0.00027527258,0.0006780486,0.0013954538,0.0005095567,0.0025261603,0.20132366,0.1779343,0.12924561,0.13369042,0.0023827187,0.000759609,0.0010344387,0.0012417511,0.0013941749,0.24141864,0.16838822,0.20858923,0.16480844,0.30525118,0.28404295,19.607208,16.54116,177.6629,178.0887,1.3551583,0.47411966,0.95962435,1.3205559,0.5869559,0.24267624,0.16935927,0.21087249,0.17002025,0.30711007,0.29315823,20.457203,17.21834,178.16118,178.51956,1.3638666,0.4764732,0.96419716,1.3255957,0.591678,0.0012575984,0.00097104907,0.0022832602,0.0052118152,0.00185889,0.009115279,0.84999466,0.67717934,0.49827576,0.43086243,0.008708239,0.002353549,0.0045728087,0.005039811,0.0047221184,0.00016164729,9.8789045e-05,0.0002333193,0.0005998673,0.00031545243,0.0012690035,0.07645035,0.071082674,0.05386984,0.039136164,0.0010514834,0.00015620938,0.00047821013,0.0005205253,0.0005937404,0.0002293935,0.00013768654,0.00030351174,0.0008494335,0.00038670306,0.001949613,0.10500857,0.09020872,0.07665487,0.054672543,0.0014284549,0.00018835238,0.00070350524,0.00067088025,0.00092093,0.00072078407,0.00045995414,0.0010221303,0.0026585013,0.0008794069,0.006539792,0.2978859,0.23749161,0.23699951,0.19487,0.004140854,0.00048196316,0.0019275546,0.0016528368,0.0029886365,0.004687771,0.0028648823,0.0067662597,0.017396152,0.009148121,0.0368011,2.21706,2.0613976,1.5622253,1.1349487,0.030493021,0.004530072,0.0138680935,0.015095234,0.01721847,0.016401151,0.04053699,0.2978859,PHONE_USAGE
0.24170637,0.16907541,0.21007085,0.16654061,0.30506214,0.28958884,19.82904,16.735437,177.85052,178.42548,1.3564719,0.47734156,0.96212363,1.3222796,0.591072,0.00044726775,0.00046918454,0.0009143245,0.001080894,0.0013311182,0.0022410462,0.10271099,0.26350242,0.18626378,0.22176225,0.0070760427,0.00034502192,0.001519815,0.0027641365,0.0010983297,0.2408372,0.16812985,0.208381,0.16450606,0.3028523,0.2858748,19.618391,16.286272,177.45305,178.13141,1.3456532,0.47661048,0.9603995,1.3190145,0.589102,0.24258626,0.16966878,0.21185686,0.1685783,0.30712602,0.2937598,20.03473,17.135801,178.14026,178.84529,1.3687698,0.47783864,0.96612114,1.32793,0.5928875,0.0017490536,0.0015389323,0.0034758598,0.004072234,0.0042737126,0.007884979,0.41633987,0.84952927,0.6872101,0.71388245,0.023116589,0.0012281537,0.0057216287,0.008915424,0.003785491,0.0001527035,9.029744e-05,0.00037463728,0.0004930691,0.00048267224,0.0011288626,0.06626452,0.08046071,0.06155764,0.06510925,0.0015629119,0.000152295,0.00050623255,0.00063666806,0.0004885957,0.00018351062,0.000116772935,0.00045665298,0.0006741186,0.00065398053,0.0015406677,0.085752085,0.10230845,0.08708725,0.09722194,0.0021320386,0.00020827413,0.0008235458,0.0008642993,0.0006911048,0.00045010448,0.00033284724,0.0010132641,0.0015198439,0.0018618107,0.004545301,0.200037,0.26784706,0.19537354,0.25138855,0.0068745613,0.00040996075,0.0025250912,0.002158165,0.0020935535,0.0044284016,0.0026186258,0.010864481,0.014299005,0.013997495,0.032737017,1.9216709,2.3333607,1.7851715,1.8881683,0.045324445,0.004416555,0.014680743,0.018463373,0.014169276,0.018630736,0.044945784,0.26784706,PHONE_USAGE
0.24081707,0.16868381,0.20801182,0.16553356,0.30176967,0.28298637,19.682512,16.54129,177.81543,178.60764,1.3495749,0.47890744,0.96272933,1.3213369,0.5899161,0.00028059116,0.0003609786,0.00060051394,0.0010908386,0.0005501289,0.001987238,0.26871282,0.24311407,0.11592903,0.10333082,0.00552659,0.0013511707,0.0009886012,0.0015281158,0.0018172467,0.240177,0.16800304,0.20694378,0.16350812,0.30060202,0.27886364,19.232761,16.167048,177.5907,178.40804,1.3389323,0.4767723,0.9612491,1.3182821,0.58698833,0.24121267,0.16922131,0.20923603,0.1680309,0.30301708,0.2861167,20.11621,16.99132,178.10144,178.84132,1.3555077,0.48137444,0.96473694,1.3236086,0.59309244,0.0010356605,0.0012182742,0.0022922456,0.0045227855,0.002415061,0.007253051,0.88344955,0.82427216,0.5107422,0.43328857,0.016575456,0.004602134,0.0034878254,0.0053265095,0.0061041117,8.974661e-05,0.00011375444,0.00022512983,0.00054204825,0.0003202496,0.0009917329,0.063356206,0.10500349,0.075036936,0.0534447,0.0015130166,0.00019271414,0.00043714867,0.00058247714,0.00054681505,0.00011572765,0.00018714978,0.0002705732,0.0008022144,0.00041640454,0.001387875,0.08294648,0.15163447,0.10870155,0.06996655,0.0020423175,0.00018783835,0.0007346004,0.0008531213,0.0007645899,0.00035138428,0.0006958544,0.0005761683,0.002915755,0.00096428394,0.0041361153,0.25629807,0.41498184,0.28668213,0.18139648,0.0061006546,0.0006931424,0.0021290183,0.0023789406,0.0019626617,0.0026026517,0.0032988787,0.006528765,0.015719399,0.009287238,0.028760254,1.8373299,3.0451012,2.1760712,1.5498962,0.043877482,0.0055887103,0.012677312,0.016891837,0.015857637,0.020159746,0.05217985,0.41498184,PHONE_USAGE
0.23933308,0.16809131,0.20881587,0.16241284,0.30094486,0.28399548,19.722492,16.355433,177.99718,178.55666,1.3496157,0.4835187,0.9640993,1.3225987,0.59351486,0.00039126797,0.00017604625,0.0005598886,0.0015633559,0.00054116297,0.0023444267,0.2073209,0.165375,0.17031886,0.10203459,0.004040838,0.00081462436,0.001304686,0.002407502,0.001401015,0.23855639,0.16759776,0.20718187,0.15832391,0.30009827,0.27822998,19.116383,16.057766,177.78297,178.3358,1.3433709,0.4814012,0.962059,1.3190061,0.5908044,0.24027605,0.16834645,0.20947936,0.16573595,0.30224103,0.28826982,19.972843,16.65237,178.36693,178.70886,1.3559334,0.484883,0.9663866,1.3268011,0.5956527,0.0017196685,0.00074869394,0.0022974908,0.0074120313,0.0021427572,0.010039836,0.8564606,0.5946045,0.58395386,0.37306213,0.012562513,0.0034818053,0.0043275952,0.0077949762,0.0048483014,0.00022772726,8.22431e-05,0.00033385179,0.00079146645,0.00041135735,0.001222183,0.076746516,0.071174756,0.05449966,0.04310029,0.0017234334,0.00016278954,0.00061273575,0.0009978393,0.0005874798,0.00028985573,9.709011e-05,0.0004934369,0.0010573802,0.0005405703,0.0019761792,0.111284085,0.083750844,0.07420414,0.06329998,0.0026003388,0.00025820726,0.0009302385,0.0015001202,0.0009403618,0.00068873167,0.00022099912,0.0018332303,0.0026903152,0.0014838576,0.006945282,0.39310265,0.15748978,0.21273804,0.22705078,0.00947082,0.0010854602,0.002396822,0.004057169,0.0033051372,0.0066040903,0.00238505,0.009681702,0.022952527,0.011929363,0.035443306,2.2256489,2.0640678,1.5804901,1.2499084,0.049979568,0.0047208965,0.017769337,0.02893734,0.017036915,0.016844954,0.04098513,0.39310265,PHONE_USAGE
0.2387228,0.16765307,0.20685431,0.16378032,0.2983893,0.28008378,19.41974,16.22287,177.88942,178.74927,1.3393995,0.48453325,0.9640448,1.3207066,0.5931719,0.00041663751,0.00048544275,0.0011916002,0.0014319604,0.00085300073,0.0017459134,0.17822184,0.18181358,0.08804336,0.096168816,0.004325815,0.00046292006,0.0010127396,0.0018579278,0.00095410843,0.23813869,0.16723384,0.20525995,0.16004385,0.29688224,0.27671805,19.18313,15.953249,177.76654,178.56924,1.3291014,0.48394996,0.96133685,1.3167794,0.59093153,0.23955548,0.16901833,0.20908299,0.16558383,0.30034894,0.2828139,19.808372,16.5979,178.1688,178.93059,1.3467908,0.48524672,0.9658079,1.323302,0.5952659,0.0014167875,0.0017844886,0.003823042,0.0055399835,0.0034666955,0.0060958564,0.62524223,0.6446514,0.4022522,0.36134338,0.017689347,0.0012967587,0.0044710636,0.0065226555,0.00433439,0.00012916737,0.000113198985,0.00019236474,0.0004793431,0.00034114617,0.00095493527,0.060906313,0.074197374,0.055825595,0.043774836,0.0015718526,0.00013237781,0.00040534447,0.0005361623,0.00052580546,0.00018648637,0.00017609523,0.00022731813,0.0006945857,0.00045958045,0.0014453663,0.076869346,0.098725475,0.07214231,0.059101924,0.002104656,0.00019034182,0.00064577506,0.00092430116,0.000774074,0.00047267973,0.00067695975,0.00062058866,0.0020229816,0.0013822615,0.0042262673,0.2128067,0.26316833,0.18258667,0.16041565,0.005482316,0.0006018281,0.0022835732,0.0033402443,0.0018566251,0.003745854,0.0032827705,0.0055785775,0.013900951,0.009893239,0.027693123,1.766283,2.1517239,1.6189423,1.2694702,0.045583725,0.0038389564,0.01175499,0.015548706,0.015248358,0.016005721,0.037374314,0.26316833,PHONE_USAGE
0.23918346,0.16773014,0.2072613,0.16258733,0.29876372,0.2809848,19.331335,16.812881,177.93947,178.5242,1.3451049,0.4848849,0.96402574,1.3219413,0.5940655,0.00033104344,0.0002632398,0.0008963943,0.0017227748,0.0008227646,0.0023531755,0.20815209,0.24182214,0.10351389,0.11888656,0.006600067,0.00029725384,0.0010279985,0.0021150615,0.00080782163,0.23853016,0.16724785,0.2057979,0.15909995,0.29743516,0.27852285,19.037178,16.283148,177.70432,178.36021,1.3361263,0.48423222,0.96154195,1.3193587,0.59316295,0.23969577,0.16828498,0.20846008,0.16576071,0.30094028,0.2856386,19.739355,17.21703,178.17055,178.86646,1.3606846,0.48528227,0.9659991,1.3261998,0.5958816,0.0011656135,0.0010371357,0.0026621819,0.0066607594,0.0035051107,0.0071157515,0.70217705,0.93388176,0.4662323,0.50624084,0.024558306,0.001050055,0.0044571757,0.0068410635,0.0027186275,0.00011727214,9.342001e-05,0.00017211458,0.0005098263,0.00039231367,0.000980705,0.059309993,0.09725005,0.07267551,0.06479671,0.0018832724,9.815549e-05,0.00045974914,0.00065852446,0.00048709122,0.00014421862,0.00012020093,0.0002550083,0.000659869,0.0005070569,0.0016194389,0.073570326,0.119775794,0.08782349,0.09307913,0.0024962134,0.00012844823,0.00061852613,0.00090317184,0.00077371474,0.0003593415,0.00029551983,0.00087086856,0.0013857484,0.0013220608,0.00592494,0.209095,0.2621727,0.17236328,0.30467224,0.0070261955,0.00040343404,0.0013896227,0.002090931,0.0023692846,0.003400892,0.0027091801,0.0049913228,0.014784962,0.011377096,0.028440446,1.7199898,2.8202515,2.1075897,1.8791046,0.0546149,0.0028465092,0.013332725,0.019097209,0.014125645,0.019992316,0.045341462,0.30467224,PHONE_USAGE
0.24081074,0.16909617,0.21111935,0.16624874,0.30451444,0.28939405,20.111607,16.169703,178.0006,178.35191,1.3600402,0.48241347,0.96509117,1.327062,0.5941784,0.00046687582,0.000298021,0.0010542113,0.0025566912,0.0020190612,0.0025816958,0.39039198,0.5275089,0.09125937,0.105860986,0.0039017245,0.0015627216,0.0009169785,0.0017626393,0.001394754,0.2401378,0.16824996,0.20887633,0.16249934,0.30099759,0.2838214,19.666399,15.381896,177.78693,178.17697,1.3519955,0.47909477,0.9630761,1.3234617,0.59114414,0.24174795,0.16954254,0.21258551,0.1708584,0.30699486,0.29373577,20.849356,16.92456,178.15251,178.61328,1.3658485,0.4842984,0.96690786,1.3296914,0.59630764,0.001610145,0.0012925714,0.0037091821,0.00835906,0.0059972703,0.009914368,1.1829567,1.5426645,0.36558533,0.4363098,0.013853073,0.0052036345,0.0038317442,0.0062297583,0.005163491,0.000116697156,0.00010565026,0.00031891413,0.00054537173,0.00043602957,0.0010205292,0.06826342,0.089660875,0.059522957,0.05542992,0.0014576665,0.00018398001,0.00047646515,0.0006770841,0.00052657,0.00014004245,0.00013846354,0.00042483484,0.00076794764,0.0005382205,0.0014492134,0.083875865,0.10667041,0.0828437,0.079474665,0.0019305546,0.00022794453,0.00062872237,0.0009830364,0.00072382303,0.0003796965,0.0003054738,0.0012611449,0.0030740798,0.0014928877,0.0047802925,0.27018356,0.27001572,0.19793701,0.26104736,0.0050314665,0.0009942055,0.0015472174,0.0030269623,0.0020950437,0.0033842176,0.0030638576,0.00924851,0.01581578,0.012644857,0.029595345,1.979639,2.6001654,1.7261658,1.6074677,0.04227233,0.0053354204,0.013817489,0.019635439,0.015270531,0.018582806,0.044792272,0.27018356,PHONE_USAGE
0.24287987,0.17071423,0.21563348,0.16247876,0.307211,0.28975517,21.690763,15.460766,178.01895,178.31111,1.3728588,0.47370473,0.9647083,1.3281509,0.5828732,0.0011617544,0.0011908922,0.002068344,0.0026728474,0.0020615838,0.001837875,0.6661115,0.14620179,0.14025903,0.09295522,0.009799992,0.0028418389,0.0007513945,0.0025230988,0.0030561788,0.24138081,0.1690704,0.21187472,0.15797326,0.3026437,0.2856343,20.742712,15.157396,177.83243,178.1572,1.3571709,0.46847993,0.9633881,1.3253638,0.57857835,0.24553342,0.1725151,0.21853977,0.16952632,0.31106067,0.29323438,22.845776,15.747037,178.32951,178.4713,1.3883189,0.47870937,0.9662127,1.3326483,0.59059846,0.004152611,0.0034447014,0.006665051,0.011553064,0.0084169805,0.007600069,2.1030636,0.5896406,0.49708557,0.31410217,0.031147957,0.010229439,0.0028246045,0.007284522,0.012020111,0.00023866676,0.00019299058,0.00040670612,0.0009026882,0.00074286707,0.0007328165,0.15851323,0.09156145,0.050597094,0.05115325,0.001610908,0.00035971712,0.00038896347,0.0005682131,0.00049747067,0.00028356997,0.00021712153,0.00048127162,0.0012926371,0.0010343306,0.0011083902,0.18984671,0.1301838,0.083105356,0.066714294,0.001815812,0.00030542267,0.0005978413,0.0009306366,0.00072764745,0.0007969141,0.0006777644,0.0013592541,0.004385665,0.002481997,0.003460914,0.43800735,0.31998253,0.3403778,0.17105103,0.0060162544,0.0010828376,0.0017796755,0.003994465,0.0030232668,0.006921336,0.005596727,0.011794478,0.026177958,0.021543145,0.021251678,4.596884,2.655282,1.4673157,1.4834442,0.046716332,0.010431796,0.011279941,0.01647818,0.014426649,0.023897802,0.063057534,0.43800735,PHONE_USAGE
0.24570051,0.171832,0.2239552,0.17223923,0.32726553,0.3185462,23.834478,15.16507,177.83946,178.04047,1.404532,0.45901525,0.96034276,1.3311809,0.58305657,0.00016896879,0.00088396727,0.0020187283,0.0071389624,0.007870856,0.011740693,0.54810315,0.19633216,0.35228658,0.14644916,0.0071325805,0.005220355,0.0033307064,0.0017948138,0.0023786367,0.24523371,0.17074716,0.2184824,0.16135533,0.31199113,0.29444823,22.741205,14.755503,177.39081,177.76607,1.3877045,0.45244956,0.9554851,1.3264346,0.57947123,0.2460128,0.17310004,0.22755073,0.1822114,0.33711326,0.3325571,24.54109,15.588958,178.34518,178.38907,1.412637,0.46780246,0.965206,1.3340223,0.5865926,0.0007790923,0.0023528785,0.009068325,0.020856068,0.025122136,0.038108885,1.7998848,0.8334551,0.9543762,0.6230011,0.024932504,0.015352905,0.0097209215,0.0075876713,0.007121384,0.00013666472,0.00011395792,0.00069791643,0.0011802609,0.0010135687,0.0014436296,0.16211128,0.100896604,0.06350761,0.0668214,0.0019585388,0.0005375743,0.00057044113,0.0009505173,0.00035017318,0.00019395778,0.00017417056,0.00088556664,0.0015896469,0.0010846062,0.0013234006,0.22379579,0.12353372,0.08614019,0.08783735,0.0023830112,0.00042066287,0.0009277924,0.0013994474,0.00040042325,0.0006516278,0.00067926943,0.0024511963,0.0062021166,0.0036382377,0.0037654638,0.7919655,0.29976845,0.21008301,0.28007507,0.007072687,0.0014892817,0.00365448,0.004011154,0.000903368,0.0039632767,0.0033047795,0.020239577,0.034227565,0.029393494,0.04186526,4.701227,2.9260015,1.8417206,1.9378204,0.056797624,0.015589654,0.016542792,0.027565002,0.010155022,0.02681934,0.07042399,0.7919655,PHONE_USAGE
0.24651217,0.17120813,0.22392473,0.18034956,0.3366191,0.33178365,24.609558,15.506634,177.52988,177.88834,1.4085802,0.4503496,0.9547453,1.3259085,0.5851839,0.000506728,0.00016650316,0.0013664832,0.0020538939,0.0011307941,0.0015193444,0.30383238,0.28434488,0.17090487,0.17320798,0.0021574462,0.0008358914,0.0007637976,0.0017020929,0.00056063326,0.24576077,0.17089918,0.22174484,0.17622106,0.334721,0.32913265,24.074293,14.891677,176.99374,177.5845,1.404197,0.4494717,0.9533036,1.3227375,0.5839994,0.24784014,0.17157573,0.22600941,0.18510291,0.33973792,0.33409345,25.154266,15.987965,177.76071,178.27707,1.4137678,0.45229572,0.9564053,1.3301513,0.586234,0.0020793676,0.0006765425,0.004264578,0.008881852,0.005016923,0.004960805,1.0799732,1.0962877,0.7669678,0.6925659,0.009570837,0.0028240085,0.0031017065,0.007413864,0.0022345781,0.00022606655,0.00011303816,0.0004823475,0.000836285,0.0006164857,0.00073855295,0.08859806,0.10037251,0.08181395,0.06656252,0.0009805047,0.00017262019,0.00048761533,0.0007489344,0.0002492173,0.00032455148,0.00017568964,0.00069309963,0.0010377314,0.0009881182,0.0010443162,0.11699219,0.1365942,0.12600966,0.09541698,0.0011847258,0.00022979871,0.00064220343,0.0010798939,0.00036267866,0.00095413625,0.0006765425,0.0017496198,0.002877459,0.0035620332,0.0030860007,0.29424477,0.335927,0.40760803,0.32485962,0.0026305914,0.00056269765,0.0014150143,0.004216075,0.0010921955,0.00655593,0.0032781065,0.013988078,0.024252266,0.017878085,0.021418035,2.5693436,2.9108028,2.3726044,1.9303131,0.028434634,0.0050059855,0.014140844,0.021719098,0.0072273016,0.02286658,0.0582227,0.40760803,PHONE_USAGE
0.24703,0.17095676,0.22528702,0.19625063,0.3417416,0.33817118,22.848074,14.697002,177.41586,178.06679,1.4077507,0.45326486,0.95514137,1.3285631,0.5903441,0.00064504275,0.00030956054,0.0016280911,0.006098827,0.0027869267,0.0043060086,0.5260265,0.48055843,0.21237722,0.21662699,0.0036531372,0.0025154685,0.0011053877,0.0013796975,0.003524699,0.24568653,0.17046905,0.22256212,0.18687643,0.33806062,0.33336392,22.144548,13.841403,177.07547,177.54659,1.4012382,0.44963762,0.9526695,1.324753,0.58623123,0.2480268,0.17150833,0.22766525,0.20370816,0.3455809,0.3437981,23.889517,15.36918,177.87099,178.44885,1.4148804,0.45660692,0.95687556,1.331324,0.5950053,0.002340272,0.0010392815,0.005103126,0.016831726,0.007520288,0.0104341805,1.7449684,1.5277767,0.79551697,0.90226746,0.013642192,0.006969303,0.0042060614,0.0065709352,0.008774042,0.0002590305,0.000116045616,0.0003151395,0.0009302199,0.00047422998,0.0005402565,0.115928784,0.12760244,0.07637971,0.066206835,0.001705519,0.00027139432,0.00063222233,0.00089479313,0.0003484693,0.00037457974,0.00019105039,0.0004129389,0.0012246668,0.00060697563,0.0006778347,0.16688931,0.19911341,0.10011891,0.10468687,0.0023801983,0.00037503472,0.00086983904,0.0011145541,0.00040741672,0.0011107177,0.00050473213,0.0011307597,0.0033278465,0.0016762912,0.0023360848,0.51498985,0.70281696,0.20465088,0.2876892,0.0068798065,0.0013813376,0.0026111603,0.0024760962,0.0011620522,0.007511884,0.003365323,0.009139046,0.026976377,0.013752669,0.015667439,3.3619347,3.700471,2.2150116,1.9199982,0.049460053,0.007870436,0.018334448,0.025949001,0.01010561,0.026173674,0.07366789,0.70281696,PHONE_USAGE
0.2454174,0.17014194,0.22525397,0.19736838,0.3403251,0.33924612,22.850325,14.341497,177.68343,178.11522,1.4000344,0.46075955,0.95834327,1.3293607,0.5970449,0.00056195806,0.00027920873,0.00091049937,0.002489133,0.002895471,0.0024705383,0.1981702,0.15043609,0.16131489,0.23209581,0.0059627057,0.0027372453,0.00132848,0.0010938726,0.0012169253,0.24470818,0.1696439,0.22373112,0.19328001,0.33542696,0.33516586,22.45027,14.065019,177.34769,177.70895,1.391455,0.4566571,0.95658076,1.3270516,0.59511083,0.2468946,0.17100495,0.22685787,0.20169389,0.34458375,0.34296846,23.117363,14.708563,178.00093,178.5461,1.409941,0.46475792,0.9612622,1.3309779,0.59875226,0.0021864176,0.0013610572,0.0031267554,0.008413881,0.009156793,0.0078026056,0.6670933,0.6435442,0.653244,0.83714294,0.018485904,0.008100808,0.004681468,0.003926277,0.0036414266,0.00016221199,0.00012007921,0.00026304967,0.0007338457,0.00035180204,0.00035402694,0.095942594,0.09885574,0.07197571,0.078668006,0.0009782191,0.00028704054,0.00040709766,0.0004333381,0.00016483973,0.00020102455,0.00016302713,0.00033742105,0.00087450724,0.00039813644,0.0003600457,0.123902105,0.13691485,0.09626893,0.10312619,0.0010990439,0.00025058244,0.0006056641,0.0005825398,0.0001881584,0.0005096048,0.0006046891,0.00095307827,0.0017652065,0.0014296174,0.0013504028,0.27602386,0.38091373,0.24362183,0.26571655,0.0033527613,0.0007852018,0.0016819239,0.0020081997,0.00047039986,0.0047041476,0.003482297,0.007628441,0.021281525,0.010202259,0.010266781,2.7823353,2.8668165,2.0872955,2.281372,0.028368354,0.008324176,0.011805832,0.012566805,0.004780352,0.023313172,0.055535775,0.38091373,PHONE_USAGE
0.24465013,0.16954814,0.2260342,0.19383213,0.33719665,0.33783096,23.530333,13.92526,177.28078,178.40762,1.3930668,0.46575987,0.95950043,1.3274758,0.5989955,0.0004506881,0.00021679452,0.0006186703,0.0029283015,0.0016694254,0.0010117632,0.21567518,0.2054826,0.2025073,0.16168556,0.0017095832,0.0006263404,0.0008298262,0.0010029799,0.0010923226,0.24390988,0.16920328,0.22454636,0.19161525,0.33492523,0.33603653,22.853233,13.648748,176.99847,178.13782,1.3902733,0.4647892,0.95807374,1.3256905,0.5980916,0.24553329,0.16993517,0.22681706,0.20498623,0.34205708,0.34083983,23.796318,14.34346,177.65073,178.698,1.3966184,0.46687675,0.9610611,1.329469,0.6024097,0.001623407,0.00073188543,0.0022706985,0.013370976,0.0071318448,0.0048033,0.9430847,0.6947117,0.6522522,0.56018066,0.0063450336,0.0020875335,0.0029873848,0.0037784576,0.004318118,0.00013872981,7.297253e-05,0.00017505576,0.000750127,0.0004239442,0.00036718516,0.10921583,0.10884262,0.044941343,0.054724857,0.0008012344,0.000112110174,0.00042683913,0.0004635597,0.00022336122,0.000222389,0.0001232712,0.00023905511,0.0012745946,0.0005295578,0.0004998114,0.17291091,0.1580739,0.061623096,0.07861267,0.0011200988,0.00016551929,0.00058723043,0.0005822121,0.00033498014,0.00076650083,0.0003966987,0.0006867796,0.0059670955,0.0016486645,0.0017352402,0.665575,0.42670155,0.15953064,0.23068237,0.0030829906,0.000508368,0.0014765859,0.001606822,0.0011740327,0.0040231645,0.0021162033,0.005076617,0.021753684,0.012294382,0.01064837,3.1672592,3.156436,1.303299,1.5870209,0.023235798,0.003251195,0.012378335,0.013443232,0.006477475,0.021445319,0.06252372,0.665575,PHONE_USAGE
0.24732639,0.17023417,0.22915128,0.19841105,0.34972998,0.34340832,23.414417,16.209332,177.29927,178.17084,1.394537,0.4666883,0.9599024,1.3268278,0.6058849,0.00081392407,0.00029495207,0.0015957901,0.004065113,0.003549713,0.0021469302,0.30449605,1.0910165,0.13555643,0.14645092,0.002846147,0.00023068582,0.00089517084,0.0016164387,0.0018913087,0.24561168,0.16987075,0.22598645,0.19231027,0.34268022,0.3394834,23.037367,14.085099,176.90675,177.9319,1.39126,0.46596068,0.95830035,1.323273,0.6028044,0.24883336,0.17104685,0.23189312,0.20501558,0.353681,0.3478911,24.49018,17.488361,177.48695,178.5647,1.401282,0.46711838,0.96162534,1.3290288,0.60797274,0.0032216758,0.001176104,0.0059066713,0.012705311,0.011000782,0.008407682,1.4528122,3.4032621,0.5802002,0.63279724,0.010021925,0.001157701,0.0033249855,0.0057559013,0.0051683187,0.00016237385,9.177266e-05,0.00025963114,0.0010840441,0.00047405116,0.0005319971,0.103034385,0.23940136,0.06627839,0.05738041,0.0014041334,0.00012341655,0.0003503561,0.0006874553,0.00022516168,0.00022753184,0.00011487032,0.00031032917,0.0014874019,0.0005734329,0.00066256744,0.24244127,0.28914836,0.087181926,0.087027766,0.0019087833,0.00017357523,0.000471124,0.0011021723,0.00025702766,0.0008355975,0.00026892126,0.0010730475,0.004788026,0.00182724,0.0018865764,1.2480793,0.6141472,0.2058258,0.25343323,0.005715966,0.000600785,0.0013519526,0.003749013,0.0007622242,0.0047088414,0.002661407,0.0075293034,0.031437278,0.0137474835,0.015427917,2.987997,6.9426394,1.9220734,1.664032,0.040719867,0.00357908,0.010160327,0.019936204,0.006529689,0.031432595,0.09997036,1.2480793,PHONE_USAGE
0.24930353,0.17115791,0.23864129,0.17923555,0.38340393,0.37639797,33.53811,25.717287,177.3228,178.19565,1.4179533,0.4684859,0.9618965,1.3384255,0.6340888,0.004568608,0.0042085736,0.009651475,0.03412086,0.023574566,0.051122736,8.019646,10.376586,0.38986892,0.6321859,0.0347002,0.0068041994,0.0070948,0.02269144,0.034078967,0.24105696,0.1683011,0.22245346,0.1193884,0.35006806,0.22491309,20.061651,3.4059436,176.65929,177.5382,1.3991534,0.45561832,0.95552814,1.3198686,0.5534493,0.26565635,0.1867855,0.27282426,0.26335835,0.41651726,0.42974532,45.473972,39.671715,178.13094,179.84637,1.5718726,0.47988677,0.9882689,1.4182853,0.66995883,0.024599388,0.018484399,0.050370798,0.14396995,0.066449195,0.20483223,25.412321,36.26577,1.4716492,2.3081818,0.17271924,0.024268448,0.03274077,0.098416686,0.11650956,0.0018070196,0.0014997191,0.003561006,0.008952684,0.005991384,0.009966421,1.8586295,2.0985355,0.226482,0.25815135,0.011485396,0.0017234457,0.0025020982,0.006534934,0.0061824075,0.0045026317,0.0035267137,0.010613846,0.015766788,0.011649565,0.017876389,3.5506098,4.1075163,0.31050026,0.42506516,0.0335279,0.004416943,0.0055724825,0.016974831,0.014872355,0.017952725,0.017175525,0.050370798,0.067268625,0.053625822,0.06406778,16.664658,19.214722,0.9951172,1.8921051,0.15851188,0.022516757,0.023217976,0.07394099,0.074519515,0.05240357,0.043491855,0.103269175,0.25962782,0.17375013,0.2890262,53.900253,60.857533,6.567978,7.486389,0.33307648,0.049979925,0.07256085,0.18951309,0.17928982,0.30013368,1.3809203,19.214722,PHONE_USAGE
0.24177903,0.16418569,0.24455623,0.5304942,0.63138986,0.181888,116.80441,4.768927,178.125,179.50517,1.4302306,0.45904538,0.9523373,1.3294301,0.628454,0.0022749205,0.0053044804,0.008091662,0.15726748,0.16121097,0.004385733,55.68218,1.348352,0.9628514,0.38137946,0.015919296,0.0024382928,0.0044079083,0.00858048,0.068706304,0.23627837,0.15555286,0.22692207,0.30212447,0.39427066,0.1762946,29.587708,0.49392375,176.43678,178.7363,1.4051706,0.4530545,0.9429101,1.315419,0.5271573,0.2445285,0.17327563,0.25242856,0.72539383,0.8223214,0.19181408,179.82762,6.325705,179.51984,179.99191,1.4660827,0.46156716,0.9595455,1.347975,0.70730793,0.008250132,0.01772277,0.025506496,0.42326936,0.42805076,0.015519485,150.23991,5.8317814,3.0830536,1.2556152,0.060912132,0.008512676,0.016635418,0.032556057,0.18015063,0.00078206585,0.0010585189,0.0011548647,0.015637578,0.01599449,0.0020067752,5.1806865,0.33375773,0.26219863,0.12049077,0.004268075,0.00047806624,0.0014222922,0.0029768862,0.007504459,0.001136894,0.0016623678,0.0012538397,0.016566211,0.017257117,0.0031273796,5.820933,0.5312528,0.36379123,0.14724535,0.0056181476,0.00076980435,0.0020993126,0.004430469,0.008082421,0.0037837029,0.005526617,0.0037558675,0.054515123,0.058276832,0.0104471445,26.153763,1.7205324,1.3310852,0.35662842,0.014380813,0.0029584765,0.0053503513,0.0131623745,0.026695251,0.02267991,0.030697048,0.033491075,0.45348975,0.4638402,0.058196485,150.23991,9.678974,7.60376,3.4942322,0.12377417,0.013863921,0.041246474,0.0863297,0.21762931,0.3966945,1.9803133,26.153763,PHONE_USAGE
0.24378525,0.16462138,0.24596755,0.71740454,0.8213423,0.17798387,178.7278,3.179235,179.20624,178.92409,1.4799402,0.45467004,0.9595663,1.3594588,0.71022594,0.0006803107,0.0003116996,0.00195648,0.012446291,0.010051727,0.0032209672,0.78156596,0.35694584,0.23069698,0.15449125,0.009823152,0.0021316658,0.0036904337,0.008589507,0.004460393,0.24102598,0.16383043,0.24286269,0.69117117,0.7975878,0.17297506,176.51431,2.7461598,178.77342,178.62105,1.4541279,0.4501271,0.9493425,1.3367631,0.69740975,0.24447797,0.16531055,0.2505082,0.7352057,0.8350838,0.18372756,179.98027,4.211704,179.66647,179.13948,1.4931941,0.45825619,0.9628421,1.3699455,0.7152493,0.003451988,0.0014801174,0.0076455027,0.04403454,0.03749597,0.010752499,3.4659576,1.465544,0.89305115,0.5184326,0.039066195,0.00812909,0.013499618,0.033182383,0.017839551,0.00022162907,0.00016642027,0.0005411213,0.0034228666,0.0030993654,0.0013462146,0.25171635,0.08986486,0.07753149,0.060052805,0.0026495499,0.00037475393,0.0011712806,0.0027118428,0.001726095,0.0003432293,0.00024767566,0.0005829975,0.005141988,0.004374671,0.0019085427,0.41218823,0.10947522,0.10046748,0.10358776,0.0034802111,0.00046307358,0.001705117,0.00343113,0.0022059642,0.001140967,0.00077681243,0.0013362616,0.018054545,0.014139533,0.005864784,1.7627258,0.3294623,0.2866516,0.42893982,0.008560777,0.0017411709,0.005022168,0.007881641,0.005592525,0.0064272434,0.004826188,0.015692517,0.09926313,0.0898816,0.039040223,7.299774,2.6060808,2.248413,1.7415314,0.07683694,0.010867864,0.033967137,0.07864344,0.050056756,0.033106443,0.11452746,1.7627258,PHONE_USAGE
0.25237986,0.17075591,0.24074465,0.2543979,0.38613632,0.23405065,46.084473,13.174261,177.45673,179.58249,1.4200195,0.45530033,0.9578639,1.3298155,0.5464896,0.0052155443,0.0050621815,0.011516124,0.18879732,0.18344592,0.04026615,59.609333,6.580534,0.5491554,0.3377774,0.021098671,0.004485438,0.0042984374,0.0060969563,0.0655149,0.24043697,0.161212,0.22346978,0.118808426,0.22652957,0.17197138,8.662811,0.29591045,176.602,178.85506,1.3812658,0.4493419,0.9470737,1.318922,0.47742188,0.2587537,0.1755378,0.2645815,0.6909793,0.7950196,0.29874995,172.13666,18.522078,179.04312,179.97876,1.4655269,0.4628494,0.9622705,1.3438087,0.6952787,0.018316716,0.014325798,0.041111723,0.57217085,0.56849,0.12677857,163.47385,18.226168,2.4411163,1.123703,0.08426118,0.013507515,0.0151968,0.024886608,0.21785682,0.0013027875,0.0009194273,0.0026397617,0.020516515,0.020307845,0.008084551,5.9852476,0.770587,0.21727937,0.1340795,0.005979842,0.00063846854,0.00092939264,0.002235359,0.0082996525,0.0015674051,0.0015950468,0.003940251,0.033763647,0.030679207,0.013434333,13.617983,1.1306547,0.28985795,0.18029492,0.008198624,0.00076961116,0.0015053841,0.0030561413,0.012583537,0.004092768,0.0063679516,0.012716696,0.11360505,0.10282779,0.05376935,55.165657,3.6669235,0.95906067,0.5496063,0.028303027,0.0022277236,0.006331563,0.0074083805,0.046718,0.037780836,0.026663393,0.07655309,0.5949789,0.5889275,0.234452,173.57217,22.347023,6.3011017,3.8883057,0.17341542,0.018515587,0.026952386,0.064825416,0.24068993,0.47860318,3.7898972,55.165657,PHONE_USAGE
0.23843275,0.16615652,0.22709233,0.33359152,0.19645628,0.4156277,4.2955613,81.304695,176.72359,179.63727,1.3723283,0.4818377,0.96090865,1.3282095,0.5742441,0.0067916517,0.004852685,0.0042849313,0.2062564,0.011707476,0.22686589,2.019314,69.82796,0.60901725,0.3662717,0.019251406,0.011739239,0.007698137,0.004670469,0.105911665,0.22821498,0.1565663,0.22141041,0.11732364,0.18249337,0.17369466,0.15646133,17.014475,175.36958,178.23618,1.3404896,0.4648959,0.94612896,1.3211173,0.45584416,0.24851444,0.1721108,0.2327777,0.6391387,0.2235848,0.74279153,8.453776,179.67043,177.57368,179.99849,1.3975892,0.49741596,0.9700538,1.3376291,0.7273442,0.020299464,0.015544489,0.011367291,0.52181506,0.041091427,0.56909686,8.297315,162.65594,2.2041016,1.7623138,0.05709958,0.032520056,0.023924828,0.016511798,0.27150005,0.0015469779,0.0008932486,0.00071696064,0.018473528,0.0023904038,0.02044218,0.66065943,5.6560125,0.29804307,0.20648772,0.0030587707,0.0011437248,0.0014674561,0.0015498893,0.010191944,0.0020199087,0.0012369475,0.0011048949,0.024110308,0.0029941527,0.027749334,0.809366,10.52325,0.41274047,0.35814172,0.0035926157,0.0011758762,0.002408833,0.0025543396,0.013632385,0.0054784417,0.0036947727,0.0034663528,0.084312975,0.011462659,0.092754394,1.9307733,49.382233,1.4283295,1.5771484,0.011850357,0.0049163103,0.009167194,0.008824825,0.044749618,0.04486236,0.025904208,0.020791858,0.5357323,0.06932171,0.5928232,19.159124,164.02437,8.6432495,5.988144,0.08870435,0.033168018,0.042556226,0.04494679,0.29556638,0.45887187,3.0541184,49.382233,PHONE_USAGE
0.23340273,0.16545153,0.22769035,0.62896794,0.17615713,0.73716265,2.348002,178.81145,176.94185,179.70615,1.3541226,0.49297896,0.9560557,1.3299724,0.7258228,0.0031891114,0.0018020447,0.0022948168,0.00915315,0.0022265213,0.009083043,0.92518884,0.5460261,0.22429888,0.22149476,0.00516269,0.0035448014,0.001930774,0.0037033139,0.0052044326,0.22700363,0.16196094,0.22477774,0.6137686,0.17176996,0.72229314,0.09859785,177.39157,176.5213,179.30008,1.344821,0.48676103,0.9528036,1.324965,0.716258,0.23736034,0.16776969,0.23245127,0.6497565,0.18142213,0.75415844,3.4113955,179.8224,177.34529,179.97043,1.3624028,0.49783033,0.95960164,1.3369293,0.7342018,0.010356709,0.005808741,0.007673532,0.035987914,0.009652168,0.0318653,3.3127978,2.430832,0.82398987,0.6703491,0.01758182,0.011069298,0.006798029,0.011964321,0.0179438,0.00084108784,0.00041196367,0.0005474445,0.0040251613,0.0009843856,0.0042985883,0.2996879,0.29992414,0.15159765,0.09678755,0.0016109368,0.0004189446,0.0005077761,0.0010530332,0.0021904975,0.0010094669,0.0005624536,0.0007590621,0.005650779,0.001289325,0.0058317236,0.38100976,0.39543638,0.20417698,0.13417235,0.002144477,0.00047119588,0.0006762819,0.0013867876,0.0029156036,0.0031277686,0.0015519857,0.002469197,0.015232265,0.0035303086,0.016041398,1.0472023,0.9656677,0.5747223,0.39123535,0.005483985,0.0016281605,0.0015394688,0.0030419827,0.0067709684,0.024391547,0.011946946,0.01587589,0.11672968,0.028547183,0.12465906,8.6909485,8.6978,4.396332,2.806839,0.046717167,0.012149394,0.014725506,0.030537963,0.063524425,0.057659134,0.14419347,1.0472023,PHONE_USAGE
0.23309451,0.16427803,0.2257443,0.61610055,0.17734626,0.7290857,2.6838696,178.8756,177.41159,179.75214,1.3454715,0.48997515,0.95219505,1.3225471,0.7226822,0.0034968155,0.0017234484,0.0014345698,0.0049139927,0.0020833095,0.005955794,0.43161908,0.4081479,0.27930462,0.18705033,0.006893335,0.0030692338,0.0011352593,0.0023766367,0.001409078,0.22887021,0.16198055,0.22298282,0.60661274,0.17341928,0.71755844,2.1365814,178.2973,176.87642,179.27144,1.3352097,0.48576003,0.950721,1.3194342,0.7205075,0.23845617,0.16746311,0.2280969,0.62472653,0.18104626,0.7385406,3.673088,179.88971,178.01012,179.99814,1.3562598,0.49492157,0.9544271,1.3271251,0.7255874,0.009585962,0.0054825544,0.0051140785,0.018113792,0.0076269805,0.020982146,1.5365067,1.5924072,1.1336975,0.7266998,0.021050096,0.009161532,0.0037060976,0.0076909065,0.005079925,0.00071804685,0.00033663778,0.0005586918,0.0016532561,0.0010610798,0.0018456968,0.15558204,0.18483655,0.15455838,0.1568593,0.0015307582,0.00037236974,0.0003892574,0.00083917583,0.0009058282,0.0008344053,0.0003671024,0.0007393513,0.0024553027,0.0012443371,0.0027503357,0.20642714,0.24808535,0.21619266,0.21513088,0.002037112,0.00035652303,0.00067934586,0.001526704,0.0013629586,0.0020254254,0.000917837,0.0020526499,0.007886708,0.0030230284,0.009290934,0.49799109,0.62298584,0.6644745,0.5632477,0.0066376925,0.0010560155,0.0019822717,0.0060863495,0.0040677786,0.02082336,0.009762496,0.016202062,0.047944427,0.030771315,0.05352521,4.511879,5.36026,4.482193,4.5489197,0.04439199,0.0107987225,0.011288464,0.0243361,0.026269019,0.044136472,0.1069021,0.6644745,PHONE_USAGE
0.22971532,0.16267927,0.22602299,0.60944575,0.17457889,0.7192814,2.0915387,178.37538,177.41772,179.87518,1.339008,0.49463332,0.95186055,1.3187143,0.7192889,0.00030387775,0.0006333955,0.0023385563,0.0027802906,0.0021903252,0.0032513684,0.22863205,0.26445755,0.18223542,0.09951087,0.0043299994,0.00094118144,0.0014160158,0.0015455467,0.0027704388,0.2292313,0.1616919,0.22222683,0.6047855,0.17145312,0.7145745,1.7691125,177.87003,177.1254,179.69128,1.3324189,0.4925986,0.94919604,1.3169867,0.7132466,0.23043178,0.16379482,0.23055734,0.61610013,0.17948349,0.726626,2.5752833,178.92293,177.95972,179.99994,1.3483838,0.4960311,0.95430815,1.3220122,0.7246007,0.0012004822,0.0021029115,0.008330509,0.0113146305,0.00803037,0.012051463,0.8061708,1.0529022,0.83432007,0.3086548,0.015964866,0.0034325123,0.0051121116,0.005025506,0.011354089,0.00018517724,0.0001367346,0.0004645766,0.0016373745,0.000624687,0.0016908337,0.059683207,0.111591205,0.11567004,0.05324949,0.0010974982,0.00020309769,0.00042401924,0.0006772814,0.0009132048,0.0002231744,0.00016682969,0.0006424065,0.0025956868,0.0008198341,0.0027515409,0.074331366,0.16204086,0.17608672,0.07399917,0.0013618254,0.0002740497,0.0006137437,0.0011205539,0.0014216645,0.00045652688,0.0004003942,0.0017193854,0.0081419945,0.0023750514,0.007817686,0.14924991,0.39764404,0.6481476,0.23080444,0.0030602217,0.0009470582,0.0015112758,0.003522396,0.004635334,0.00537014,0.0039653033,0.013472721,0.04748386,0.018115923,0.04903418,1.730813,3.236145,3.3544312,1.5442352,0.03182745,0.005889833,0.012296557,0.019641161,0.02648294,0.023216562,0.06388564,0.6481476,PHONE_USAGE
0.23405457,0.1651068,0.22830553,0.6074362,0.17743665,0.72376215,3.9407039,178.05785,177.6821,179.78867,1.3555378,0.48795807,0.949021,1.3168677,0.7153709,0.0016443288,0.0011548613,0.003391362,0.004304913,0.0028176296,0.0052764034,0.62122476,0.6287178,0.19485234,0.1455124,0.011530318,0.004382377,0.0007652562,0.0032727902,0.0060255546,0.23115897,0.16360806,0.2246963,0.59720784,0.17332202,0.7126441,2.3621686,177.34877,177.40938,179.49745,1.3396513,0.47642636,0.94711995,1.3090285,0.70485324,0.23726098,0.16729738,0.23570888,0.6143695,0.18362649,0.7337184,4.5258574,179.14641,178.05125,179.99443,1.3763295,0.4927406,0.9505343,1.3199275,0.72448575,0.0061020106,0.003689319,0.011012584,0.017161667,0.010304466,0.021074295,2.163689,1.7976379,0.6418762,0.49697876,0.036678195,0.016314238,0.0034143329,0.010898948,0.019632518,0.00022019549,0.00015351998,0.00083629426,0.0020435124,0.0010364822,0.0021731423,0.12224379,0.11986358,0.12506945,0.07874482,0.0019506915,0.0005826498,0.00031970697,0.0011019172,0.0013346364,0.00022578177,0.00016362993,0.0010862018,0.0028039312,0.0014222743,0.0029734657,0.15641004,0.16343747,0.1995729,0.118768916,0.0025087895,0.00069952937,0.0004635575,0.0019532852,0.0018457669,0.00073190033,0.00052399933,0.0028499216,0.006963372,0.003634572,0.008076966,0.47666478,0.45503235,0.5553894,0.39517212,0.006941676,0.0024687648,0.0013587475,0.008048296,0.004803419,0.006385669,0.0044520795,0.024252534,0.05926186,0.030057982,0.06302112,3.54507,3.4760437,3.6270142,2.2835999,0.056570053,0.016896844,0.0092715025,0.0319556,0.038704455,0.030511623,0.08091755,0.5553894,PHONE_USAGE
0.24617147,0.16987072,0.24778344,0.53638965,0.27625698,0.75043625,17.556726,177.62956,177.8304,179.24855,1.408053,0.4663991,0.94674945,1.3309815,0.7421341,0.0034591989,0.0006622945,0.0059001334,0.06444015,0.065867275,0.011430576,10.4110565,0.33745527,0.40920898,0.35064864,0.016919622,0.004702475,0.0034014503,0.009513877,0.030188236,0.23872842,0.16774565,0.23724075,0.43894008,0.18482909,0.72808784,4.191842,177.13335,176.97186,178.5932,1.381456,0.46128362,0.9406177,1.3173739,0.7061688,0.2509706,0.17082646,0.2563871,0.6242073,0.3566861,0.7734325,30.561338,178.51743,178.46782,179.87184,1.4421657,0.47603682,0.95077884,1.3447906,0.788425,0.012242183,0.003080815,0.019146368,0.18526724,0.171857,0.04534465,26.369495,1.384079,1.4959564,1.2786407,0.060709715,0.014753193,0.010161161,0.027416706,0.08225626,0.00057191734,0.00025496658,0.0010920367,0.010429049,0.008100887,0.0062540565,1.2433527,0.24049693,0.14931777,0.15992843,0.0044115083,0.00060233986,0.0005837761,0.0018938616,0.0060914755,0.0006636857,0.00031433743,0.0015659037,0.013850223,0.011519611,0.011029283,1.7252934,0.37795895,0.23304746,0.22208506,0.0059645423,0.0007318905,0.00081326294,0.0032694356,0.008362624,0.0023223907,0.00063581765,0.005026728,0.04062918,0.035070807,0.04534465,5.0921803,1.1476746,0.73657227,0.5615692,0.015990973,0.0027941167,0.0026701093,0.010177374,0.022023082,0.016585603,0.0073940307,0.031669065,0.30244243,0.23492572,0.18136764,36.057228,6.974411,4.3302155,4.637924,0.12793374,0.017467856,0.016929507,0.054921985,0.17665279,0.12222544,0.47211242,5.0921803,PHONE_USAGE
0.24373893,0.16937003,0.2182956,0.3003115,0.19872384,0.40292808,13.029429,72.46871,177.72552,179.03801,1.392162,0.45098257,0.94773835,1.3214375,0.55084455,0.005189876,0.002213907,0.017554777,0.20214818,0.046014946,0.2568158,6.0598106,82.95824,0.44900608,0.43773207,0.014500814,0.0062643536,0.0055231275,0.011371221,0.1341902,0.23429221,0.16445638,0.19623218,0.113251865,0.15469408,0.16688438,2.0995555,1.6949186,176.699,178.1803,1.3621145,0.44267845,0.9413105,1.3002939,0.4172714,0.25298336,0.17184722,0.25239554,0.60272413,0.287278,0.7632336,18.46814,179.17212,178.37749,179.66798,1.4114697,0.46163762,0.9557607,1.3396345,0.7428144,0.018691152,0.007390842,0.056163356,0.48947227,0.13258392,0.59634924,16.368584,177.4772,1.678482,1.4876862,0.04935515,0.018959165,0.014450192,0.039340615,0.32554302,0.0013071396,0.0005859609,0.0034204654,0.01965575,0.005833938,0.022070266,1.1484072,6.297269,0.19458744,0.12129685,0.0048848307,0.00093043776,0.0010903457,0.0023178684,0.011428787,0.0017243925,0.000830841,0.006045714,0.037053056,0.007974982,0.039311517,1.7675962,23.386248,0.25687397,0.15101342,0.007773062,0.0011658155,0.0022600587,0.0031927745,0.01892035,0.0049449652,0.0023306012,0.024709791,0.13335574,0.029989019,0.13677388,5.127016,127.507996,0.7099304,0.30323792,0.030386448,0.0033655167,0.008671761,0.009105682,0.065873384,0.03790705,0.016992867,0.0991935,0.57001674,0.1691842,0.6400377,33.30381,182.6208,5.643036,3.5176086,0.1416601,0.026982695,0.031620026,0.067218184,0.33143485,0.52233917,6.233005,127.507996,PHONE_USAGE
0.24055648,0.16724743,0.23573351,0.4214348,0.5031007,0.17644739,100.10291,1.981696,177.88809,179.14171,1.4190134,0.45708567,0.9567346,1.3209702,0.5669227,0.0027752614,0.0023561716,0.013576534,0.17944673,0.1913659,0.003859139,59.727047,0.57323956,0.38084197,0.37011066,0.024299618,0.0068296692,0.008736756,0.011571194,0.08080818,0.23390053,0.16438356,0.20589305,0.11658802,0.16163318,0.16393438,18.096756,0.08870175,177.24663,178.50317,1.3757671,0.44056225,0.9429283,1.3005614,0.4227497,0.2430566,0.17091796,0.24537455,0.60184103,0.6899725,0.18036018,160.72049,2.8354542,178.5081,179.75018,1.4467787,0.4628775,0.9667016,1.333731,0.64490324,0.009156063,0.0065343976,0.03948149,0.485253,0.5283393,0.016425803,142.62373,2.7467525,1.2614746,1.2470093,0.07101154,0.022315264,0.023773313,0.033169627,0.22215354,0.0006373067,0.00037487724,0.0016846246,0.017174782,0.018681375,0.0012794671,4.976905,0.2668473,0.1318191,0.11437146,0.0033048103,0.0011000325,0.0014685598,0.0017414257,0.008063016,0.0011454056,0.00062206766,0.002915888,0.025711894,0.027533554,0.0018101769,10.731068,0.44984123,0.15901493,0.14633681,0.0043327278,0.001986723,0.0025641227,0.0026441156,0.012201543,0.004871011,0.0025517046,0.012843564,0.0857614,0.088697866,0.0052533746,49.393333,1.4030493,0.3548584,0.447937,0.010986567,0.00805968,0.009121656,0.008965015,0.03942424,0.018481895,0.01087144,0.048854113,0.4980687,0.5417599,0.037104547,144.33025,7.7385716,3.822754,3.3167725,0.0958395,0.031900942,0.042588234,0.050501347,0.23382747,0.3696969,3.0218072,49.393333,PHONE_USAGE
0.23882447,0.16735893,0.23912098,0.6169949,0.7128864,0.18012671,155.38658,2.0110843,179.04741,179.26929,1.4156941,0.45885435,0.9442642,1.3119241,0.6650064,0.00057353347,0.0003112713,0.0021141688,0.009838689,0.013447157,0.0016527413,4.1888995,0.19751625,0.45601997,0.33976248,0.00664895,0.00045899636,0.0045585968,0.005440215,0.011314557,0.23804764,0.16638319,0.23538737,0.6008054,0.6882085,0.17565008,149.21262,1.5922729,178.2949,178.5194,1.4043121,0.45787477,0.93614537,1.3046827,0.6448354,0.239781,0.1680325,0.2426012,0.63754,0.7358482,0.18238398,160.66812,2.4401922,179.83519,179.78448,1.427093,0.46019953,0.95142496,1.3213468,0.6820303,0.0017333627,0.0016493052,0.007213831,0.03673458,0.047639668,0.0067339092,11.455505,0.84791934,1.5402832,1.265091,0.022780895,0.00232476,0.015279591,0.016664028,0.037194908,0.00022913978,0.00021042752,0.0003235001,0.00291752,0.0028314178,0.0007449676,0.84041935,0.09143704,0.15839043,0.11463244,0.0028231267,0.0001993282,0.00092485035,0.0013727978,0.0017857366,0.00033736284,0.0003166941,0.0003905831,0.004268283,0.0043978696,0.0012488489,1.2164006,0.1246469,0.25992498,0.1634403,0.0041547734,0.00029634245,0.0010526992,0.0018956807,0.0023924755,0.0010843277,0.0010211617,0.0012933612,0.014497638,0.014351666,0.0055134594,3.4631958,0.39650834,1.0291595,0.59191895,0.011294007,0.00077581406,0.0025590658,0.0056505203,0.0087349415,0.0066450536,0.006102398,0.009381503,0.08460808,0.08211112,0.021604061,24.372162,2.6516743,4.5933228,3.3243408,0.081870675,0.005780518,0.02682066,0.039811134,0.051786363,0.08128282,0.31560656,3.4631958,PHONE_USAGE
0.23755814,0.16559404,0.2339553,0.66763425,0.7702891,0.17810841,175.44943,1.2148975,179.28415,179.75075,1.4016839,0.46260032,0.94313616,1.318377,0.70151407,0.0005332819,0.00091597176,0.0014282842,0.014847674,0.011117444,0.004577,3.7348087,0.52817726,0.13336647,0.11013106,0.008170468,0.00091897376,0.0031507397,0.005800187,0.006267533,0.23670508,0.16367494,0.23138785,0.6394526,0.75024295,0.17122538,163.89677,0.084150165,179.05484,179.43167,1.3885822,0.46020812,0.9376615,1.3100019,0.6912285,0.23840055,0.1667901,0.23629309,0.6898112,0.7888693,0.18466681,178.93317,2.056724,179.5272,179.95837,1.411134,0.46361384,0.94769096,1.3261368,0.71080065,0.001695469,0.0031151623,0.0049052387,0.050358653,0.038626373,0.013441429,15.036392,1.9725739,0.47236633,0.5267029,0.022551775,0.00340572,0.010029435,0.016134977,0.019572139,0.00021004214,0.0002131832,0.00046645413,0.0028445371,0.0026608356,0.00095161947,0.5970554,0.12621503,0.06768431,0.0655044,0.0014032989,0.00019892228,0.0007439708,0.001193433,0.001487734,0.00029939416,0.0002953896,0.0006080358,0.0044897865,0.004526223,0.0011917927,0.8477644,0.17485166,0.084017545,0.08210912,0.001950429,0.00023302484,0.0010813376,0.0017465949,0.0025807996,0.00086432695,0.0008575022,0.00154306,0.015086293,0.014909506,0.00415504,3.7825928,0.44424257,0.22645569,0.18699646,0.0065368414,0.0006597936,0.0032275915,0.0046629906,0.008660138,0.006091222,0.006182313,0.01352717,0.08249158,0.07716423,0.027596965,17.314606,3.660236,1.9628448,1.8996277,0.040695667,0.005768746,0.021575153,0.034609556,0.043144286,0.05792221,0.25329778,3.7825928,PHONE_USAGE
0.23804165,0.16386533,0.23810583,0.6421662,0.75766253,0.1818159,178.66348,1.1306171,179.6709,179.326,1.393996,0.46436998,0.9371297,1.3126601,0.6981067,0.0022576035,0.00093650713,0.0020564366,0.0070748157,0.0064931107,0.0057681976,0.8314668,0.505471,0.20576473,0.34409416,0.014673792,0.0008631329,0.0026625479,0.006878698,0.0039149863,0.2351426,0.16190727,0.23569398,0.6306738,0.7496271,0.17249483,177.08289,0.114432454,179.18721,178.68053,1.3764455,0.46320045,0.9312109,1.302781,0.6912052,0.24250104,0.16556291,0.24177963,0.6534573,0.770638,0.19186962,179.97238,2.2778647,179.94122,179.99826,1.4336406,0.46554914,0.9402012,1.3311083,0.7062056,0.007358432,0.0036556423,0.006085649,0.022783458,0.021010876,0.019374788,2.8894958,2.1634321,0.75401306,1.3177338,0.057195067,0.0023486912,0.008990347,0.028327346,0.015000403,0.0008099768,0.00035874854,0.0004879375,0.0023481662,0.0019234398,0.001488104,0.45667714,0.1994842,0.11929321,0.1539917,0.0028817572,0.00016850336,0.0007017296,0.0016573874,0.0011595528,0.0010561624,0.00047043333,0.0006647218,0.0032904188,0.0026868526,0.0020477232,0.62519455,0.269158,0.13923898,0.20652612,0.004416939,0.0002425771,0.0010031959,0.0024772615,0.0015326034,0.002959773,0.0012203604,0.0020400733,0.009124875,0.008271694,0.005344942,1.7086487,0.7928853,0.29426575,0.5663452,0.013683796,0.0007459223,0.0030329227,0.0073633194,0.0037273765,0.023489326,0.010403708,0.014150187,0.06809682,0.055779755,0.043155015,13.243637,5.785042,3.4595032,4.4657593,0.08357096,0.0048865974,0.020350158,0.048064232,0.033627033,0.06289544,0.1766868,1.7086487,PHONE_USAGE
0.24724314,0.16834119,0.24692297,0.6643183,0.7885953,0.18564089,178.16295,2.0838873,179.6957,179.38783,1.4429095,0.45251402,0.93423975,1.332704,0.700568,0.002651908,0.0021631196,0.0037161105,0.00999362,0.012791904,0.0039194464,0.8932066,1.451966,0.2583509,0.3284827,0.018940778,0.009228049,0.0031337587,0.007155621,0.0035153043,0.24271701,0.16471769,0.24116182,0.6424414,0.76530755,0.17966084,176.81468,0.058269687,178.97177,178.53857,1.4152445,0.43749487,0.9279337,1.3214843,0.6953058,0.25233385,0.17217943,0.25239906,0.68002814,0.80703765,0.19266155,179.98384,4.5140123,179.97252,179.86789,1.4783847,0.46322614,0.93971026,1.3506405,0.7066944,0.009616837,0.0074617416,0.011237234,0.03758675,0.041730106,0.013000712,3.169159,4.455743,1.0007477,1.3293152,0.06314027,0.025731266,0.0117765665,0.029156208,0.0113886,0.0008058024,0.0008823892,0.00096479163,0.0018256677,0.0019819571,0.0014924824,0.5422921,0.38027632,0.16319327,0.13948269,0.0031117448,0.00089374493,0.0009533599,0.0022724415,0.0007504759,0.0011362174,0.0011700043,0.0012522967,0.002161262,0.002166545,0.0019889164,0.70351803,0.47881693,0.23220348,0.19538364,0.0043959147,0.0007424048,0.0015214467,0.0040598693,0.0009098333,0.003725797,0.0026348978,0.0027688444,0.008728981,0.0072339177,0.0060479045,1.474289,1.1642673,0.6559448,0.55348206,0.014400482,0.003074944,0.006200731,0.013160467,0.0025134087,0.02336827,0.025589287,0.027978957,0.052944362,0.05747676,0.043281987,15.726471,11.028013,4.732605,4.044998,0.0902406,0.025918603,0.027647436,0.0659008,0.021763802,0.08274529,0.21974394,1.474289,PHONE_USAGE
0.25212458,0.17248435,0.24315736,0.631244,0.7648586,0.19885953,168.10292,5.3154316,178.51758,179.1164,1.478265,0.4309686,0.93298143,1.3342056,0.67891943,0.004819662,0.003260022,0.001571065,0.09887896,0.08084008,0.027066352,22.777626,2.1346552,1.5528476,0.47892916,0.013888686,0.0042201793,0.0097105345,0.0076925606,0.026937312,0.24599154,0.16827382,0.2402243,0.316065,0.5204142,0.18156698,70.235504,3.4986181,175.08043,178.12529,1.4537926,0.42274195,0.9243472,1.324245,0.60645807,0.26437983,0.17845726,0.2482936,0.6875556,0.8130064,0.29861724,179.73894,13.170426,179.89937,179.90234,1.5073516,0.4371261,0.96219176,1.3539308,0.6959263,0.018388286,0.010183439,0.008069292,0.3714906,0.29259223,0.11705026,109.50343,9.671808,4.818939,1.7770538,0.053559065,0.0143841505,0.03784454,0.029685855,0.08946824,0.001162099,0.0012263851,0.00073599094,0.014066509,0.011601588,0.004542347,4.067155,0.59714514,0.31101832,0.24569018,0.0049157967,0.000536746,0.0019004283,0.0029938386,0.0036709309,0.001261811,0.0018469301,0.001331104,0.02885236,0.022108076,0.011204874,10.769589,0.97238237,0.625137,0.30609092,0.008068121,0.00061047,0.0034370515,0.004788824,0.0068836515,0.003923565,0.0071338415,0.006400943,0.10555619,0.07374221,0.048970774,56.55404,3.8405066,2.9644012,0.76057434,0.026038408,0.0022454262,0.014389515,0.01585579,0.031709254,0.03370087,0.035565168,0.021343738,0.40792876,0.33644605,0.13172807,117.947495,17.31721,9.019531,7.1250153,0.1425581,0.015565634,0.05511242,0.08682132,0.106456995,0.35122406,2.943299,56.55404,PHONE_USAGE
0.2675025,0.18631135,0.25303242,0.19665489,0.36382252,0.36533615,23.098785,16.181118,178.00217,178.81754,1.5017183,0.41679785,0.9358786,1.3365182,0.5537512,0.0026851739,0.0026324103,0.0015488133,0.014499967,0.025686499,0.018567516,4.9643807,1.2127076,0.9467037,0.54348075,0.0066810357,0.0053910036,0.010083355,0.007732501,0.010590753,0.26410347,0.17955025,0.24938354,0.16557235,0.34670034,0.30673996,17.711353,13.768744,175.91238,178.01508,1.4935887,0.40667215,0.9283109,1.3288462,0.53937435,0.27451137,0.1908235,0.25589976,0.24825947,0.45280197,0.38433805,39.555344,18.026619,179.23886,179.91496,1.5171313,0.42550963,0.9601736,1.3529911,0.5791719,0.010407895,0.01127325,0.006516218,0.082687125,0.10610163,0.077598095,21.84399,4.2578745,3.326477,1.8998871,0.023542643,0.018837482,0.031862736,0.024144888,0.039797544,0.00056688435,0.0004974794,0.0007210127,0.005349442,0.0057109366,0.0038550147,0.86420256,0.48227346,0.16635448,0.1643761,0.0018842138,0.0006941896,0.0012872547,0.0012083136,0.0022943595,0.00065311533,0.0005061797,0.0009175261,0.009606959,0.009805567,0.005887666,1.3952018,0.63952017,0.1676232,0.20056327,0.0023933717,0.0005901666,0.0018809469,0.0017890157,0.0030367724,0.0016520023,0.0016009212,0.003186375,0.033225894,0.037452072,0.019310594,6.526329,1.7447586,0.33087158,0.40567017,0.0050679445,0.0022103786,0.0070946813,0.0063676834,0.009739876,0.016439646,0.014426902,0.020909369,0.15513381,0.16561717,0.111795425,25.061874,13.98593,4.82428,4.7669067,0.0546422,0.020131499,0.03733039,0.035041094,0.06653643,0.113418385,0.4336114,6.526329,PHONE_USAGE
0.27635723,0.19079618,0.2561987,0.23767634,0.3707713,0.35881254,11.527204,16.65168,178.26817,178.4946,1.5207686,0.40518555,0.9339446,1.341308,0.5337923,0.0018619573,0.000655182,0.0030340843,0.009720264,0.0062582674,0.008749404,0.96529347,0.37356186,0.2030651,0.13410251,0.0097695235,0.00208983,0.0022325753,0.0023306888,0.0022978915,0.27282658,0.1890311,0.2492721,0.2173142,0.35493875,0.3393883,10.556322,15.967532,177.96774,178.27388,1.5020491,0.40192902,0.9300418,1.3373454,0.5289087,0.27926174,0.19150311,0.2602011,0.24892604,0.37773952,0.36665043,15.306588,17.262352,178.6355,178.70825,1.538253,0.40893131,0.937106,1.3462381,0.53856945,0.006435156,0.0024720132,0.010929003,0.031611845,0.022800773,0.027262121,4.750266,1.2948198,0.6677551,0.43437195,0.03620386,0.007002294,0.0070642233,0.008892775,0.009660721,0.00038283755,0.0001679068,0.00067955925,0.002064994,0.0012361963,0.0011212281,0.29610762,0.14739464,0.06714183,0.071021244,0.002249722,0.00039959775,0.00054027705,0.0010257589,0.00046331307,0.00055135717,0.00019532554,0.00084894843,0.0026903325,0.0014921037,0.0012532707,0.4145189,0.18826674,0.10017918,0.09159106,0.00294436,0.0004876302,0.0008365583,0.0017067522,0.00061604084,0.0013386309,0.0004890561,0.0019240975,0.005742073,0.0038103163,0.004801005,1.4244022,0.41236496,0.27082825,0.18969727,0.007879257,0.0011970997,0.0022245646,0.004464507,0.00211972,0.011102289,0.004869297,0.019707218,0.05988483,0.03584969,0.032515615,8.587121,4.2744446,1.947113,2.059616,0.06524193,0.011588335,0.015668035,0.02974701,0.013436079,0.03946645,0.12120929,1.4244022,PHONE_USAGE
0.27274567,0.18940644,0.25269827,0.22567278,0.3586938,0.34305438,10.79954,17.160889,178.47481,178.53905,1.5081723,0.41111872,0.93827355,1.3428305,0.52997595,0.0003525464,0.0004788644,0.0012420528,0.0034810116,0.0035931058,0.0036847442,1.0118645,0.2925351,0.17899758,0.15742612,0.006294759,0.0006266568,0.0011211592,0.0034083696,0.0027263379,0.27210298,0.18852697,0.25027144,0.21637765,0.3541057,0.33804995,9.869016,16.714098,178.25572,178.1515,1.4976503,0.4093197,0.9364058,1.3382542,0.52697134,0.273263,0.1902137,0.25425643,0.23106316,0.36517975,0.3505363,14.24531,17.625002,178.86809,178.74571,1.5172768,0.41198933,0.940645,1.3489983,0.53678143,0.0011600256,0.001686722,0.0039849877,0.014685512,0.011074036,0.012486339,4.376294,0.91090393,0.6123657,0.59420776,0.019626498,0.0026696324,0.0042392015,0.010744095,0.00981009,0.00015752068,0.000119445656,0.00023500159,0.0009035504,0.0007384728,0.00052068976,0.20739184,0.08392847,0.072248265,0.06967216,0.0011711532,0.00020027983,0.00042111299,0.0007637287,0.0004687926,0.00018911537,0.0001583662,0.00024900533,0.0014439339,0.00092338485,0.00062607584,0.30249026,0.113134064,0.102482386,0.097063035,0.0017081787,0.00027576007,0.0006960378,0.0010161827,0.0005742928,0.00039428473,0.00045318902,0.0004940033,0.00524202,0.0020395517,0.001819402,1.1855221,0.28422165,0.24293518,0.2680359,0.005543709,0.0007561445,0.0021425486,0.0029525757,0.0019068718,0.0045681,0.003463924,0.006815046,0.026202962,0.02141571,0.015100002,6.0143633,2.4339256,2.0951996,2.0204926,0.03396344,0.005808115,0.012212276,0.022148132,0.013594985,0.029262695,0.09039253,1.1855221,PHONE_USAGE
0.2708963,0.18870606,0.25108078,0.20251462,0.3615916,0.35144284,16.013227,19.085209,178.9214,178.4285,1.5092885,0.41052192,0.93331105,1.3381236,0.5407334,0.000644268,0.0003399836,0.0014661007,0.0047625266,0.0017611407,0.0013868854,0.8341023,0.44208822,0.17862548,0.16159657,0.0034222135,0.0007712687,0.001505373,0.0013816623,0.001970623,0.26963747,0.18800925,0.248669,0.19521174,0.3571349,0.34909934,13.765893,17.711134,178.68086,178.00856,1.5008173,0.40945983,0.93036944,1.3364015,0.5375689,0.2720299,0.18949986,0.25425074,0.21246336,0.3644432,0.3541309,16.922659,19.510693,179.2755,178.662,1.5134009,0.41221312,0.936272,1.341641,0.544346,0.002392441,0.0014906079,0.0055817366,0.017251626,0.0073083043,0.005031556,3.156766,1.7995586,0.594635,0.6534424,0.012583613,0.0027532876,0.0059025884,0.0052394867,0.006777048,0.0001967056,0.00010787259,0.00047607155,0.0016201719,0.0009974899,0.0006149997,0.25644973,0.11254778,0.069855265,0.094825484,0.0010731426,0.00020850732,0.0005799779,0.00058725785,0.00056725537,0.00026283192,0.0001323498,0.0005899994,0.0022388138,0.0012793049,0.0007839644,0.35342708,0.17643069,0.089578606,0.13474496,0.0014551074,0.00029503653,0.00086924364,0.00088635145,0.00077003345,0.00077980757,0.000363186,0.0015679598,0.005699292,0.0025957227,0.0021968186,1.0232162,0.77770424,0.28173828,0.31715393,0.0032820702,0.0010441244,0.0029958487,0.0026961565,0.0017979145,0.0057044625,0.003128305,0.013806075,0.046984985,0.028927207,0.017834991,7.437042,3.2638855,2.0258026,2.749939,0.031121135,0.0060467124,0.016819358,0.017030478,0.016450405,0.03604718,0.105445124,1.0232162,PHONE_USAGE
0.2699293,0.18820249,0.24672113,0.21438496,0.348857,0.34484902,10.405919,19.2389,178.5187,178.5942,1.4980286,0.40744704,0.9309898,1.3331355,0.5299183,0.001536446,0.0003894698,0.0020833008,0.009722173,0.007575419,0.002145002,2.1151905,0.5612393,0.20140131,0.24054971,0.0029789903,0.0022465528,0.0018711609,0.0033654,0.0042300737,0.26846308,0.18766102,0.24356072,0.19453071,0.331488,0.34156945,6.9911127,18.272068,178.16898,178.25896,1.4924808,0.40404534,0.9271672,1.3259647,0.5207394,0.2725198,0.18895504,0.24960509,0.22410116,0.36090904,0.34884256,14.050816,20.202938,178.89032,178.97003,1.5048833,0.41240948,0.93449724,1.3375262,0.54017204,0.004056722,0.0012940168,0.006044373,0.029570445,0.029421031,0.0072731078,7.059703,1.93087,0.721344,0.7110748,0.0124025345,0.008364141,0.00733006,0.011561513,0.019432664,0.00022350714,0.00010110181,0.00046836713,0.0016098993,0.0022662035,0.0004857018,0.48030064,0.1408844,0.07717422,0.056876346,0.00089559064,0.0004637488,0.0005576405,0.0009029446,0.0011510705,0.00032695726,0.00012586474,0.0006948483,0.0023231248,0.0034084767,0.000716074,0.6212955,0.20684473,0.09947184,0.08124292,0.0012760961,0.00057694374,0.00082196266,0.0014679405,0.0017682263,0.001103431,0.0003452748,0.002585888,0.005615011,0.011363268,0.0021746159,1.4859457,0.7936306,0.27864075,0.2623291,0.0030044317,0.0017267466,0.002339542,0.0041823387,0.005110383,0.006481707,0.0029319525,0.013582647,0.04668708,0.0657199,0.014085352,13.928719,4.0856476,2.2380524,1.6494141,0.025972128,0.013448715,0.016171575,0.026185393,0.033381045,0.050957423,0.1649061,1.4859457,PHONE_USAGE
0.2695222,0.189437,0.25230396,0.1721012,0.31830266,0.32038406,16.029455,16.54249,179.10712,178.82603,1.516405,0.4067046,0.9341797,1.3387617,0.5008836,0.0026614533,0.0011029127,0.0027195357,0.026182791,0.03783642,0.023555849,5.019323,2.7642143,0.1972371,0.2632008,0.006688848,0.0024223495,0.0027479709,0.0026315905,0.033733685,0.2621664,0.1880592,0.24594931,0.13255207,0.24271931,0.2871394,2.4433606,13.251303,178.25565,178.36012,1.5062325,0.4017442,0.9303732,1.3344548,0.4450451,0.27225146,0.19181249,0.25751665,0.2262369,0.35570383,0.34628418,22.572937,20.110146,179.38393,179.39888,1.5322984,0.41034937,0.9380436,1.3448979,0.53336996,0.010085046,0.0037532896,0.011567339,0.09368482,0.11298452,0.059144795,20.129576,6.858843,1.1282806,1.0387573,0.026065946,0.008605182,0.0076704025,0.010443091,0.088324845,0.00061575504,0.0002201143,0.0007680182,0.0057032113,0.004669739,0.003038285,0.974938,0.2926939,0.08113098,0.08624478,0.00160207,0.000498337,0.00061535835,0.0006164847,0.0031443464,0.00085143885,0.00028323548,0.001327178,0.008947858,0.006392262,0.004104311,1.3601972,0.35566875,0.14377633,0.12220597,0.0023761932,0.0008009629,0.0009203285,0.0008893952,0.0036229955,0.0029548109,0.0007876307,0.0056283325,0.023372248,0.02355355,0.010798126,3.8076572,1.2302132,0.6583557,0.40164185,0.009575129,0.002673,0.0025675893,0.0033855438,0.01311481,0.017856896,0.0063833147,0.022272527,0.16539313,0.13542242,0.08811027,28.273201,8.488124,2.3527985,2.5010986,0.046460032,0.014451772,0.017845392,0.017878056,0.09118605,0.09709995,0.3770974,3.8076572,PHONE_USAGE
0.27040994,0.190712,0.25045383,0.48731384,0.20819122,0.5757194,1.1235336,95.42181,177.1019,179.85889,1.5370469,0.38887691,0.92407304,1.343822,0.53698933,0.006966783,0.0061328267,0.008364264,0.19564593,0.0097652655,0.21985386,0.70428324,71.598694,0.57560456,0.1196351,0.03363281,0.0155823305,0.016883213,0.010731951,0.08700348,0.26114875,0.17955765,0.23712756,0.24170043,0.1959867,0.30828097,0.0064927675,13.661716,176.16368,179.34677,1.4986366,0.35853547,0.89882827,1.3337126,0.43370354,0.28582188,0.20378378,0.26727164,0.78343004,0.22728887,0.9046062,2.1801834,179.64903,178.01921,179.99002,1.6222914,0.4061915,0.94559366,1.3713565,0.6616725,0.024673134,0.024226129,0.03014408,0.5417296,0.03130217,0.5963253,2.1736906,165.98732,1.8555298,0.6432495,0.12365484,0.04765603,0.046765387,0.03764391,0.22796893,0.0017430063,0.0014819416,0.0021547023,0.01903609,0.0034657202,0.020657403,0.29588187,5.858357,0.17503935,0.107679695,0.0067871893,0.0018385423,0.0025296211,0.0033097062,0.008556474,0.0022667407,0.0018675542,0.0025792331,0.020728646,0.0052441764,0.022089412,0.42046803,9.29832,0.22964168,0.15602514,0.0075939265,0.001953164,0.0047815368,0.0053083594,0.010656749,0.006585926,0.004700497,0.0069686472,0.07448465,0.020461634,0.07682443,1.2813208,37.40591,0.76460266,0.4819641,0.016871452,0.008171558,0.017621994,0.01693511,0.035969973,0.050547183,0.042976305,0.062486365,0.5520466,0.10050589,0.5990647,8.580574,169.89235,5.0761414,3.1227112,0.19682848,0.053317726,0.07335901,0.09598148,0.24813774,0.43390125,2.7828612,37.40591,PHONE_USAGE
0.28509766,0.20268531,0.24915461,0.76651895,0.19740142,0.8794441,1.5759457,176.95499,177.83072,179.6146,1.6160103,0.35681456,0.9111376,1.3809474,0.654895,0.00294379,0.0026586174,0.008766119,0.0068462933,0.009269076,0.014464227,0.9382359,0.701404,0.29241374,0.23540844,0.0112311905,0.0021152038,0.0029680645,0.004421305,0.0028004562,0.27923858,0.19730943,0.23797587,0.7542705,0.18247648,0.8620602,0.027693259,175.9635,177.41382,178.9845,1.5959008,0.35243356,0.9069036,1.373774,0.6455759,0.289731,0.20555393,0.26816738,0.7812619,0.21919623,0.9068112,2.8597918,177.95581,178.48186,179.95897,1.6408792,0.36114788,0.91621715,1.3903513,0.65858155,0.010492414,0.0082445,0.03019151,0.026991427,0.036719754,0.04475099,2.8320985,1.9923096,1.068039,0.97447205,0.04497838,0.008714318,0.009313524,0.016577244,0.013005674,0.0007923523,0.00052076014,0.0034296173,0.0030304359,0.004161993,0.0061124954,0.27391547,0.20135288,0.124318615,0.13685292,0.004601676,0.0011101622,0.0009722895,0.0014715277,0.0017587749,0.0010082856,0.0006393441,0.005266075,0.0049271826,0.0058045518,0.010197352,0.34473747,0.27374864,0.14735043,0.18921158,0.0062999665,0.0014413267,0.0015500372,0.0023274114,0.002674608,0.0026405752,0.0017947108,0.014957964,0.020466566,0.015919745,0.041625142,1.0189462,0.7698517,0.32333374,0.73490906,0.016125083,0.0036468208,0.005369723,0.006752014,0.010807574,0.022978216,0.015102044,0.0994589,0.08788264,0.1206978,0.17726237,7.943548,5.8392334,3.6052399,3.9687347,0.1334486,0.032194704,0.028196394,0.042674303,0.05100447,0.050960127,0.11918618,1.0189462,PHONE_USAGE
0.27434155,0.19306315,0.25602037,0.7439617,0.2114361,0.87523466,0.22439666,177.90556,177.80515,179.10231,1.5860326,0.36627293,0.9092502,1.3626323,0.6604551,0.0067236675,0.0036655574,0.004087583,0.019608738,0.007515966,0.023198355,0.1886962,0.6142757,0.37049922,0.2515959,0.031223804,0.010450241,0.0017558343,0.01439437,0.0035179364,0.2630082,0.1865514,0.24817583,0.7047927,0.19677927,0.8276749,0.012297456,176.76004,177.11429,178.54347,1.5255928,0.35407582,0.9063817,1.3358111,0.65265924,0.28417066,0.1979426,0.26308537,0.77042925,0.22175175,0.9054771,0.7301207,178.87616,178.41943,179.60304,1.6226033,0.3863889,0.91262734,1.382902,0.66681004,0.02116245,0.011391193,0.014909536,0.065636575,0.024972484,0.07780218,0.71782327,2.1161194,1.3051453,1.0595703,0.09701049,0.03231308,0.006245613,0.047090888,0.014150798,0.0009386848,0.00052207505,0.0023291574,0.0037027823,0.002964718,0.0054403255,0.20749222,0.2239706,0.13547331,0.13871975,0.005273823,0.0012704196,0.00055780285,0.0019910992,0.0020037272,0.00096274266,0.0005830895,0.0031908387,0.004463968,0.004053932,0.0068559553,0.2626119,0.27932447,0.17665964,0.17637677,0.0050985697,0.0010668772,0.0008118504,0.0022289695,0.0025966126,0.0029348433,0.0015455633,0.007872969,0.0123131275,0.011085838,0.015775323,0.5387231,0.6874542,0.4105835,0.36520386,0.013122439,0.0036064684,0.0023522973,0.0074135065,0.0060279965,0.027221859,0.015140176,0.06754556,0.10738069,0.085976824,0.15776944,6.0172744,6.4951477,3.9287262,4.022873,0.15294087,0.036842167,0.016176283,0.05774188,0.05810809,0.048843365,0.1080775,0.6874542,PHONE_USAGE
0.2598411,0.18467504,0.25322735,0.7032468,0.21119887,0.82312065,0.24138132,177.65892,177.42358,179.3908,1.5123228,0.4003855,0.91860306,1.3411708,0.6648329,0.0018203149,0.00070149405,0.0024224883,0.005794932,0.00493575,0.00715094,0.09630145,0.287492,0.2455895,0.32501215,0.006391632,0.005793377,0.0058915825,0.00594024,0.005018579,0.25779745,0.1834515,0.24942774,0.6946823,0.20325215,0.81107724,0.0057030353,177.22694,176.88245,178.86546,1.4989133,0.38942486,0.90776587,1.3313234,0.65485543,0.26329178,0.18618178,0.25734395,0.7174698,0.21899635,0.835171,0.4355684,178.22826,177.78404,179.91241,1.5212414,0.40716326,0.92579544,1.351097,0.67351997,0.0054943264,0.0027302802,0.007916212,0.022787511,0.015744194,0.024093747,0.42986536,1.0013123,0.90159607,1.0469513,0.022328138,0.017738402,0.01802957,0.019773602,0.018664539,0.00029261154,0.00019503153,0.0007333848,0.0023552529,0.0011287347,0.0025550434,0.043757077,0.12523308,0.12364197,0.10725561,0.00218599,0.00061373465,0.0009584797,0.0014566306,0.0014884678,0.00037088396,0.00028686292,0.0009134105,0.0029067183,0.0015099383,0.0033179559,0.06057021,0.17115483,0.16116515,0.13168563,0.0027467003,0.00047247496,0.001624399,0.00231263,0.0017887419,0.001036644,0.00091058016,0.0022353828,0.006407857,0.004247248,0.008033276,0.16819727,0.38697815,0.4369049,0.31678772,0.0067534447,0.0018288195,0.006601572,0.0068968534,0.004011333,0.008485734,0.0056559145,0.02126816,0.06830233,0.032733306,0.07409626,1.2689552,3.6317596,3.585617,3.1104126,0.06339371,0.017798305,0.02779591,0.04224229,0.043165565,0.027590074,0.06585892,0.4369049,PHONE_USAGE
0.25690207,0.18357082,0.25065908,0.69143933,0.20858623,0.8094215,0.35417837,177.60538,177.36214,179.51645,1.4987353,0.40886095,0.9198465,1.3375124,0.6674527,0.0007852347,0.00038734902,0.0015746657,0.0040606046,0.0021159325,0.0044048703,0.115747325,0.20125367,0.2515203,0.2982881,0.0029888188,0.0013645174,0.00087724,0.0018772018,0.0029389013,0.25531453,0.1830266,0.24815191,0.68433595,0.2042725,0.80211425,0.21771207,177.29266,176.96904,178.98111,1.494487,0.40711856,0.9179791,1.3343642,0.66199756,0.25792727,0.18417683,0.25429693,0.70007795,0.21265216,0.8192046,0.64720786,177.98363,177.79193,179.98741,1.5073248,0.41124153,0.92184955,1.3424578,0.67294055,0.0026127398,0.0011502355,0.0061450154,0.015742004,0.008379668,0.01709038,0.42949578,0.69096375,0.82289124,1.0063019,0.012837768,0.0041229725,0.0038704276,0.0080935955,0.010942996,0.00018509297,0.0001132627,0.00079974893,0.0026529739,0.001156384,0.002710184,0.05533663,0.10397181,0.11112239,0.09452241,0.0015628132,0.0001748081,0.00047410562,0.0008866787,0.0014001172,0.0002601953,0.00017898603,0.0013055598,0.0035989888,0.0016377239,0.0037992748,0.07982582,0.1518249,0.17578211,0.123097904,0.0025152438,0.00027848908,0.00070045213,0.0015265472,0.0020364712,0.0010206401,0.0005824268,0.0036271214,0.00936991,0.005218759,0.010042965,0.2972621,0.47061157,0.70062256,0.2566986,0.009249926,0.001257956,0.0023368597,0.0062716007,0.005466461,0.0053676963,0.0032846183,0.023192719,0.076936245,0.033535138,0.07859534,1.6047623,3.0151825,3.2225494,2.74115,0.045321584,0.0050694346,0.013749063,0.025713682,0.0406034,0.02513796,0.06749803,0.70062256,PHONE_USAGE
0.2592966,0.18059377,0.24658312,0.44042656,0.27699566,0.5914201,9.977795,107.070175,177.75507,178.96622,1.4949763,0.40662128,0.9242559,1.3351936,0.60655767,0.005232928,0.0064340853,0.004067431,0.20617327,0.06126012,0.1817762,8.882107,74.379295,0.57708895,0.67460155,0.02204307,0.0046440833,0.010360424,0.013286206,0.050864443,0.2530203,0.16705854,0.23726785,0.18948859,0.20831735,0.35499862,0.3566999,13.984872,177.09563,178.08105,1.4520373,0.39969814,0.906202,1.3078176,0.5404837,0.26700205,0.18846622,0.25329557,0.69138426,0.35867918,0.8088238,23.276007,178.94568,179.10506,179.99211,1.5308816,0.41407877,0.93801427,1.3546557,0.67054427,0.01398176,0.021407679,0.016027719,0.50189567,0.15036182,0.4538252,22.919308,164.9608,2.00943,1.9110565,0.07884431,0.014380634,0.03181225,0.046838164,0.13006055,0.0008785334,0.0012945667,0.0011446219,0.017852113,0.0055923765,0.016236495,0.86973625,5.744466,0.22077468,0.23142953,0.006433302,0.00088090217,0.0024579682,0.004337475,0.0048525273,0.0011804908,0.002041278,0.001957104,0.025521215,0.0075538345,0.020995487,1.2057946,13.739532,0.28964487,0.3144992,0.009427605,0.0015884865,0.003929042,0.0070158266,0.006601474,0.003254652,0.006399721,0.0064424723,0.08200142,0.026048392,0.06378025,3.882556,61.18373,0.82003784,0.7604675,0.030303359,0.0069895387,0.010963142,0.024614453,0.02300018,0.025477469,0.037542433,0.033194035,0.5177113,0.16217892,0.47085834,25.222351,166.58951,6.402466,6.7114563,0.18656576,0.025546163,0.071281075,0.12578678,0.14072329,0.47522452,3.8259244,61.18373,PHONE_USAGE
0.26435888,0.18877575,0.24371538,0.17753074,0.3443753,0.34100237,23.902348,13.948007,178.75677,178.68544,1.4962115,0.4076592,0.93335253,1.3369244,0.53424764,0.00050732924,0.00019301701,0.00076228514,0.0035049834,0.005744889,0.008643082,1.060355,0.22801967,0.1368764,0.2002121,0.002620047,0.0007610353,0.0010723458,0.00180184,0.0057330364,0.26338375,0.18834937,0.24257614,0.1733802,0.33387014,0.33001304,22.446896,13.577145,178.50552,178.39922,1.4895748,0.40640336,0.9314894,1.3334122,0.525118,0.2653931,0.18905461,0.24624644,0.18711156,0.35397768,0.3557745,25.521643,14.202809,178.946,179.00832,1.4999461,0.4094895,0.9359056,1.3398892,0.5415776,0.002009362,0.00070524216,0.003670305,0.01373136,0.020107538,0.025761455,3.074747,0.6256647,0.44047546,0.60910034,0.010371327,0.0030861497,0.0044161677,0.0064769983,0.016459584,0.00021588906,5.7809826e-05,0.00037739708,0.0010407156,0.0011816148,0.0012923931,0.18905713,0.08724798,0.07148322,0.057695586,0.001471836,0.0002053565,0.0005176889,0.0007801837,0.00091993395,0.00026894716,8.029443e-05,0.00048370237,0.0013810406,0.0018000321,0.0017672358,0.25799787,0.1319741,0.09879254,0.07410872,0.001778234,0.00025045537,0.0006703584,0.0010028078,0.0012739536,0.0006310344,0.00027184188,0.0015235394,0.0031267703,0.0071542263,0.0063253343,0.5929661,0.48122215,0.2727356,0.22009277,0.004052639,0.0007110238,0.0016201735,0.002238512,0.0041798353,0.0062607825,0.001676485,0.0109445155,0.030180752,0.03426683,0.0374794,5.4826565,2.5301914,2.0730133,1.673172,0.042683244,0.0059553385,0.0150129795,0.022625327,0.026678085,0.02756965,0.0774194,0.5929661,PHONE_USAGE
0.26279348,0.18795763,0.24480473,0.18132545,0.34664667,0.34276888,23.082966,13.809551,178.8156,178.80528,1.4923763,0.41202304,0.9335459,1.3378295,0.5385658,0.00024714414,0.00020408808,0.0011190799,0.0021458322,0.0034124146,0.0030109556,0.19353019,0.107362255,0.12075216,0.12439347,0.0040644105,0.0011589777,0.0011478346,0.0020396824,0.0027955212,0.26238412,0.18763064,0.24302524,0.17739265,0.34026515,0.33775988,22.82682,13.5941305,178.62256,178.55545,1.4868239,0.40963596,0.93211114,1.3349409,0.5328121,0.26327366,0.1885786,0.2465106,0.18407512,0.35143012,0.3467354,23.639156,13.958802,179.02428,179.02505,1.50427,0.41358036,0.93613565,1.341361,0.5418509,0.0008895397,0.0009479672,0.0034853518,0.0066824704,0.011164963,0.008975506,0.81233597,0.3646717,0.40171814,0.4696045,0.017446041,0.003944397,0.0040245056,0.0064201355,0.009038806,7.650976e-05,7.8270146e-05,0.00028696193,0.00071339,0.0008268346,0.0005222497,0.093582615,0.04280988,0.060477946,0.045528542,0.0011241189,0.00016387166,0.00039368868,0.0006026934,0.00041851093,9.2110684e-05,0.00011456213,0.00038622157,0.0011716243,0.0011568242,0.00065749715,0.13390383,0.05452995,0.091312096,0.06475606,0.0014055955,0.00020018766,0.00066138443,0.0008889224,0.00051637914,0.0002065301,0.00026799738,0.0011380464,0.004178956,0.0036405623,0.001942873,0.37729073,0.15781116,0.2707367,0.16792297,0.00375247,0.00063592196,0.0022108555,0.0028523207,0.0011944175,0.002218783,0.0022698343,0.008321896,0.02068831,0.023978204,0.015145242,2.7138958,1.2414865,1.7538605,1.3203278,0.03259945,0.0047522783,0.011416972,0.017478108,0.012136817,0.016507072,0.044740967,0.37729073,PHONE_USAGE
0.26143375,0.18808492,0.24626622,0.18039379,0.35242757,0.34621096,24.44891,13.762294,178.64757,178.96234,1.4979497,0.41361913,0.93438655,1.3390793,0.54275733,0.0009785552,0.00018951726,0.0009061367,0.0031146994,0.0027384497,0.0010338966,0.7249686,0.29656565,0.09269778,0.18976182,0.003464736,0.00042166197,0.0011582436,0.0026757163,0.0017461098,0.2600902,0.18776315,0.24417368,0.17434716,0.34778818,0.34446895,23.086554,13.421935,178.37982,178.69057,1.4930493,0.413082,0.9322243,1.334183,0.53983116,0.2627819,0.18837647,0.24781604,0.18464483,0.35760537,0.34793788,25.131865,14.394125,178.79514,179.32051,1.5026821,0.4145602,0.9366809,1.3421857,0.5459905,0.0026916862,0.0006133169,0.0036423653,0.010297671,0.009817183,0.0034689307,2.045311,0.9721899,0.41531372,0.62994385,0.009632826,0.0014781952,0.0044566393,0.008002758,0.006159365,0.00016860201,5.644046e-05,0.00030466143,0.0008361149,0.000718943,0.00045082692,0.13132122,0.06949681,0.04525599,0.065320775,0.00083960337,0.00014055597,0.00039735745,0.0006044651,0.00032525434,0.00022736313,7.55105e-05,0.0004524105,0.0013804378,0.0010613496,0.00061789475,0.18152444,0.10090585,0.06537715,0.10726866,0.0013947904,0.00020092448,0.0006181591,0.0010322556,0.0004270347,0.0006905496,0.00020365417,0.0014485866,0.0046316087,0.0036236644,0.001532495,0.44734764,0.31046772,0.18121338,0.38804626,0.0050679445,0.0005661845,0.0018454194,0.0038499832,0.0012071133,0.0048894584,0.0016367733,0.008835182,0.024247333,0.020849347,0.013073981,3.8083153,2.0154076,1.3124237,1.8943024,0.024348497,0.0040761232,0.011523366,0.017529488,0.009432375,0.02108251,0.06057649,0.44734764,PHONE_USAGE
